number,name,ra_h,ra_m,ra_s,dec_d,dec_m,mag,BD_num,BD_mag,Lal_num,Lal_mag,WB_num,WB_mag,ARGEL,Albany,HEIS
1,87 PEG,0,2,35,17,31.0,5.8,7,5.7,,,,,6,6.0,5.7
2,34 PSC,0,3,37,10,26.9,5.5,8,5.8,,,26,7,6,5.8,6
3,CHI PEG,0,8,8,19,30.7,5.2,27,5.0,159,5,193,6,5,5.1,5
4,35 PSC,0,8,32,8,7.6,5.8,19,6.0,182,7.5,119,7.5,6,6.0,6
5,38 PSC,0,10,58,8,10.7,6.9,24,7.0,250,7,,,,,
6,,0,11,31,12,4.7,6.8,34,6.5,,,176,7,,,
7,,0,11,53,10,30.8,6.1,25,6.8,,,180,7,,,
8,41 d PSC,0,14,10,7,29.8,5.3,36,6.2,366,6,223,6.5,5.7,5.7,6
9,,0,14,28,10,17.1,6.5,32,7.2,375,7,(231),7.5,,,
10,,0,14,32,12,4.7,7.2,44,7.2,381,7.5,229,7.5,,,
11,,0,15,57,12,47.3,6.4,25,6.2,415,7.5,253,6.5,,,
12,,0,18,10,13,37.3,6.6,46,7.0,478,7.5,288,6,,,
13,45 PSC,0,19,15,7,0.0,6.9,43,7.3,,,302,7,,,
14,,0,21,1,15,20.0,6.7,59,6.7,581,6.8,,,,,
15,47 PSC,0,21,32,17,12.0,5.4,55,5.4,601,5.5,518,7,5.7,5.6,5.7
16,,0,21,52,9,30.6,6.1,47,6.5,617,6.5,340,7,,,
17,,0,25,3,10,50.6,7.0,57,7.5,730,7.8,392,8,,,
18,,0,25,14,12,13.8,7.3,47,7.2,,,396,8,,,
19,51 PSC,0,25,57,6,15.9,5.8,64,6.2,763,6,484,6.5,6,5.9,6
20,,0,26,48,13,8.9,7.6,69,7.4,792,9,433,8.5,,,
21,,0,27,42,13,49.5,7.5,73,7.5,,,,,,,
22,,0,27,42,9,36.9,7.0,62,6.8,827,7.5,448,7,,,
23,,0,29,27,12,31.7,6.4,59,6.5,892,7,484,7,,,
24,53 PSC,0,30,17,14,32.6,5.8,76,6.1,925,5.5,,,6,6.0,6
25,,0,30,49,10,44.9,6.9,65,7.3,943,8,504,7.5,,,
26,60 PSC,0,40,56,6,3.5,6.2,104,6.8,1273,6.5,689,7,,,6.3
27,62 PSC,0,41,48,6,37.0,6.0,105,7.0,1300,6,708,7,,,
28,,0,41,49,4,38.5,5.9,123,6.0,1299,6.5,,,6,6.0,6
29,,0,45,2,12,6.3,6.8,106,7.0,1416,8,764,8,,,
30,,0,45,56,12,58.2,7.2,104,7.3,1447,9,781,8.5,,,
31,,0,49,36,13,16.5,6.5,127,6.5,1576,7,839,7,,,
32,,0,51,21,13,1.2,6.4,119,6.0,(1640),7,873,6.5,6,,6
33,,0,51,51,6,10.2,6.8,135,7.3,1651,7.5,883,8,,,
34a,77 PSC,0,59,21,4,14.6,5.9,175,6.7,1905,8,,,6,5.9,6
34b,77 PSC,0,59,23,4,14.6,5.9,176,8.2,1908,9,,,6,5.9,6
35,,1,0,30,10,53.0,7.2,128,7.6,1955,8.5,1049,7,,,
36,80 e PSC,1,1,56,4,59.3,5.5,190,6.0,2005,5.8,,,5.7,5.7,5.7
37,,1,3,33,15,0.6,6.2,175,6.4,2068,6.5,14,7,,,6.3
38,,1,4,56,9,37.6,6.6,138,7.0,2123,7.2,39,7,,,
39,,1,5,45,11,37.2,6.9,158,6.8,2143,8,55,7,,,
40,89 f PSC,1,11,21,2,57.4,5.2,185,5.5,2329,5.5,,,5.3,5.2,5
41,,1,21,50,7,18.8,5.9,213,7.0,2677,7,347,7,,,6.3
42,96 PSC,1,22,32,6,38.9,6.6,228,7.2,,,357,8,,,6.3
43,MU PSC,1,23,38,5,29.9,5.0,194,5.0,,,379,6,5,4.9,5
44,,1,26,45,7,34.0,6.7,229,6.8,2824,7.2,439,7,,,6.3
45,,1,28,19,7,38.0,7.2,234,7.3,2883,8,469,7,,,
46,,1,29,5,14,1.3,6.4,240,6.6,2911,7,483,7,,,
47,,1,29,31,7,0.3,7.0,244,6.9,2927,7.8,490,7,,,
48,,1,30,10,7,11.5,6.7,240,6.9,2945,7.2,498,7,,,
49,PI PSC,1,30,29,11,30.0,5.5,205,6.0,2951,5.7,501,6.5,6,5.9,5.7
50,,1,32,33,13,39.1,7.2,255,7.5,2996,7,(541),8,,,
51,,1,34,0,8,7.5,6.5,258,6.7,3070,7.5,579,6.5,,,6.3
52,,1,36,0,9,36.9,7.3,206,8.2,3141,8,633,8,,,
53,OMI PSC,1,38,48,8,31.7,4.3,273,4.5,3212,6,688,9,4,4.1,4.3
54,,1,39,8,7,55.9,6.7,275,7.3,,,,,,,
55,,1,40,31,10,13.2,7.1,241,6.8,3261,7,709,8,,,
56,,1,42,7,7,3.6,7.3,275,7.3,3303,8,736,7.5,,,
57,54 CET,1,44,14,10,25.5,6.2,252,5.5,3380,6,767,7.5,,6.0,6
58,GAM ARI,1,46,40,18,41.0,3.8,243,3.5,3449,4.7,,,3.7,3.8,3.7
59,,1,46,49,12,4.0,7.2,248,7.2,3461,7.5,817,8,,,
60,XI PSC,1,47,5,2,34.2,4.7,290,4.5,3478,5.5,827,5.5,4,4.2,4
61,,1,47,22,10,0.7,7.0,235,7.1,3485,7,830,7,,,
62,BET ARI,1,47,44,20,11.8,2.7,306,2.5,3495,3.2,,,3,2.7,3
63,,1,47,45,10,47.3,7.6,257,8.0,,,834,8,,,
64,,1,47,46,8,9.9,6.8,292,7.0,3504,7.5,837,7,,,
65,ALF PSC,1,55,35,2,9.6,3.8,317,3.5,3768,3.5,,,3.3,3.5,3.3
66,,1,56,17,10,24.9,6.8,275,7.0,3779,7,,,,,
67,,1,57,24,7,29.8,7.2,317,7.5,3803,8,1001,8,,,
68,,1,59,12,6,25.8,6.9,324,7.0,3856,8,1031,7,,,
69,XI ARI,2,18,7,10,2.7,5.6,316,5.7,4449,7.5,268,7,5.3,5.5,5.3
70,,2,20,3,10,0.1,6.7,321,7.0,4510,7.2,305,8,,,
71,,2,20,46,9,38.7,6.7,322,7.3,4532,7.2,316,7.2,,,
72,XI2 CET,2,21,31,7,53.9,4.4,388,4.5,4557,5.5,329,5,4,4.0,4
73,,2,22,55,9,0.4,6.4,385,6.3,4602,7,358,7,,,6.3
74,,2,27,17,11,38.3,7.6,354,7.2,,,,,,,
75,,2,27,40,11,3.4,7.0,340,6.9,4759,8,434,8,,,
76,NU CET,2,29,19,5,2.8,5.1,418,5.3,,,472,5,5,5.1,4.7
77,31 ARI,2,29,49,11,54.3,5.9,360,5.1,,,,,6,5.8,5.7
78,,2,29,58,7,11.1,5.6,402,6.5,4831,6.5,483,7,6,6.0,6
79,,2,31,22,7,9.3,6.5,405,7.3,4879,7.2,511,7,,,
80,DEL CET,2,33,5,-0,12.7,4.0,406,3.7,4928,3.3,547,3.5,4,3.9,4
81,,2,33,40,5,34.4,6.4,374,7.0,4943,7,557,7,6,6.1,6
82,85 CET,2,35,45,10,12.6,6.5,360,7.0,5006,6.5,600,8,6,,6
83,GAM CET,2,36,49,2,42.5,3.2,422,3.5,5045,4,616,3.5,3.3,3.3,3.3
84,37 ARI,2,37,39,14,46.9,6.0,457,6.0,5061,6,,,6,5.9,6
85,38 ARI,2,38,8,11,55.2,5.4,377,5.2,5075,6,634,6,5,5.4,5
86,,2,41,5,14,59.1,7.3,469,7.5,5174,7,684,7.5,,,
87,PI ARI,2,42,19,16,56.6,5.5,355,5.7,5209,5.8,1001,7,5.7,5.6,5.7
88,SIG ARI,2,44,35,14,34.0,5.7,480,6.0,5283,6,744,7,6,5.9,5.7
89,,2,47,3,8,49.4,6.9,443,6.8,5346,8,790,8,,,
90,,2,47,42,7,10.2,7.2,443,7.7,5371,8.5,807,8,,,
91,,2,49,28,5,40.1,7.5,420,7.5,5423,8,,,,,
92,,2,49,33,7,52.7,6.3,450,6.8,5424,7,845,7,,,6
93,EPS ARI,2,52,4,20,50.4,5.0,484,4.2,5488,4.8,1225,6,4.3,4.5,4.3
94,,2,52,45,6,9.3,7.2,460,7.8,5523,8,,,,,
95,LAM CET,2,53,1,8,24.5,4.8,455,4.8,5529,4.5,904,4,4.7,4.7,4.7
96,,2,53,55,10,22.5,6.4,401,7.0,5554,7,929,7,,,6.3
97,,2,59,32,12,42.3,6.0,436,5.2,5725,6.2,1033,7,,,6
98,,3,1,57,7,59.2,6.6,478,6.6,5800,7,,,,,
99,,3,3,49,11,23.9,6.2,445,6.5,5865,7,20,6.5,,,
100,,3,4,30,12,34.3,6.4,452,6.3,5893,,36,7,,,
101,,3,5,48,6,11.4,6.1,496,6.4,5937,6,61,6,6,6.1,6
102,ZET ARI,3,7,43,20,34.8,5.2,527,4.5,5983,5,137,6,4.3,4.7,4.7
103,,3,10,29,6,20.4,7.0,508,7.5,6079,7.5,154,7,,,
104a,,3,10,44,7,13.7,6.9,493,7.5,6084,8,163,8,,,
104b,,3,10,50,7,15.8,6.9,494,8.5,6087,8.5,167,8,,,
105,,3,12,58,12,55.3,7.4,467,7.3,6134,8,205,8,,,
106,,3,17,17,12,11.1,6.3,473,6.0,6268,7,275,6.5,,,6.2
107,OMI TAU,3,18,5,8,35.3,3.4,511,3.8,6287,5,294,5,3.7,3.4,3.7
108,XI TAU,3,20,24,9,17.7,3.5,439,4.0,6360,4.5,335,4.5,3.7,3.5,3.7
109,,3,20,25,12,17.9,6.5,477,7.0,6357,7,334,8,,,6.3
110,,3,21,46,10,57.4,7.0,444,7.0,6400,7.8,359,8,,,
111,4 s TAU,3,23,34,10,54.4,5.6,452,5.3,6454,6,392,6.5,5,5.2,5
112,5 f TAU,3,23,58,12,30.4,4.3,486,4.0,6461,5.5,,,4,4.0,4
113,,3,24,7,5,45.6,6.3,502,6.7,6475,6,400,7,,,6.3
114,,3,25,31,11,7.1,6.8,487,7.3,6508,7.8,426,8,,,
115,6 t TAU,3,25,50,8,57.0,6.0,528,6.2,,,438,7,6,5.9,6
116,,3,26,25,13,21.6,7.2,568,7.5,,,447,8,,,
117,,3,28,10,5,59.9,6.8,511,7.3,6603,7.5,488,7,,,6.3
118,12 TAU,3,33,21,2,39.0,6.1,581,5.8,6744,7,601,7,6,5.9,6
119,,3,34,44,9,40.8,7.7,472,6.8,6752,8,632,8,,,
120,29 u TAU,3,39,2,5,39.4,5.7,539,5.7,,,722,6.5,5.7,5.7,5.7
121,30 e TAU,3,41,25,10,45.4,5.3,486,5.2,7010,5.8,765,6,5,5.2,5
122,,3,41,42,9,15.6,6.8,494,6.5,7021,7.8,772,7.5,,,
123,,3,44,19,12,40.1,6.4,516,7.0,7110,7,,,6,6.1,6
124,31 TAU,3,45,20,6,9.5,5.9,594,6.1,7143,6,855,7,6,6.0,6
125,,3,46,30,7,24.0,7.9,560,7.8,7172,8.5,873,8,,,
126,,3,47,59,8,48.6,7.7,596,7.0,7214,8.5,903,8,,,
127,,3,50,23,5,40.7,6.4,564,7.0,7291,7,949,7,6,6.1,6
128,,3,52,20,13,37.2,7.2,621,6.8,7364,7,998,8,,,
129,,3,52,49,9,58.3,6.6,524,6.9,,,1014,7,,,6.3
130,,3,54,57,9,38.7,5.9,528,5.8,7444,6,1050,7,6,6.0,6
131,,3,56,10,8,52.1,7.0,623,8.0,7475,7.5,,,,,
132,NU TAU,3,56,30,5,38.5,3.9,581,4.0,7490,4.2,1060,4,4,3.8,4
133,,3,57,10,7,51.0,5.9,592,5.9,7518,7,1087,7,6,6.0,6
134,,3,57,37,2,29.3,5.9,645,5.8,7540,7,1095,7,6,5.9,6
135,,3,58,52,9,41.6,6.9,532,7.2,7587,7.5,1119,7,,,
136,,4,1,52,9,46.0,7.1,543,6.5,7695,8,1182,7,,,
137,,4,2,3,13,3.9,6.2,648,6.3,7701,6,1186,7,,,6.3
138,46 TAU,4,6,49,7,23.7,5.9,617,5.5,,,,,6,5.7,5.7
139,,4,6,52,12,26.0,6.6,564,6.0,7872,7,93,7.5,,,
140,,4,7,20,12,1.9,7.0,583,7.0,7892,7,104,8,,,
141,MU TAU,4,8,44,8,34.7,4.4,657,4.5,7937,5,133,5,4.3,4.5,4.3
142a,,4,8,47,5,53.3,6.4,513,8.5,7939,7.5,137,8,6,6.1,6
142b,,4,8,50,5,52.6,6.4,514,7.5,7943,7,140,8,6,6.1,6
143,,4,11,36,9,10.8,6.7,558,7.3,8045,7.8,199,7,,,
144,,4,12,46,9,49.1,6.7,562,6.5,8094,7,222,7,,,
145,,4,14,2,5,49.9,6.2,631,6.5,8126,6.5,248,7,6,6.1,6
146,,4,16,22,11,5.1,6.7,601,6.8,8221,7,304,7,,,
147,,4,17,18,11,52.1,6.7,604,7.0,8261,7,325,7,,,
148,,4,20,35,10,55.8,6.3,577,6.4,8372,6,397,7,6,6.1,6
149,79 b TAU,4,21,50,12,46.1,5.5,598,5.0,,,430,5,5.7,5.7,5.7
150,,4,24,23,6,31.4,7.0,696,7.0,8513,8,479,8.2,,,
151,,4,26,45,12,59.2,6.8,608,7.0,8582,6.5,531,7,,,6.3
152,RHO TAU,4,26,45,14,34.8,5.1,720,5.4,8580,5.5,529,6,5,5.1,5.3
153,,4,26,59,9,9.0,6.6,600,6.8,8595,7.5,537,7,,,6.3
154,,4,27,30,5,18.3,6.0,679,6.0,8611,6.2,554,7,6,6.0,6
155,88 d TAU,4,28,47,9,54.2,4.6,607,4.3,,,591,4,4.7,4.6,4.7
156,,4,29,24,11,9.3,6.9,632,6.7,8669,7.5,600,7,,,
157,90 c TAU,4,31,10,12,15.5,4.5,618,4.0,8719,5,642,5,4.7,4.7,4.3
158,,4,32,9,12,45.4,7.5,620,6.8,8752,7.5,669,8,,,
159,,4,32,20,7,37.3,5.8,681,5.8,8759,7,675,7,6,5.9,6
160,,4,35,24,9,23.8,6.9,628,7.3,8845,8,744,7.5,,,
161,,4,37,30,10,54.7,5.9,621,5.6,8898,6,792,6,6,5.8,6
162,,4,40,38,5,33.7,7.0,728,7.3,9000,7,856,8,,,
163,PI3 ORI,4,43,2,6,44.5,3.2,762,3.3,9059,4.8,900,4,4,3.4,3.7
164,PI2 ORI,4,43,48,8,41.0,4.7,777,5.0,,,918,6,4.7,4.7,4.7
165,97 i TAU,4,44,3,18,37.5,5.6,743,4.5,9082,7,962,6,5.3,5.4,5.3
166,,4,44,16,10,51.2,7.0,654,7.5,9091,8,926,7.5,,,
167,PI4 ORI,4,44,33,5,23.4,3.7,745,4.0,9111,5.5,,,4.3,3.8,4.3
168,,4,44,46,13,26.5,6.6,728,6.8,9109,6.8,943,7,,,
169,,4,44,53,9,45.7,6.3,668,6.2,9115,7,,,6,6.1,6
170,PI5 ORI,4,47,45,2,14.1,3.7,810,3.5,9213,4,1023,4,4,3.9,4
171a,,4,53,57,3,25.8,6.2,736,7.8,9418,8,1162,7.5,6,6.1,6.3
171b,,4,53,59,3,25.8,6.2,737,7.8,9419,7.5,1164,7.5,6,6.1,6.3
172,,4,55,47,7,14.8,6.8,778,7.5,9475,8,,,,,
173,,4,57,42,7,39.3,7.1,787,7.3,9533,8.5,1260,8,,,
174,13 ORI,5,0,48,9,19.3,6.5,736,6.8,,,1343,7,,,6.3
175,,5,0,51,10,43.6,7.0,718,7.1,9631,8,,,,,
176,14 i ORI,5,1,4,8,20.1,5.9,866,5.8,9646,7,1353,7,6,5.8,6
177,16 h ORI,5,2,26,9,39.8,5.9,743,6.0,9693,6,1392,6.5,6,5.9,6
178,,5,3,8,13,23.4,6.8,821,7.0,9713,6.5,,,,,
179,RHO ORI,5,6,46,2,42.6,5.1,888,4.8,,,103,5,5,5.0,5
180,18 ORI,5,9,8,11,11.9,5.9,756,6.0,,,166,7,6,6.0,6
181,21 ORI,5,12,40,2,27.9,5.9,916,6.1,9954,5.8,248,6,5.7,5.8,6
182,,5,14,1,9,35.7,6.7,806,7.0,,,,,,,
183,,5,14,57,8,17.8,6.1,933,6.5,,,,,6,6.1,6
184,23 m ORI,5,16,16,3,25.3,5.2,871,5.3,10088,6,342,6,5.3,5.4,5.3
185,25 ORI,5,18,16,1,43.8,5.4,1005,5.0,10145,5.5,391,5,5,5.3,5
186,PSI ORI,5,20,17,2,59.2,5.0,962,5.3,10212,5.5,,,5,5.0,5
187,32 A ORI,5,24,6,5,51.2,4.8,939,5.5,10350,6,,,5.3,4.9,5.3
188,,5,28,3,5,34.5,6.9,958,7.3,10487,8,656,8,,,
189,LAM ORI,5,28,15,9,50.9,3.5,879,3.5,10497,,,,3.3,3.5,3.3
190,,5,30,7,10,57.4,6.6,828,6.5,10561,7.5,718,7,,,6.3
191,OME ORI,5,32,35,4,2.9,5.0,1002,5.0,10654,5,789,5,5,4.9,5
192,,5,40,0,9,28.4,6.2,954,6.0,,,,,6,6.0,6
193,52 ORI,5,41,17,6,24.5,5.9,1027,5.7,10980,7,,,5.7,5.9,5.7
194,134 TAU,5,42,32,12,36.3,5.1,912,5.1,11019,6,,,5.3,5.4,5.3
195,,5,43,10,9,49.9,6.2,978,6.0,11047,7,1064,6.5,6,6.1,6
196,137 TAU,5,45,16,14,8.3,6.0,1060,6.0,11092,6,1119,7,6,6.0,6
197,,5,47,18,10,33.4,6.7,927,6.5,11157,7.5,,,,,
198,,5,49,36,9,29.3,6.4,1016,6.5,11217,7.5,1226,7,6,6.1,6.3
199,,5,49,50,11,30.1,6.5,975,6.5,11224,6.5,,,6,6.1,6
200,,5,51,51,12,47.7,6.2,968,6.5,11292,7,1287,7,6,6.1,6
201,,5,52,39,8,24.3,7.5,1133,8.0,11330,8.5,1311,8,,,
202,MU ORI,5,55,30,9,38.7,4.7,1064,5.0,11431,4.5,1387,6,4.7,4.6,4.7
203,,5,56,24,7,37.6,7.4,1103,7.7,11456,8,1415,8,,,
204,,5,56,26,11,40.8,6.5,1009,6.5,11455,6.5,,,6,6.1,6
205,63 ORI,5,58,18,5,25.5,6.3,1085,6.4,11524,7,1458,7,6,6.1,6.3
206,NU ORI,6,0,26,14,46.9,4.7,1152,4.0,11602,4.5,1516,6,4.7,4.8,4.7
207,,6,1,57,8,41.2,6.8,1202,7.5,11672,8,1568,8,,,
208,68 ORI,6,4,37,19,48.9,6.3,1253,6.0,,,57,7,6,6.1,6
209,XI ORI,6,4,50,14,14.1,4.7,1187,4.8,11762,5,,,4.7,4.8,4.7
210,69 f1 ORI,6,4,51,16,9.4,5.5,1035,5.8,11759,6,67,6,5.7,5.5,5.7
211,71 ORI,6,7,30,19,11.8,5.7,1270,6.2,11855,6,158,6,5,5.8,6
212,,6,8,3,13,53.1,6.6,1173,6.3,11884,6.5,,,6,6.1,6
213,72 f2 ORI,6,8,13,16,10.8,5.9,1060,5.7,11887,6,,,5.7,5.7,5.7
214,,6,8,58,6,6.2,6.5,1172,7.3,11923,7,210,8,,,
215,75 l ORI,6,10,13,9,59.1,5.9,1173,6.3,11963,6,246,7,6,5.9,6
216,,6,10,14,7,5.7,6.8,1216,7.5,11968,7.5,,,,,
217,,6,10,39,5,8.1,6.5,1168,6.5,,,265,7,,6.0,
218a,,6,12,21,13,28.9,6.9,1199,7.5,12037,7,317,8.5,,,
218b,,6,12,24,13,29.8,6.9,1200,8.5,12039,8.5,319,9,,,
219,,6,13,30,7,46.3,7.0,1243,7.2,12077,7,,,,,
220,,6,13,52,11,48.0,6.6,1128,7.5,12088,7,,,,,
221a,8 MON,6,17,9,4,39.3,4.8,1236,4.9,12221,5.2,,,4.7,4.6,4.7
221b,8 MON,6,17,10,4,39.6,4.8,1237,8.2,12222,7.8,,,4.7,4.6,4.7
222,,6,17,12,8,56.9,6.6,1316,6.4,12216,7,466,7,,,6
223,,6,23,15,9,6.6,6.8,1259,6.9,12442,7,660,8,,,
224,13 MON,6,26,9,7,25.4,5.0,1337,5.0,12540,5.5,,,4.7,4.7,4.7
225,,6,27,12,10,50.2,6.7,1563,7.0,,,799,7,,,
226,,6,28,24,10,5.1,6.7,1186,7.0,,,819,9,,,6.3
227,,6,30,42,10,57.5,7.0,1201,7.1,12692,7,,,,,
228,,6,30,42,6,14.3,6.7,1309,6.5,12699,7.5,,,6,,6
229,,6,34,19,9,6.1,7.2,1345,7.0,,,1001,8,,,
230,,6,34,21,11,7.0,6.9,1273,6.9,,,999,7,,,
231,26 GEM,6,35,8,17,46.0,5.7,1357,5.5,12850,5.5,1031,5.2,5.7,5.8,5.7
232,30 GEM,6,36,56,13,21.1,5.2,1390,5.1,12920,6,1080,5.5,5,5.0,5
233,,6,38,33,9,53.6,7.1,1276,7.5,12981,7.5,1137,7.5,,,
234,16 MON,6,39,43,8,43.0,6.5,1486,6.0,13019,8,1167,7,6,6.1,6
235,17 MON,6,40,33,8,10.2,5.3,1496,5.3,13045,6.5,,,5,5.3,5
236,18 MON,6,41,21,2,32.9,5.2,1397,4.9,13075,5,,,5,4.8,5
237,,6,46,27,11,9.2,6.9,1344,6.8,13269,6.5,,,,,
238,,6,48,47,8,28.9,6.7,1562,6.8,13359,7.5,,,,,
239,,6,50,27,12,4.2,6.7,1361,7.0,13424,6.5,1508,7,,,
240,,6,51,53,7,47.4,6.6,1539,7.0,13477,7,1564,7,,,
241,,6,52,35,7,29.2,6.8,1544,7.0,13496,7,1580,7.5,,,6
242,,6,56,28,9,19.0,6.4,1496,6.5,13641,6.5,1707,7,6,6.0,6
243,,7,0,28,5,6.2,6.5,1543,6.5,13781,6,,,6,6.1,6
244,,7,1,35,11,7.2,7.4,1467,7.5,13815,7.5,1896,8,,,
245,,7,6,55,10,54.1,7.4,1458,7.5,14015,6.5,,,,,
246,,7,8,53,8,11.6,6.4,1712,6.8,14084,7,228,7,,,6.3
247,,7,10,35,6,54.2,6.9,1594,6.9,14137,7.5,,,,,
248,,7,13,3,7,22.4,6.4,1684,7.5,14237,7,355,7,,,6.3
249,1 CMI,7,18,2,11,54.7,5.8,1578,5.8,14398,6,501,9,6,5.8,6
250,6 CMI,7,22,50,12,15.8,5.0,1567,5.0,14588,6,,,5,5.0,5
251,,7,28,41,7,51.2,6.9,1773,7.3,14778,8,843,7.5,,,6.3
252,11 CMI,7,39,24,11,4.5,5.6,1670,5.0,15096,6,1156,7,5.3,5.3,5.7
253,,7,51,23,7,33.0,6.7,1879,6.8,15532,7,1486,7.5,,,6.3
254,,7,52,7,5,57.7,7.0,1840,7.4,15564,7,,,,,6.3
255,,7,54,37,5,13.3,6.0,1857,6.5,15657,,1581,6.5,6,6.1,6
256,8 CNC,7,58,7,13,28.5,5.4,1831,5.8,15761,6,1673,7,6,5.6,6
257,12 CNC,8,1,44,14,0.2,6.5,1831,6.5,15893,7,1776,7,,,6.3
258,,8,4,28,10,11.4,6.4,1746,6.5,15989,7,48,7,,,6.3
259,ZET CNC,8,5,3,18,1.4,5.1,1867,4.7,16004,6.5,53,5.5,4.7,5.0,4.7
260,,8,7,24,13,25.5,6.6,1868,7.2,16100,7.5,131,7,,,
261,BET CNC,8,9,44,9,34.2,3.5,1917,3.7,16175,4.2,201,4,3.7,3.5,3.7
262,21 CNC,8,17,5,11,2.1,6.6,1830,6.5,16443,6,409,7,,,6.3
263,27 CNC,8,19,49,13,4.0,6.3,1912,5.8,16558,6,483,6.5,6,6.0,5.7
264,29 CNC,8,21,39,14,37.4,6.2,1898,6.2,16621,6.5,529,7,6,6.1,6
265,,8,22,52,8,49.9,7.0,2064,7.0,16663,7,564,8,,,
266,,8,26,50,13,41.1,6.6,1940,6.8,16802,7,657,7.5,,,6.3
267,,8,27,8,5,11.0,6.4,1997,6.5,16814,6,665,7,,,6.3
268,,8,27,29,8,52.8,6.5,2077,7.0,16823,6,671,7,6,6.1,6
269,36 c CNC,8,30,19,10,5.3,6.2,1837,6.0,16936,6,751,7.5,6,6.0,6
270,DEL HYA,8,31,3,6,8.3,4.2,2001,4.5,16970,4,772,4.5,4.3,4.3,4.3
271,,8,32,42,8,25.5,6.7,2099,7.5,17038,6.5,,,,,
272,45 A1 CNC,8,36,19,13,7.7,5.9,1972,6.0,17166,6,918,7,6,5.9,6
273,ETA HYA,8,36,41,3,50.8,4.6,2039,5.0,17180,4,926,7,4.7,4.7,4.7
274,DEL CNC,8,37,35,18,36.8,3.9,2027,4.5,17200,4,925,4,4,4.0,4
275,49 b CNC,8,37,58,10,32.0,6.0,1864,6.0,17220,6,959,7,6,6.0,5.7
276,EPS HYA,8,40,9,6,52.6,3.3,2036,3.5,17290,4,1008,5,3.3,3.4,3.3
277,RHO HYA,8,41,49,6,17.9,4.8,2040,4.8,17345,5,,,5,5.0,5
278,,8,43,9,7,28.7,6.9,2036,7.5,17391,7,1083,7,,,
279,,8,45,32,8,32.5,6.7,2134,6.8,17480,6.5,1150,7.5,,,
280,,8,45,48,5,48.5,6.8,2074,7.3,,,1160,7.5,,,
281,,8,50,58,9,52.1,6.5,2093,6.0,17666,6,1285,7.5,,,6.3
282,ALF CNC,8,51,39,12,20.4,4.5,1948,4.3,17693,4,1300,6,4,4.2,4
283,,8,54,55,6,7.8,6.6,2087,6.5,17802,6,1385,7.5,,,6.3
284,,8,56,6,7,47.4,6.2,2066,6.5,17845,6,1414,7,,,6.3
285,,8,56,36,7,18.4,6.8,2068,7.0,17866,7,1423,7,,,
286,KAP CNC,9,0,59,11,10.2,5.4,1984,5.5,17995,4.5,1515,7,5,5.6,5
287,,9,1,24,12,27.2,7.5,1973,7.5,18004,7.5,1524,8.5,,,
288,,9,2,59,12,4.3,6.6,1979,7.0,18058,7,,,,,6.3
289,,9,4,44,9,29.2,7.1,2133,6.8,18120,6.5,59,7,,,
290,,9,11,11,8,28.1,7.0,2199,7.2,18323,7,,,,,
291,,9,12,47,10,18.9,7.1,1972,7.2,,,,,,,
292,,9,13,17,5,44.6,6.6,2158,7.1,18385,6.5,244,7,,,
293,,9,14,29,13,38.7,6.7,2074,7.0,18421,7,269,8,,,
294,,9,16,51,8,15.0,7.0,2215,7.3,18487,7.5,325,8,,,
295,,9,17,6,5,45.2,6.9,2169,7.5,18499,6.5,,,,,
296,,9,17,54,6,53.3,6.8,2169,7.2,18532,7,347,8,,,
297,,9,20,43,6,46.9,6.9,2177,7.3,18600,7.5,414,8,,,
298,OME LEO,9,21,46,9,36.0,5.9,2188,5.3,18619,5,438,6,6,5.8,5.7
299,3 LEO,9,21,50,8,43.9,6.3,2226,6.0,18632,6,441,6,6,6.0,6
300,XI LEO,9,25,13,11,51.2,5.4,2053,5.3,,,515,6,6,5.6,5.3
301,6 h LEO,9,25,15,10,16.0,5.6,2014,6.0,18728,5.5,517,6.5,6,5.6,5.7
302,,9,28,13,13,12.7,6.8,2117,6.5,18823,7,,,,,
303,10 LEO,9,30,37,7,23.7,5.4,2160,5.8,18893,5,649,6,6,5.4,6
304,,9,31,56,5,12.8,5.1,2207,5.0,18940,5,683,6,5,5.0,5
305,OMI LEO,9,34,29,10,27.7,3.7,2044,3.7,19007,3.5,732,4,3.7,3.6,3.7
306,,9,40,39,9,8.9,7.0,2239,7.0,19191,6.5,,,,,
307,,9,44,6,12,25.5,6.9,3005,6.8,19289,7,931,7,,,
308,23 LEO,9,44,16,13,39.0,6.7,2164,6.5,19293,6.5,937,8,,,6.3
309,,9,47,29,8,39.9,7.4,2285,7.2,19380,8,1002,7,,,
310,,9,49,19,8,16.2,7.0,2289,7.5,19426,6.5,1035,7,,,
311,,9,49,49,9,31.5,6.1,2262,6.2,19440,5.5,1047,7,,,6
312,PI LEO,9,53,36,8,38.6,5.2,2301,5.0,19549,4,1127,6,5,4.9,5
313,14 SEX,10,0,15,6,13.2,6.6,2259,6.9,19728,6.2,1268,7,,6.1,6.3
314,ETA LEO,10,0,31,17,22.3,3.7,2171,3.4,19730,3.2,1271,3,3.3,3.4,3.3
315,31 A LEO,10,1,16,10,36.6,4.5,2112,5.0,19744,4.2,1290,4.5,5,4.8,4.7
316,16 SEX,10,2,42,6,47.0,6.9,2265,7.1,19772,6.8,2,7,,,
317,19 SEX,10,6,18,5,13.9,6.2,2301,6.5,19861,6,69,7,6,5.9,6
318,42 LEO,10,15,7,15,36.3,6.3,2192,6.3,20087,6,274,6,,,6
319,44 LEO,10,18,40,9,25.2,6.0,2351,6.0,20191,5.8,295,6,6,6.0,6
320,,10,20,35,11,57.0,6.9,2211,7.2,20260,7,331,7,,,6.3
321,45 LEO,10,21,3,10,23.9,6.4,2152,7.0,20272,6,344,7,6,6.0,6
322,RHO LEO,10,26,14,9,57.0,3.9,2166,4.1,20421,4,438,4,4,3.8,4
323,48 LEO,10,28,17,7,35.8,5.5,2330,6.3,20473,6,476,6.5,6,5.7,5.7
324,49 LEO,10,28,29,9,17.7,6.0,2374,6.2,20479,6,482,7,,6.0,6
325,,10,39,42,13,24.4,6.9,2302,6.5,20748,6.5,,,,,6.3
326,52 k LEO,10,39,48,14,51.2,5.9,2294,5.8,20751,5.5,,,6,6.0,5.7
327,53 l LEO,10,42,41,11,12.4,5.5,2283,5.3,20826,5,743,6,5,5.5,5.3
328,,10,44,35,12,14.6,7.1,2266,6.8,20876,7,781,7.5,,,
329,,10,53,9,12,12.4,6.6,2284,6.5,19532,9,937,7,,,
330,58 d LEO,10,54,6,4,17.3,5.3,2407,4.5,21125,5,952,6,5,5.0,4.7
331,,10,56,2,9,50.7,7.2,2441,7.5,21177,7,987,8,,,
332,,10,57,59,13,20.4,6.7,2348,6.5,,,1025,7,,,6.3
333,CHI LEO,10,58,34,8,0.7,4.8,2455,5.2,21242,4.5,1036,5.5,5,4.8,4.7
334,,11,7,32,8,44.7,6.3,2476,7.0,21468,6,85,7,6,6.1,6
335,73 n LEO,11,9,20,13,59.3,5.9,2367,5.4,,,,,6,5.7,5.7
336,,11,12,27,14,57.4,6.7,2321,7.4,21571,7,210,7,,,
337,SIG LEO,11,14,41,6,42.9,4.1,2437,4.3,21633,4.2,223,5,4,4.0,4.3
338,,11,15,22,9,51.3,6.7,2482,7.4,,,235,7,,,6.3
339,IOT LEO,11,17,24,11,13.1,4.0,2348,4.1,21693,3.5,269,5,4,4.0,4
340,79 LEO,11,17,38,2,5.6,6.0,2418,6.0,21700,5.5,273,6,6,6.0,5.7
341,,11,18,30,12,7.0,6.3,2335,6.1,21722,6,287,7,6,6.1,6
342,,11,19,50,9,20.8,7.0,2494,7.0,21766,6.5,321,8,,,
343,TAU LEO,11,21,31,3,32.7,5.3,2504,5.0,21818,4.5,348,6,5,5.2,5
344,,11,21,32,12,39.7,6.8,2338,7.0,21816,6.5,,,,,
345,,11,23,13,8,17.3,6.9,2512,7.5,21860,6.2,381,7,,,6.3
346,,11,31,43,9,34.5,6.4,2523,6.8,22058,6.5,533,7,,,6.3
347,XI VIR,11,38,50,8,57.2,5.3,2545,5.0,22223,4.5,660,6.5,4.7,4.8,4.7
348,NU VIR,11,39,26,7,13.8,4.0,2479,4.3,22242,4,668,6,4.3,4.1,4.3
349,4 A1 VIR,11,41,30,8,56.4,5.8,2549,6.0,22292,4.5,706,7,6,5.9,6
350,BET VIR,11,44,11,2,28.1,3.7,2489,3.3,22343,3,745,3,3.3,3.3,3.3
351,,11,44,31,12,58.4,6.7,2465,6.2,,,,,6,,6
352,6 A2 VIR,11,48,39,9,8.3,6.1,2560,5.5,22447,5.5,817,7,6,6.0,6
353,7 b VIR,11,53,33,4,21.1,5.8,2556,5.8,22572,5.8,899,6.5,6,5.8,5.7
354,PI VIR,11,54,28,7,18.7,4.9,2502,4.5,22590,5,919,6,4.3,4.5,4.3
355,,11,54,50,13,4.4,6.8,2482,7.2,22601,7,926,7,,,
356,,11,56,30,13,30.3,6.7,2485,8.0,22643,7,952,8,,,
357,OMI VIR,11,58,51,9,25.7,4.2,2583,4.2,,,991,6,4,4.1,4
358,,12,0,47,13,41.0,6.8,2482,7.2,22741,7,,,,,
359,10 VIR,12,3,17,2,36.0,6.4,2517,6.4,22807,6.5,14,7,6,6.1,5.7
360,11 VIR,12,3,42,6,30.1,6.1,2559,6.5,22818,6,19,6,6,5.9,6
361,12 VIR,12,7,4,10,57.5,5.9,2440,6.4,22913,6.5,79,7,6,6.1,6
362,6 COM,12,9,39,15,35.7,5.4,2436,5.1,22984,5.5,170,5.8,5,5.2,5
363,ETA VIR,12,13,31,0,1.7,4.0,2926,3.2,23090,3.3,191,4,3.3,3.6,3.3
364,,12,13,45,14,33.0,7.0,2489,7.2,23106,7,197,7,,,6.3
365,16 c VIR,12,14,0,4,0.6,5.5,2604,5.2,23113,4,207,6,5,5.3,5
366,11 COM,12,14,24,18,29.0,5.1,2592,4.5,23127,4.5,280,6,5,5.0,5
367,17 VIR,12,16,11,6,0.1,6.6,2599,7.1,23167,6,241,7,,,
368,,12,21,20,9,18.2,6.6,2628,6.5,23299,7,328,7,,,6.3
369,,12,25,0,8,17.7,6.4,2609,6.5,23410,6.5,398,,,,6.3
370,20 VIR,12,26,43,10,59.1,6.6,2473,6.4,23459,6,423,7,,,6.3
371,24 COM,12,28,51,19,3.9,5.4,2584,4.3,23526,5.8,595,7,5,5.0,5
372,,12,30,48,9,29.1,6.7,2648,7.0,23588,6.5,491,7,,,
373,RHO VIR,12,35,33,10,55.5,5.0,2485,5.2,,,575,5.5,5,4.9,5
374,31 d1 VIR,12,35,37,7,29.6,5.8,2568,6.0,23697,6,,,6,5.7,6
375,32 d2 VIR,12,39,18,8,21.4,5.7,2639,6.0,23787,6,649,6.5,6,5.6,6
376,33 VIR,12,40,1,10,14.5,6.1,2468,6.4,23834,5.8,659,6,6,5.9,6
377,27 COM,12,40,24,17,15.6,5.6,2533,5.2,23818,5,814,6,5,5.2,5
378,,12,40,41,6,38.2,6.5,2660,6.7,23824,6.5,669,7,,5.9,6.3
379,34 VIR,12,40,56,12,38.5,6.4,2512,6.5,23836,6,674,6.5,,6.0,6.3
380,28 COM,12,41,59,14,14.2,6.8,2546,6.5,23873,6.5,696,7,,,6.3
381,41 VIR,12,47,33,13,5.9,6.5,2602,6.0,24029,6,790,7,6,6.1,6
382,DEL VIR,12,49,18,4,4.6,3.5,2669,3.0,24078,3,827,4,3,3.3,3
383,,13,2,31,5,54.8,6.9,2697,6.8,24414,6.5,1063,7,,,
384,,13,2,57,10,41.4,6.1,2516,6.7,24430,5.8,8,6.5,,6.0,6
385,42 COM,13,3,55,18,11.5,4.5,2697,5.0,,,,,4.3,4.4,4.7
386,,13,8,17,11,59.8,6.0,2572,6.4,24586,5.5,104,7,6,5.9,6
387,,13,9,31,8,36.8,7.1,2690,7.0,24611,6.5,127,7,,,
388,59 e VIR,13,10,36,10,4.5,5.6,2531,6.0,24646,5.5,149,5.5,5,5.4,5.7
389,,13,11,5,14,20.0,5.8,2591,5.5,24662,5.5,161,6,6,5.7,5.7
390,SIG VIR,13,11,18,6,7.7,5.4,2722,5.2,24666,5,162,6,5,4.9,5
391,64 VIR,13,15,52,5,48.7,6.1,2737,6.5,24783,6,240,7,6,6.0,6
392,,13,18,20,13,5.0,6.7,2663,6.5,24844,6.5,275,7,,,6.3
393,70 VIR,13,22,20,14,26.8,5.4,2621,5.5,24926,6,335,5,5,5.1,5.3
394,71 VIR,13,23,2,11,28.0,6.0,2575,6.4,24951,6,352,7,6,6.0,6
395,,13,23,40,6,39.5,6.7,2750,7.0,24967,6.2,364,7,,,6.3
396,,13,23,44,7,49.5,6.5,2655,6.7,24972,6,365,6.5,,,6.3
397,,13,24,26,9,57.8,7.1,2553,7.5,24991,7,377,7,,,6.3
398,,13,26,51,6,29.7,6.7,2756,7.0,25050,6.5,428,7,,,6.3
399,o VIR,13,27,48,4,18.1,5.2,2764,5.0,25083,5.3,446,7,5,5.0,5
400,ZET VIR,13,28,19,0,2.7,3.6,3076,3.5,25101,3,457,4,3.3,3.2,3.3
401,,13,28,53,13,9.3,6.8,2683,6.7,25122,7,470,7,,,6.3
402,,13,29,38,8,55.9,7.2,2785,7.3,25140,6.8,488,7,,,6.3
403,,13,33,25,11,22.9,5.9,2589,5.7,25224,6,557,7,5,5.3,5
404,,13,36,4,9,1.5,6.4,2798,6.5,25288,6,600,7,,6.1,
405,,13,39,3,10,57.3,6.7,2599,6.9,25363,6.5,655,7,,,
406,TAU BOO,13,41,20,18,4.8,4.7,2782,4.6,25426,4.5,849,5,4.7,4.9,4.7
407,UPS BOO,13,43,27,16,25.1,4.2,2564,4.2,25473,4.5,,,4.3,4.2,4.3
408,TAU VIR,13,55,17,2,9.0,4.4,2761,4.2,25747,5,934,5,4,4.2,4
409,,13,56,25,10,17.6,6.4,2617,6.6,25792,6,960,7,,,
410,,13,57,23,11,24.3,6.4,2615,7.0,25818,6,983,6.5,,,
411,,13,57,25,8,8.8,6.6,2810,7.0,25816,6,982,7,,,6.3
412,,13,57,39,5,30.2,6.5,2836,6.5,25827,6,,,,,6.3
413,,14,7,45,12,35.1,6.9,2667,6.8,26076,6.5,101,7,,,6.3
414,14 BOO,14,8,5,13,32.8,6.0,2764,6.2,26086,6,106,6,6,5.7,5.7
415,,14,8,38,14,34.0,6.8,2718,6.8,,,,,,,6.3
416,15 BOO,14,8,44,10,41.5,5.8,2654,5.3,26100,5.5,121,6,6,5.5,5.3
417,,14,10,6,6,39.7,7.6,2863,7.3,,,146,8,,,
418,,14,11,29,15,50.6,6.4,2690,6.2,26156,6.5,220,6,,,6.3
419,,14,12,30,11,5.3,7.5,2662,7.0,26181,7,,,,,
420,18 BOO,14,13,13,13,34.9,5.8,2782,5.7,26202,6,215,6,6,5.7,5.7
421,,14,20,55,10,32.8,7.4,2685,7.4,26399,7.2,365,8,,,
422,,14,22,27,10,53.4,7.2,2688,7.7,26436,8,389,8,,,
423,,14,24,30,5,19.8,6.4,2886,6.3,26492,6,427,7,,,6.3
424,,14,26,48,5,52.8,6.9,2889,7.2,26544,6.5,464,7,,,
425,32 BOO,14,35,44,12,12.1,6.0,2729,5.3,26777,6,638,6,6,6.0,5.7
426,,14,39,18,11,7.7,7.4,2718,6.5,26885,7,708,7,,,
427,,14,39,54,13,38.0,7.0,2838,7.2,26914,7,722,7,,,
428,,14,42,41,6,28.9,6.8,2946,7.5,26980,6,777,7.5,6,,6.3
429,,14,43,34,8,30.4,7.1,2925,7.5,27017,7,794,7,6,,6
430,XI BOO,14,45,37,19,37.3,4.9,2870,5.0,27073,5,959,4,4,4.1,4.7
431,,14,47,29,6,45.2,6.8,2957,6.7,27135,6.5,880,7,6,,6
432,,14,49,12,7,17.6,6.9,2865,7.5,27162,7,907,7,6,,6.3
433,,14,50,19,14,57.2,6.2,2796,6.2,27213,6,927,6.5,6,6.0,6
434,,14,53,8,5,4.1,6.4,2954,6.2,27297,6,983,7,6,6.0,6
435,,14,57,54,5,59.2,6.7,2983,6.3,27430,7.8,1074,7.5,,,
436,,15,1,28,5,58.9,6.5,3001,6.3,27541,6,1141,7,6,6.1,6
437,,15,9,44,6,55.8,6.8,2926,7.1,27817,6.8,147,7,,,
438,7 SER,15,16,28,13,1.0,6.5,2928,6.4,28037,10,273,7,,,6.3
439,,15,28,19,5,9.1,7.1,3037,7.5,28370,7,501,7,,,
440,,15,29,55,6,36.0,7.3,3069,7.5,28427,7.2,532,8,,,
441,CHI SER,15,35,54,13,15.0,5.8,2982,5.5,28606,6,669,6,6,5.8,5.7
442,IOT SER,15,35,59,20,4.5,4.8,3138,4.5,28616,5,850,5,4.7,4.4,4.7
443,UPS SER,15,41,29,14,30.1,6.2,2939,6.0,28772,6,,,6,6.0,6
444,KAP SER,15,43,7,18,31.8,4.4,3074,4.0,28823,4.2,1048,4,4,3.9,4
445,GAM SER,15,50,40,16,4.3,3.9,2849,3.8,,,1242,3,3.7,3.6,3.7
446,,15,54,39,4,46.7,6.2,3096,6.1,29138,5.5,1015,6.5,,6.1,6
447,43 SER,15,57,35,5,20.0,6.4,3131,6.5,29235,6,1070,7,,,6.3
448,45 SER,16,1,40,10,13.7,6.0,2958,6.2,29384,6,1156,6,6,6.1,6
449,47 SER,16,2,26,8,52.1,6.2,3141,6.4,29417,6,1,6.5,6,6.1,6
450,,16,8,5,6,13.3,6.7,3184,7.0,29598,6.2,127,7,,,
451,,16,8,39,8,10.5,6.9,3158,7.0,29624,6.5,144,7,,,
452,SIG SER,16,15,45,1,19.4,5.4,3215,5.0,,,,,5,5.2,5
453,GAM HER,16,16,25,19,26.9,3.8,3086,3.0,29830,4,454,4,3,3.5,3.3
454,,16,18,6,7,14.3,6.2,3164,6.0,29867,6,323,6.5,6,6.1,6
455,OME HER,16,19,39,14,19.4,4.8,3049,5.2,29911,5.5,355,4,5,4.8,5
456,,16,23,43,16,14.9,7.1,3236,7.0,,,429,7,,,
457,,16,23,44,8,1.5,7.3,3110,7.3,,,431,7,,,
458,LAM OPH,16,24,37,2,15.6,3.8,3118,4.0,30048,4,440,5,3.7,3.8,3.7
459,,16,25,28,8,33.6,7.0,3215,7.7,30073,7.5,,,,,
460,,16,25,58,9,41.1,6.8,3218,6.8,30085,6,466,7,,,
461,28 n HER,16,26,27,5,47.4,6.0,3223,5.9,30097,6,474,7,6,6.0,6
462,,16,27,38,10,38.1,6.7,3025,7.0,30136,7,510,7,,,
463,,16,31,24,5,31.9,6.8,3240,6.8,30243,7,577,7,,,
464,,16,32,2,13,56.6,6.7,3177,6.0,30269,6,598,6,,,
465a,36 HER,16,34,24,4,27.0,5.9,3234,7.5,30335,7.2,642,7.5,6,6.1,6
465b,37 m HER,16,34,27,4,27.9,5.9,3235,6.1,30339,6.2,643,6.5,6,6.1,6
466,,16,35,2,12,38.4,6.4,3063,6.0,30371,6,,,,,6.3
467,41 HER,16,38,55,6,20.0,6.8,3288,6.5,30480,6.8,731,7,,,
468,,16,39,43,15,58.7,6.1,3013,6.1,30513,,1217,,6,6.0,6
469,43 i HER,16,39,50,8,48.7,5.9,3271,5.6,30512,5,750,5.5,5.7,5.7,5.7
470,45 l HER,16,41,37,5,28.4,5.7,3272,5.3,30559,5.8,,,6,5.8,5.7
471,,16,43,48,13,28.9,6.1,3233,5.6,30633,6,826,6,6,6.0,6
472,IOT OPH,16,48,6,10,22.4,5.0,3092,4.1,30751,4.5,898,4.5,4.3,4.4,4.3
473,,16,49,30,13,49.5,6.7,3258,6.3,30793,6,924,7,,,
474,54 HER,16,49,53,18,38.1,6.0,3266,4.8,30808,6,1519,5.5,6,6.0,5.3
475,,16,51,14,6,24.5,7.3,3322,7.0,30838,6.5,950,7,,,
476,,16,54,23,6,46.4,6.8,3332,7.0,30930,6.5,1008,7,,,6.3
477,,16,55,15,7,36.9,7.2,3287,7.2,,,,,,,
478,,16,55,49,8,37.8,6.6,3337,6.5,30979,6,1044,7,,,6.3
479,60 HER,16,59,35,12,54.8,5.4,3142,4.5,31096,5,1109,6,5,5.2,5
480,,17,0,19,10,37.5,6.6,3142,6.8,31124,6.5,,,,,
481,,17,3,46,10,12.3,7.2,3153,7.5,31236,7,28,7.5,,,
482,,17,4,57,12,37.5,6.8,3161,7.0,31270,7,49,7,,,
483,,17,5,43,8,2.9,6.5,3367,6.2,31288,6,62,7,,,6.3
484,37 OPH,17,6,34,10,44.3,5.9,3165,5.8,31309,5.8,,,6,5.7,5.7
485,e OPH,17,12,44,11,0.1,5.7,3156,5.0,,,,,5,5.3,5
486,,17,12,46,6,13.1,6.6,3386,7.0,31476,6.5,196,7,,,
487,,17,17,59,8,58.2,6.1,3405,6.2,31665,5.5,298,6,6,6.0,6
488,,17,20,17,7,42.4,6.3,3368,6.5,31741,6,,,6,6.1,6
489,SIG OPH,17,20,19,4,15.0,4.7,3422,4.0,,,,,5,4.5,4.3
490a,,17,22,1,11,29.8,7.0,3183,8.6,31798,9,371,9,,,
490b,,17,22,2,11,29.7,7.0,3184,7.0,31799,7.5,372,7,,,
491,,17,22,54,10,38.3,7.3,3216,7.2,31835,7,390,7,,,
492,,17,24,33,12,1.3,6.4,3234,6.5,31891,8.5,433,6,,,
493,,17,26,26,12,1.3,6.5,3241,6.7,31957,8,469,6,,,
494,53 f OPH,17,28,41,9,40.3,5.8,3424,6.7,32029,6.5,518,7,6,6.0,6
495,,17,32,50,2,6.1,6.5,3373,6.7,32176,7,619,7,,6.1,6
496a,61 OPH,17,38,17,2,38.1,5.9,3390,6.5,32378,7,729,6.5,6,6.1,6
496b,61 OPH,17,38,19,2,38.1,5.9,3391,6.5,32380,7,730,6.5,6,6.1,6
497,,17,38,36,14,28.0,6.4,3329,6.0,32410,6,744,7,6,6.1,6
498,,17,39,35,11,11.8,7.4,3251,7.2,32434,7,757,7,,,
499,GAM OPH,17,41,38,2,45.4,3.8,3403,3.5,32494,3,805,4,3.7,3.6,3.7
500,,17,42,7,3,50.9,6.6,3493,6.9,32514,6,815,6.5,,,6.3
501,,17,47,9,6,7.7,6.2,3556,5.9,32707,6,,,,6.1,6.3
502,,17,48,23,11,10.0,6.6,3283,6.5,32762,6.5,962,6.5,,,6.3
503,,17,50,52,6,30.6,6.5,3578,6.8,,,,,,,6.3
504,,17,51,36,11,3.7,6.4,3299,6.5,,,1038,6,,,6.3
505,66 OPH,17,54,4,4,22.7,5.4,3570,5.3,,,1100,5,5,5.0,5
506,,17,54,15,8,51.8,7.2,3555,7.0,32991,7,1112,7,,,
507,67 OPH,17,54,25,2,55.7,4.2,3458,4.0,32990,8.5,1114,4,4,3.9,4
508,93 HER,17,54,29,16,45.6,5.3,3335,4.9,33009,4.5,1700,5,5,4.9,5
509,,17,54,47,6,16.5,6.7,3597,7.0,33008,6.5,1122,7,,,
510,,17,54,48,9,34.2,7.4,3534,7.0,33015,7,1124,7,,,
511,68 OPH,17,55,25,1,18.7,5.1,3560,4.5,33027,5.5,,,4.3,4.4,4.7
512,,17,55,42,11,17.4,7.3,3315,7.5,33059,8,1145,7,,,
513,70 OPH,17,59,8,2,31.8,4.2,3482,4.0,33169,5,1228,5,4.3,4.1,4.3
514a,,17,59,52,11,59.7,6.7,3382,7.6,33197,8.5,,,,,6.3
514b,,17,59,55,11,59.7,6.7,3383,7.5,33199,8,,,,,6.3
515,71 OPH,18,1,20,8,43.2,5.0,3582,5.0,33262,4.5,,,5,4.9,5
516,72 OPH,18,1,26,9,32.9,3.6,3564,3.3,,,1282,5,3.3,3.7,3.3
517,,18,2,3,13,3.3,6.6,3529,6.7,33302,6,,,,,
518,,18,2,52,14,16.1,6.4,3427,6.5,,,14,7,,,6.3
519,73 OPH,18,3,21,3,58.4,6.0,3610,6.2,33333,6.5,,,6,6.1,6
520,,18,3,38,3,6.2,6.2,3613,6.5,,,28,6,6,6.0,6
521,,18,4,25,3,18.1,5.8,3620,6.0,33376,6,46,6,,5.9,
522,,18,7,36,11,51.3,6.9,3379,6.9,33505,,,,,,
523,,18,12,20,13,43.8,6.4,3593,6.1,33719,6,253,6,,,
524,,18,12,38,12,56.0,6.8,3461,6.7,33728,6.5,259,7,,,
525,74 OPH,18,14,38,3,19.4,5.5,3620,6.0,33799,5.5,,,5,5.2,5
526,,18,15,20,5,22.9,6.5,3704,6.9,33827,6,,,,,6.3
527,,18,16,17,7,29.6,7.3,3657,7.0,,,,,,,
528,,18,16,46,11,58.2,6.1,3442,6.0,33895,7,,,,,6
529,,18,19,0,5,1.0,7.0,3730,7.0,34036,7,,,,,
530,,18,21,52,6,7.2,6.0,3790,6.5,34128,5.5,,,,,
531,,18,27,23,8,10.6,6.6,3741,6.2,34350,6,,,,,
532,,18,28,55,10,47.7,6.7,3573,6.7,32424,6.5,668,6,,,
533,,18,30,30,9,1.5,5.7,3783,5.3,,,710,5,6,5.9,5.3
534,,18,30,35,6,34.7,5.8,3855,5.8,34486,5,,,6,6.0,5.7
535,,18,39,19,5,22.3,5.9,3941,6.3,34820,6,,,,,
536,,18,39,53,11,22.1,7.1,3592,6.7,34854,7.5,984,7,,,
537a,,18,42,1,11,1.8,7.2,3660,8.0,34963,8.5,,,,,
537b,,18,42,4,11,0.1,7.2,3663,7.5,34965,7.5,,,,,
538,,18,44,53,10,49.9,6.9,3685,6.7,35075,6.8,1115,7,,,
539,,18,46,18,13,49.1,6.6,3787,5.9,35150,6,1152,6.5,6,6.1,6
540,,18,48,29,10,39.2,7.0,3720,7.0,,,,,,,
541,62 SER,18,49,22,6,27.7,5.8,3978,5.8,35270,6,1234,6,6,6.0,6
542a,THE SER,18,49,59,4,2.5,4.4,3916,4.0,,,1252,4.5,3.7,3.9,3.7
542b,THE SER,18,50,1,4,2.4,4.4,3917,4.3,,,1255,4.5,3.7,3.9,3.7
543,,18,52,17,6,4.8,6.6,3989,6.8,35395,6,1303,7,,,
544,,18,52,41,17,11.7,5.7,3799,5.8,35421,6,1593,6.5,5,5.5,5.7
545,10 AQL,18,53,3,13,44.4,6.5,3838,6.4,35430,6,1324,7,,,6.3
546,11 AQL,18,53,20,13,27.5,5.8,3841,5.3,35436,5,1332,6.5,5,5.3,5
547,,18,53,22,9,58.3,6.8,3951,6.5,35434,7,1329,7,,,
548,,18,56,21,8,11.6,6.8,3951,6.5,35562,6,1408,7,,,
549,,18,59,11,9,27.3,6.9,3979,7.0,35697,6.5,,,,,
550,18 AQL,19,1,6,10,52.8,5.6,3787,5.2,35789,5.5,1551,5,5,5.0,5
551,,19,2,14,9,23.1,7.7,3592,7.0,35832,8,1582,8,,,
552,19 AQL,19,2,53,5,52.7,5.7,4040,5.0,35860,5.5,9,6,5.3,5.6,5.7
553,,19,7,35,5,18.3,6.7,4081,6.0,36099,6.5,145,7.5,,,6
554,,19,7,54,8,49.3,7.6,4007,7.3,36122,7,155,7.5,,,
555,,19,8,37,5,50.1,7.2,4087,7.0,36147,7,169,7.5,,,
556,,19,9,38,14,52.0,6.0,3846,6.1,36207,6,200,7,5.7,5.8,6
557,22 AQL,19,10,20,4,36.9,6.1,4045,5.7,36225,5.8,209,6.5,6,6.1,6
558,,19,10,43,14,19.5,6.2,3852,5.9,36268,,,,5.7,5.9,5.7
559,OME AQL,19,11,57,11,22.3,5.7,3790,5.4,36319,6,255,5.5,5.3,5.7,5.3
560,,19,12,55,12,23.7,6.8,4057,6.0,36356,6,,,,,
561,28 A AQL,19,13,49,12,8.7,5.9,3879,5.5,,,309,7,6,5.9,6
562,,19,14,0,11,18.3,6.6,3802,6.2,,,,,,6.1,6.3
563,,19,15,7,13,20.7,7.5,3988,7.0,,,,,,,
564,,19,16,51,9,40.1,6.6,4081,6.5,36542,6,378,7,,,6
565,31 b AQL,19,19,0,11,40.5,5.6,3833,5.5,36647,6.5,,,5.3,5.4,5.3
566,,19,20,36,12,46.4,6.2,3907,6.0,36715,6.5,474,7,6,6.0,6
567,,19,21,49,14,1.9,6.6,4020,6.0,36781,,511,7,6,,6
568,35 c AQL,19,22,42,1,41.9,6.1,4010,6.3,36803,5,531,7,5.7,6.1,6
569,,19,23,38,14,20.4,5.9,3936,6.0,36867,6,562,6,6,6.0,6
570,,19,24,18,3,11.1,6.3,4043,7.0,36890,6.5,573,7,,,6.3
571,MU AQL,19,27,59,7,6.9,5.3,4132,4.8,37044,4.5,,,4.7,4.7,4.7
572,,19,29,8,2,38.2,6.6,3932,7.2,37085,6.5,703,8,,,6.3
573,,19,30,58,10,59.8,6.5,3984,6.1,37191,6,760,6.5,6,6.1,6
574,,19,32,34,3,6.0,6.4,4097,7.0,37262,6.5,,,,,6.3
575,SIG AQL,19,33,1,5,6.9,5.7,4225,5.0,37279,5,819,6,5,5.4,5
576,,19,35,18,13,31.6,6.1,4098,5.8,37394,6,884,7.5,6,6.1,6
577,CHI AQL,19,36,41,11,32.0,5.8,3955,5.7,37451,5.2,921,6,6,5.7,5.7
578,PSI AQL,19,38,45,13,0.3,6.2,4059,6.0,37536,6.5,972,7,6,,6.3
579,UPS AQL,19,39,35,7,18.8,6.2,4210,6.0,37569,5.5,990,5,6,6.0,6.3
580,PI AQL,19,42,49,11,30.4,6.6,3994,5.8,,,1064,7,6,6.1,6
581,o AQL,19,45,2,10,6.3,5.7,4073,5.5,,,1118,6,5.7,5.8,5.7
582,XI AQL,19,48,11,8,8.4,5.3,4261,5.2,37897,4.5,1201,5.5,5,4.8,5.3
583,,19,48,34,6,48.9,6.6,4351,7.0,,,,,,,6.3
584,PHI AQL,19,50,19,11,5.6,5.7,4055,5.5,38001,5.2,1242,6,5.3,5.4,5.3
585,14 SGE,19,57,47,15,40.9,6.0,4033,5.0,,,1868,6.5,6,6.0,5.7
586,TAU AQL,19,58,2,6,55.6,5.9,4416,6.0,38332,5.5,,,5.7,5.9,6
587a,,20,0,33,7,12.2,6.8,4366,8.3,38426,8,1496,7,,,
587b,,20,0,33,7,13.2,6.8,4367,7.8,38442,7.5,1497,7.5,,,
588,,20,1,49,9,2.3,6.6,4344,6.5,38506,6.2,1531,7,6,,6
589,,20,2,41,10,21.8,6.4,4189,6.0,38554,6,9,7.5,6,,6
590,,20,4,5,8,5.1,6.7,4358,6.5,38612,6.5,45,6.5,,,
591,,20,7,9,11,28.7,6.6,4180,6.3,38757,7,,,,,
592,RHO AQL,20,8,29,14,49.1,5.4,4227,5.0,38818,5.5,,,5,4.9,5
593,,20,8,53,10,5.0,7.0,4224,7.0,38830,6.5,,,,,
594,,20,9,24,9,46.3,7.3,4461,7.5,38849,7,190,8.5,,,
595,,20,10,58,8,34.7,6.5,4393,6.7,38934,6.2,231,6,,,
596,,20,14,41,17,24.1,6.2,4294,6.2,39102,6.5,,,5.7,5.9,6
597,,20,16,59,4,56.7,5.8,4434,5.5,39176,6.5,392,6,5.7,5.6,5.7
598,,20,17,27,9,57.7,6.7,4508,7.0,39201,6.5,401,7.5,,,
599,,20,18,34,8,11.7,6.7,4226,6.9,39250,7,,,,,6.3
600,,20,19,17,6,14.3,6.7,4522,7.0,39276,7.5,454,7,,,
601,,20,19,43,9,39.2,6.4,4526,6.5,39304,6.5,465,7.5,,,
602,,20,22,2,8,1.5,6.3,4477,6.5,39389,6,,,,,6.3
603,,20,23,55,9,53.3,6.9,4551,6.8,39462,7,,,,,
604,1 DEL,20,24,19,10,28.7,6.1,4303,5.8,39485,6,,,,,6
605,,20,25,15,10,50.5,6.4,4307,6.5,39522,8.2,606,8,,,
606,EPS DEL,20,27,14,10,52.8,4.2,4321,3.8,39607,4,658,5,4,3.9,4
607,,20,27,52,9,38.1,6.7,4579,7.5,39637,7,,,,,6.3
608,ETA DEL,20,28,2,12,36.0,5.8,4378,6.0,39650,6,,,5.7,5.9,5.7
609,,20,28,23,6,27.0,6.9,4576,6.8,39656,7.5,,,,,
610,,20,29,21,6,31.0,6.4,4584,7.2,39699,7.5,,,,,
611,ZET DEL,20,29,28,14,14.7,5.2,4353,4.5,39716,5.5,,,4.7,4.8,4.7
612,BET DEL,20,31,41,14,9.7,3.5,4369,3.5,39810,5,785,4,3.3,3.4,3.3
613,IOT DEL,20,31,51,10,56.6,5.9,4339,5.0,39814,5,789,7,6,5.8,5.7
614,THE DEL,20,32,50,12,52.7,6.3,4411,5.5,39855,7,815,6.5,6,6.1,6
615,KAP DEL,20,33,3,9,38.9,5.6,4600,5.5,39959,5,818,6,5,5.1,5
616,,20,33,52,10,48.4,6.5,4351,6.8,39902,7.5,,,,,
617,DEL DEL,20,37,38,14,37.7,4.5,4403,4.2,40006,4.2,945,5.5,4,4.2,4
618,,20,38,57,11,51.8,6.9,4368,6.1,40081,7,,,,,
619,13 DEL,20,41,37,5,33.0,5.8,4613,5.5,40150,6.2,,,6,5.8,5.7
620,14 DEL,20,43,41,7,24.0,6.4,4556,5.5,40227,6.5,1095,7,6,6.1,6
621,15 DEL,20,43,40,12,4.7,6.4,4472,5.5,40230,6.5,,,6,6.1,6
622,16 DEL,20,49,41,12,5.5,5.9,4501,5.7,40459,6,1245,6,5.7,5.8,5.7
623,17 DEL,20,49,42,13,14.8,5.6,4572,5.6,40461,6,1246,6,5.7,5.5,5.7
624,,20,51,52,7,34.9,7.0,4591,7.2,,,,,,,
625,18 DEL,20,52,25,10,21.5,5.8,4425,5.2,40567,5.8,1320,7,5.7,5.7,5.7
626,1 EQU,20,52,50,3,49.0,5.6,4473,5.5,40578,6.2,1328,6,5,5.3,5
627,,20,53,55,7,1.8,6.0,4718,6.5,40649,7,,,,,
628,2 EQU,20,56,3,6,41.4,6.9,4731,6.7,40730,7.5,1409,7.5,6,6.0,6
629,3 EQU,20,58,21,5,0.4,5.7,4606,5.5,40809,6.5,,,6,5.9,6
630,4 EQU,20,59,15,5,28.0,6.0,4697,6.2,,,,,6,6.0,6
631,,20,59,55,14,50.2,6.7,4530,7.0,40873,7,,,,,
632,,21,1,41,15,9.7,6.4,4340,6.5,40955,6.5,1553,7,,,
633,,21,2,3,14,10.3,6.9,4544,7.7,40968,7,1560,7.5,,,
634,DEL EQU,21,8,24,9,30.3,4.4,4746,4.7,41235,5.5,143,5,4.7,4.4,4.7
635,,21,11,16,7,42.8,7.0,4658,8.0,41344,7,,,,,
636a,,21,12,23,8,23.2,7.0,4647,8.8,41381,8.5,246,9,,,
636b,,21,12,28,8,26.2,7.0,4648,8.0,41383,7,249,8,,,
637,,21,13,33,9,0.0,6.9,4651,7.0,41428,7.5,271,8,,,
638,9 EQU,21,14,54,6,49.6,6.1,4802,6.0,41480,6,311,7,6,6.1,6
639,,21,15,16,9,48.3,6.7,4786,6.5,41497,7,322,7,,,
640,BET EQU,21,16,41,6,16.7,5.5,4811,5.1,41555,6,356,6.5,5,5.2,5
641,,21,18,18,9,38.3,6.4,4800,6.5,41615,6.5,396,7,6,,6
642,,21,20,49,10,7.6,6.9,4547,7.3,41712,7.5,457,7,,,
643,,21,21,3,4,51.2,6.9,4675,7.0,41723,7,461,7.5,,,
644,,21,22,48,10,32.4,6.5,4554,6.5,41776,7,,,,,
645,,21,23,22,6,2.1,6.7,4790,6.5,41790,7.5,512,7.5,,,
646,,21,26,7,10,21.6,7.0,4570,7.0,41905,7.5,584,7.5,,,
647,,21,31,13,4,7.3,6.6,4706,6.3,,,,,,,
648,3 PEG,21,31,30,6,3.4,6.0,4830,6.3,42126,7,720,7.5,6,6.1,6
649,4 PEG,21,32,16,5,12.5,5.8,4834,6.2,42155,7,743,6,5.7,5.8,6
650,,21,34,26,10,2.8,7.1,4872,7.5,42244,7.5,808,7.5,,,
651,7 PEG,21,36,1,5,6.7,5.6,4850,5.5,42297,6,847,6.5,5.7,5.6,5.7
652,,21,36,26,10,15.3,6.1,4604,6.3,42320,6.2,859,7,6,,6
653,,21,37,28,6,57.7,6.7,4889,6.5,42352,7.5,,,,,
654,,21,37,41,10,31.8,7.2,4608,8.0,42357,7.8,886,8,,,
655,9 PEG,21,38,36,16,46.7,4.8,4582,4.0,42393,5,,,5,4.4,4.3
656,,21,39,36,7,24.6,7.2,4745,7.5,,,931,8,,,
657,,21,45,44,10,30.3,6.8,4645,7.0,42619,6.5,1058,6.5,,,
658,,21,47,43,6,16.5,6.3,4919,6.5,42680,6,1094,7,,,6.3
659,,21,48,18,12,10.2,6.6,4711,6.8,42704,7,,,,,
660,17 PEG,21,50,51,11,29.0,5.7,4696,6.0,42787,5.5,1170,6,5.7,5.7,5.7
661,18 PEG,21,53,53,6,7.1,6.1,4940,6.0,42894,6,1234,7.5,6,6.0,5.7
662,20 PEG,21,55,0,12,31.4,5.8,4737,6.0,42932,6,,,5.7,5.7,6
663,,21,55,53,10,22.4,6.6,4676,6.5,42958,6.5,1273,7,,6.1,6.3
664,21 PEG,21,57,11,10,47.0,5.9,4681,6.2,43007,7,1301,6.5,5.7,5.7,5.7
665,,21,58,22,9,38.1,6.9,4975,6.8,43037,7.5,1323,7.5,,,
666,ALP AQR,21,59,22,-0,55.6,2.7,4246,2.8,43052,3,,,3,2.9,3
667,,22,0,55,11,9.7,7.2,4730,7.4,43126,8,1385,7,,,
668,,22,1,20,9,3.7,6.9,4792,7.1,43142,7,1391,7,,,
669,,22,1,29,10,8.7,7.0,4696,7.6,43134,7.5,1393,7.5,,,
670,THE PEG,22,3,53,5,35.0,3.6,4961,3.4,43236,4,41,6,3.3,3.4,3.3
671,30 PEG,22,14,10,5,9.7,5.4,4998,6.1,43581,5.5,260,6.5,5.7,5.5,5.7
672,PI AQR,22,18,54,0,44.6,4.9,4872,4.5,43752,5.2,377,4.5,4.7,4.5,4.7
673,34 PEG,22,20,14,3,45.4,6.2,4705,6.0,43809,6.5,404,6.5,6,6.0,6
674,36 PEG,22,22,53,8,29.5,5.9,4874,5.8,43902,6.2,458,6,6,5.9,6
675,37 PEG,22,23,39,3,47.9,5.8,4713,6.3,43929,6,472,7,5.7,5.7,5.7
676,,22,26,28,12,24.1,6.4,4838,7.0,44046,7.5,533,7,,,
677,ETA AQR,22,28,56,-0,45.7,4.1,4384,3.9,44131,4.2,582,5,3.7,3.8,4
678,,22,30,25,11,2.9,6.4,4781,7.2,44179,7,618,7,,,6.3
679,,22,30,55,11,56.0,6.5,4838,6.8,,,626,7,,,6.3
680,,22,32,30,3,52.8,6.9,4745,6.5,44264,7.2,665,7.5,,,
681,,22,34,6,3,55.8,7.0,4751,6.6,44325,7.2,698,8,,,6.3
682,ZET PEG,22,35,14,10,10.8,3.5,4797,3.5,44376,3.5,720,3,3.3,3.2,3.3
683,,22,36,2,4,31.2,7.2,4894,7.5,44407,7.5,743,8,,,
684,,22,36,33,4,18.9,6.9,4896,7.0,44430,7,760,7.5,,,
685,XI PEG,22,40,26,11,32.0,4.3,4875,4.8,44552,5,829,5,4.7,4.6,4.7
686,,22,42,35,3,38.2,7.1,4776,7.5,44632,7.8,874,8,,,
687,,22,45,21,4,7.4,6.9,4916,7.0,44712,7.5,925,8,,,
688,SIG PEG,22,46,4,9,10.2,5.3,5122,5.0,44739,6,932,5,5,5.3,5
689,,22,46,11,2,53.4,6.7,4573,6.5,44743,6.5,938,8,,,
690,RHO PEG,22,48,56,8,8.9,5.2,4961,4.7,44834,5.8,997,6,5,4.9,5
691,,22,51,11,3,8.5,6.5,4799,6.5,44888,6.5,1042,7,,,6.3
692,,22,52,58,3,41.5,7.1,4805,6.9,44939,7.8,1081,8,,,
693,,22,55,17,3,47.8,7.0,4814,7.0,45030,7.5,1138,8,,,
694,BET PSC,22,57,31,3,8.9,4.4,4818,4.7,45105,4.8,1188,5.5,4.7,4.6,4.7
695,,22,59,9,9,45.9,7.5,5156,8.0,,,1230,7,,,
696,,23,2,31,10,16.9,7.6,4887,7.0,45293,8.5,1,8,,,
697,57 PEG,23,3,13,8,0.0,5.4,4981,5.3,45317,6,16,6,5.3,5.3,5.3
698,58 PEG,23,3,44,9,8.7,5.7,5170,5.5,45330,6,,,5.3,5.4,5.3
699,59 PEG,23,5,26,8,2.5,5.4,4991,6.0,45384,5.8,59,6,5,5.2,5.7
700,,23,7,9,10,23.2,6.1,4902,6.2,45446,7,,,,6.1,6.3
701,,23,7,39,4,19.1,6.9,4985,7.0,45471,7.5,111,8,,,
702,,23,16,30,2,8.0,7.0,4660,7.8,45781,7,310,8,,,
703,66 PEG,23,16,46,11,37.7,5.5,4993,5.3,45791,5.8,,,5.7,5.6,5.7
704,,23,20,20,1,47.5,6.8,4724,8.0,45894,7,383,8,,,
705,70 PEG,23,22,50,12,4.3,4.7,5009,4.8,45974,5.5,,,5,4.7,5
706,,23,24,42,1,40.6,7.1,4731,8.0,46045,8,473,8,,,
707,16 PSC,23,30,1,1,24.5,5.8,4744,6.8,46248,6,599,7,6,5.9,6
708,,23,32,33,11,30.2,6.7,5038,7.8,46323,8,647,8,,,
709,IOT PSC,23,33,31,4,56.9,4.1,5035,4.2,46351,5.5,667,4,4.3,4.3,4.3
710,,23,35,35,6,33.6,5.9,5183,6.5,46442,7,710,6.5,,,6.3
711,LAM PSC,23,35,40,1,5.7,4.5,5037,4.6,46445,5,,,5,4.9,5
712,77 PEG,23,37,0,9,38.3,5.3,5268,5.0,46484,6,734,6,5.7,5.6,5.3
713,,23,39,0,9,29.2,6.6,5277,6.5,46548,8,775,7,,,
714,,23,39,16,12,27.6,7.0,5022,7.3,46553,7.5,777,7.5,,,
715,,23,41,52,6,28.3,7.0,5203,8.0,46630,7.5,831,7.5,,,
716,80 PEG,23,44,59,8,37.3,5.8,5127,6.5,46719,6,,,,,6.3
717,82 PEG,23,46,15,10,15.1,5.3,5004,6.0,46772,6,914,6,5.7,5.7,6
718,,23,46,38,11,12.4,6.7,5068,7.3,,,928,7,,,
719,,23,51,23,10,46.7,6.5,5014,7.0,46961,7,1030,7,,,6.3
720,OME PSC,23,52,54,6,10.3,4.0,5227,4.4,47017,5,1062,5.5,4,3.8,4
721,,23,53,24,10,34.7,6.6,5017,7.0,47044,7.5,1070,7.5,,,
722,86 PEG,23,59,17,12,42.0,5.5,5063,5.5,47241,5.5,1197,6.5,6,5.9,5.7
