index1,index2,mag,dist
G 1,HD 310,7.0,2.19
G 2,HD 358,2.0,0.30
G 3,HD 369,7.5,1.15
G 4,HD 886,2.5,1.32
G 5,HD 2151,3.0,1.35
G 6,HD 3003,5.0,5.22
G 7,HD 3093,8.0,3.94
G 8,HD 3128,8.0,4.06
G 9,HD 3145,7.5,3.96
G 10,HD 3196,5.5,3.77
G 12,HD 3277,7.0,1.53
G 13,HD 3888,7.5,3.43
G 14,HD 4082,8.0,2.27
G 15,HD 4083,7.5,2.65
G 16,HD 4089,6.0,1.01
G 17,HD 4128,2.0,1.08
G 18,HD 4125,7.5,1.59
G 20,HD 4656,4.5,2.73
G 21,HD 4814,7.5,3.15
G 22,HD 4815,5.5,1.58
G 23,HD 5112,5.5,3.16
G 24,HD 5168,7.0,2.43
G 27,HD 5756,7.0,1.78
G 28,HD 5904,7.0,1.76
G 29,HD 5936,8.0,1.99
G 31,HD 6629,7.0,0.28
G 32,HD 6869,7.5,3.35
G 33,HD 7014,6.0,4.01
G 36,HD 7582,7.0,4.40
G 37,HD 7788,6.0,1.75
G 38,HD 7788,9.2,5.11
G 39,HD 8512,3.0,0.68
G 40,HD 9053,3.0,4.11
G 41,HD 9138,5.0,2.27
G 42,HD 9270,3.5,0.65
G 43,HD 9207,7.0,4.91
G 44,HD 9220,8.0,4.56
G 45,HD 9293,7.0,2.97
G 46,HD 10144,1.0,1.06
G 47,HD 10380,4.5,0.46
G 48,HD 10761,4.0,0.30
G 49,HD 10895,8.0,3.66
G 50,HD 10934,6.0,5.50
G 51,HD 10960,7.5,0.90
G 54,HD 11025,7.0,1.69
G 55,HD 11753,6.0,3.63
G 56,HD 11809,6.5,11.61
G 57,HD 11878,7.5,1.61
G 58,HD 12311,3.0,1.05
G 59,HD 12446,3.5,5.58
G 60,HD 12712,6.5,2.16
G 61,HD 12929,2.0,0.68
G 62,HD 13388,7.0,2.56
G 63,HD 13611,4.5,3.93
G 64,HD 13709,7.0,3.09
G 65,HD 14196,6.5,4.67
G 66,HD 14928,7.5,3.36
G 68,HD 15646,6.0,5.34
G 69,HD 15793,6.5,1.03
G 70,HD 16161,5.0,2.84
G 72,HD 16744,7.5,2.71
G 73,HD 16522,6.0,3.43
G 75,HD 17094,4.0,1.32
G 76,HD 17325,6.5,4.71
G 77,HD 17543,5.5,2.77
G 78,HD 17566,5.0,1.88
G 80,HD 18448,6.0,2.91
G 81,HD 18884,2.5,0.83
G 82,HD 19254,7.5,3.13
G 83,HD 19400,5.0,0.69
G 84,HD 19787,4.5,0.22
G 85,HD 20081,6.7,3.60
G 86,HD 20686,7.0,3.25
G 87,HD 20889,7.0,2.47
G 89,HD 21364,3.5,2.06
G 92,HD 22014,7.5,4.97
G 94,HD 22866,7.5,2.36
G 95,HD 23302,4.0,0.76
G 96,HD 23630,3.0,0.45
G 98,HD 23793,5.0,1.16
G 99,HD 23850,4.0,1.37
G 100,HD 23697,6.5,2.53
G 101,HD 24579,8.5,4.91
G 102,HD 25025,3.0,0.89
G 103,HD 25204,3.5,1.71
G 104,HD 25705,5.0,1.39
G 105,HD 25842,7.5,3.91
G 106,HD 26595,7.5,0.39
G 107,HD 27371,4.0,2.02
G 108,HD 27256,3.5,0.95
G 109,HD 27697,4.0,0.68
G 110,HD 27819,6.0,0.49
G 111,HD 28100,5.0,2.51
G 112,HD 27854,8.5,8.78
G 113,HD 28305,3.5,0.86
G 114,HD 29139,1.0,1.50
G 115,HD 29305,3.0,3.76
G 116,HD 29920,6.0,8.98
G 117,HD 30959,5.5,1.69
G 118,HD 31142,6.0,3.45
G 119,HD 31975,7.0,2.26
G 120,HD 32549,5.0,1.23
G 121,HD 31396,7.0,2.94
G 122,HD 33276,5.5,2.20
G 123,HD 33115,7.5,2.07
G 124,HD 34029,1.0,1.07
G 125,HD 34085,1.0,1.61
G 126,HD 34395,8.0,2.18
G 127,HD 34781,8.0,4.96
G 128,HD 34836,7.0,7.82
G 129,HD 35024,7.0,5.19
G 130,HD 35497,2.0,1.83
G 131,HD 35230,8.0,3.74
G 132,HD 35528,6.5,2.94
G 133,HD 35708,6.0,1.65
G 134,HD 35294,9.0,4.49
G 135,HD 35447,10.0,1.96
G 136,HD 35463,10.0,2.56
G 137,HD 35462,11.0,3.86
G 138,HD 35782,8.0,2.72
G 139,HD 35874,8.0,3.75
G 140,HD 35996,8.0,1.84
G 141,HD 36008,8.0,2.90
G 142,HD 36039,8.0,1.77
G 143,HD 36155,7.0,1.71
G 144,HD 36486,2.0,2.39
G 145,HD 36381,8.0,3.54
G 146,HD 36673,3.0,1.28
G 147,HD 36567,7.0,5.69
G 148,HD 36874,6.0,3.04
G 149,HD 36848,5.5,3.70
G 150,HD 36789,7.5,2.03
G 151,HD 37128,2.0,3.20
G 152,HD 37202,3.5,1.41
G 153,HD 37462,7.0,3.73
G 154,HD 37706,6.5,4.96
G 155,HD 37706,9.0,8.22
G 156,HD 37795,2.0,1.35
G 157,HD 37811,6.0,2.09
G 159,HD 37761,7.5,2.45
G 160,HD 37782,8.0,1.94
G 161,HD 37990,7.5,2.44
G 162,HD 38042,7.0,3.81
G 163,HD 38172,8.0,1.84
G 164,HD 38253,7.0,4.85
G 165,HD 38343,7.0,3.86
G 166,HD 38612,7.0,1.36
G 167,HD 38631,6.5,3.58
G 168,HD 38683,7.3,3.17
G 169,HD 38885,6.5,1.18
G 170,HD 38617,7.5,0.21
G 171,HD 38920,8.0,3.60
G 172,HD 38829,8.0,2.36
G 173,HD 38939,8.0,1.52
G 174,HD 38940,7.0,3.85
G 175,HD 38873,7.5,2.94
G 177,HD 39039,7.5,3.89
G 178,HD 39013,8.5,2.33
G 179,HD 39192,8.5,4.33
G 180,HD 39207,9.0,5.70
G 181,HD 39280,7.0,3.32
G 182,HD 39353,7.5,3.03
G 183,HD 39445,8.0,4.15
G 184,HD 39801,1.0,1.48
G 185,HD 39754,8.0,2.46
G 186,HD 39915,8.0,4.32
G 187,HD 39962,8.0,2.27
G 188,HD 39674,9.5,4.78
G 189,HD 40216,8.0,4.32
G 190,HD 39904,9.0,1.97
G 191,HD 39980,9.0,2.72
G 192,HD 40496,7.0,2.63
G 193,HD 40483,7.0,3.75
G 194,HD 40156,7.5,2.29
G 195,HD 40540,7.5,1.60
G 196,HD 40309,9.5,0.46
G 197,HD 40733,6.5,2.24
G 198,HD 40808,6.0,2.93
G 199,HD 40865,8.5,7.70
G 200,HD 40951,8.0,7.48
G 201,HD 40976,7.0,5.31
G 202,HD 41070,6.5,9.71
G 203,HD 41089,6.7,5.95
G 204,HD 41245,7.0,1.27
G 205,HD 41393,7.5,2.76
G 206,HD 41392,7.0,4.13
G 207,HD 41158,8.0,1.55
G 208,HD 41534,6.0,5.99
G 209,HD 41753,4.5,5.78
G 210,HD 41441,7.0,2.54
G 211,HD 41355,8.5,2.90
G 212,HD 41553,7.5,1.78
G 213,HD 41741,7.5,4.98
G 214,HD 41759,6.0,3.24
G 215,HD 41700,5.5,3.46
G 216,HD 41596,6.5,1.89
G 217,HD 41701,7.0,0.29
G 219,HD 41652,7.5,1.83
G 220,HD 41742,6.0,2.14
G 222,HD 41922,9.0,3.87
G 223,HD 41937,7.7,4.42
G 224,HD 42058,7.0,1.98
G 225,HD 42166,8.0,2.08
G 226,HD 42167,6.0,3.19
G 227,HD 42026,7.0,3.20
G 228,HD 42210,8.5,3.96
G 229,HD 42190,7.3,1.03
G 230,HD 42169,7.0,3.56
G 231,HD 42211,8.0,3.29
G 232,HD 42390,7.0,3.26
G 233,HD 42503,7.5,3.17
G 234,HD 42463,7.0,4.13
G 235,HD 42490,8.5,1.46
G 236,HD 42682,6.0,3.08
G 237,HD 42683,7.0,4.24
G 238,HD 42995,3.5,2.09
G 240,HD 42719,8.0,4.02
G 241,HD 42816,8.0,3.33
G 242,HD 42890,7.5,2.50
G 243,HD 42917,7.5,3.29
G 244,HD 42933,5.5,2.45
G 245,HD 43035,8.5,2.47
G 246,HD 43140,8.5,1.95
G 247,HD 43504,7.0,2.70
G 248,HD 43519,6.5,3.15
G 249,HD 43941,8.0,3.92
G 250,HD 44058,8.5,2.23
G 251,HD 43921,6.5,4.44
G 252,HD 44279,9.0,3.45
G 253,HD 44478,3.0,0.35
G 254,HD 44293,7.0,4.54
G 255,HD 44246,7.5,3.67
G 256,HD 44404,6.5,3.59
G 257,HD 44295,7.0,2.57
G 259,HD 44206,8.5,2.17
G 260,HD 44488,8.5,3.28
G 261,HD 44382,8.0,1.51
G 262,HD 44666,6.0,2.10
G 263,HD 44776,7.5,2.53
G 264,HD 44765,7.0,4.95
G 265,HD 44844,8.5,2.12
G 266,HD 44896,8.0,3.88
G 267,HD 44489,9.0,1.64
G 268,HD 44979,6.0,2.55
G 269,HD 44972,7.0,2.85
G 270,HD 45002,7.5,1.58
G 271,HD 45058,7.0,4.94
G 272,HD 45289,6.5,4.41
G 273,HD 45306,6.0,22.67
G 274,HD 45383,7.0,3.11
G 275,HD 45229,6.0,1.62
G 276,HD 45424,9.0,4.80
G 277,HD 45424,8.5,1.84
G 278,HD 45348,1.0,1.44
G 279,HD 45270,6.7,4.86
G 282,HD 45680,7.5,2.17
G 283,HD 45557,6.0,4.76
G 284,HD 45834,7.5,3.31
G 285,HD 45983,6.5,2.42
G 286,HD 46039,8.0,2.40
G 287,HD 46040,8.0,4.31
G 288,HD 46068,8.5,1.91
G 289,HD 46069,7.0,3.20
G 290,HD 46272,8.5,1.66
G 291,HD 46353,8.0,4.83
G 292,HD 46365,6.5,3.94
G 293,HD 46214,8.0,2.63
G 294,HD 46415,7.0,3.69
G 295,HD 46462,8.0,4.34
G 296,HD 46355,6.0,0.38
G 297,HD 46479,7.0,4.60
G 298,HD 46652,7.0,4.17
G 299,HD 46682,7.7,2.89
G 300,HD 46815,6.0,2.66
G 301,HD 46836,7.0,3.12
G 302,HD 47105,2.5,1.86
G 303,HD 46837,7.0,1.78
G 304,HD 47001,7.0,3.46
G 305,HD 47168,7.2,2.63
G 306,HD 47146,8.0,4.37
G 307,HD 47230,7.5,3.20
G 308,HD 47230,7.0,3.47
G 309,HD 47283,8.0,0.60
G 310,HD 47330,9.0,5.36
G 311,HD 47306,5.0,3.18
G 312,HD 47371,6.0,4.78
G 313,HD 47463,6.0,4.69
G 314,HD 47444,8.5,1.90
G 315,HD 47445,8.5,1.23
G 316,HD 47475,7.0,1.03
G 317,HD 47540,6.5,3.69
G 318,HD 47447,8.0,1.29
G 319,HD 47645,8.5,2.48
G 320,HD 47670,4.0,2.40
G 321,HD 47671,7.5,2.85
G 322,HD 47658,8.2,4.77
G 323,HD 47567,8.0,2.13
G 324,HD 47923,8.0,5.16
G 327,HD 48024,7.0,2.28
G 328,HD 47952,8.0,0.88
G 329,HD 48170,8.0,1.60
G 330,HD 48267,7.3,2.05
G 331,HD 48189,6.0,2.44
G 332,HD 48246,7.5,2.21
G 333,HD 48607,9.0,3.81
G 334,HD 48631,8.0,0.88
G 335,HD 48446,8.0,1.54
G 336,HD 48674,7.5,25.73
G 337,HD 48609,8.0,0.39
G 338,HD 48915,1.0,1.01
G 339,HD 49034,8.5,1.67
G 340,HD 49302,7.5,4.38
G 341,HD 49260,7.5,1.69
G 342,HD 49396,7.0,1.99
G 343,HD 49517,6.0,3.10
G 344,HD 49689,6.5,12.55
G 345,HD 49758,7.0,3.25
G 346,HD 49833,7.5,1.72
G 347,HD 49821,8.5,1.29
G 348,HD 49877,6.0,3.66
G 349,HD 50096,7.0,3.91
G 350,HD 50078,7.5,1.92
G 351,HD 50080,8.0,5.02
G 352,HD 50126,7.5,3.77
G 353,HD 50235,5.5,2.83
G 354,HD 50196,6.5,3.30
G 355,HD 50223,5.5,2.50
G 356,HD 50310,3.2,2.90
G 357,HD 50198,8.5,0.54
G 358,HD 50472,7.7,5.23
G 359,HD 50446,7.5,5.45
G 360,HD 50499,7.0,3.28
G 361,HD 50241,3.7,1.21
G 362,HD 50415,7.5,4.08
G 363,HD 50503,8.0,0.69
G 364,HD 50621,7.0,2.36
G 366,HD 50808,8.0,2.32
G 367,HD 50571,6.0,3.44
G 368,HD 50860,6.2,4.13
G 369,HD 50834,9.0,4.66
G 370,HD 51042,9.5,11.03
G 371,HD 51042,8.3,2.36
G 373,HD 50994,8.2,5.59
G 374,HD 51312,7.7,3.99
G 375,HD 51367,6.0,2.32
G 376,HD 51315,8.0,4.21
G 377,HD 51434,8.0,2.58
G 378,HD 51607,7.8,3.92
G 379,HD 52089,1.5,1.79
G 380,HD 52092,6.0,3.09
G 381,HD 51967,9.0,4.97
G 382,HD 52096,8.0,4.33
G 383,HD 52196,6.5,4.66
G 384,HD 52063,8.0,1.33
G 385,HD 52279,8.0,2.86
G 386,HD 52251,8.5,3.81
G 387,HD 52298,7.2,1.91
G 388,HD 52300,8.0,3.02
G 389,HD 52470,7.5,3.49
G 390,HD 52492,7.5,3.21
G 392,HD 52973,4.0,1.41
G 393,HD 52603,6.0,1.61
G 394,HD 52622,7.0,3.83
G 396,HD 53048,8.2,0.52
G 397,HD 53142,7.5,1.29
G 398,HD 53166,8.3,1.44
G 399,HD 53405,7.5,2.83
G 400,HD 53143,7.5,1.50
G 401,HD 53348,7.5,3.86
G 402,HD 53548,8.0,2.43
G 403,HD 53406,8.0,1.96
G 404,HD 53327,8.0,3.21
G 405,HD 53494,7.5,1.70
G 406,HD 53466,8.0,2.52
G 407,HD 53704,5.5,1.45
G 408,HD 53705,6.5,2.89
G 409,HD 53526,7.0,4.67
G 410,HD 53706,8.0,2.92
G 411,HD 53527,8.5,1.59
G 412,HD 53869,8.5,5.55
G 413,HD 53834,7.0,4.08
G 414,HD 53891,7.5,5.88
G 415,HD 53762,7.5,3.43
G 417,HD 53501,6.0,0.92
G 418,HD 53840,7.0,2.06
G 419,HD 53983,7.7,3.92
G 420,HD 54035,8.5,6.08
G 421,HD 53868,7.5,2.45
G 422,HD 54038,7.0,2.74
G 423,HD 53955,7.0,4.02
G 424,HD 54153,5.5,3.57
G 425,HD 54232,7.0,4.96
G 426,HD 53988,9.0,1.49
G 427,HD 54208,8.0,3.79
G 428,HD 54234,8.5,4.10
G 429,HD 54179,6.5,2.00
G 430,HD 54118,5.0,2.13
G 431,HD 54341,7.5,3.13
G 432,HD 54475,5.7,1.68
G 433,HD 54628,8.0,2.83
G 434,HD 54893,5.0,1.03
G 435,HD 54713,7.0,2.59
G 436,HD 54966,8.0,4.55
G 437,HD 55247,8.0,3.47
G 438,HD 55348,7.5,5.45
G 439,HD 55196,8.0,0.30
G 440,HD 55570,9.0,3.46
G 441,HD 55526,6.0,3.76
G 442,HD 55151,7.0,3.55
G 443,HD 55696,8.0,4.75
G 445,HD 55742,8.5,0.92
G 447,HD 55719,6.5,5.76
G 448,HD 55861,9.0,3.55
G 449,HD 55910,7.0,3.26
G 450,HD 55941,8.0,4.00
G 451,HD 56023,7.5,4.26
G 452,HD 56284,7.0,4.06
G 453,HD 56145,8.0,2.54
G 454,HD 56264,7.5,3.13
G 455,HD 56265,8.0,2.63
G 456,HD 56378,7.5,2.41
G 457,HD 56410,6.0,4.87
G 458,HD 56216,7.0,1.99
G 459,HD 56318,6.5,2.81
G 460,HD 56350,6.0,4.54
G 461,HD 56456,5.5,1.13
G 462,HD 56531,6.5,3.17
G 463,HD 56585,7.7,4.41
G 464,HD 56641,7.2,3.42
G 465,HD 56986,3.5,1.03
G 466,HD 56662,8.5,7.93
G 467,HD 56703,8.0,3.05
G 468,HD 56856,8.7,4.05
G 469,HD 56705,6.5,3.73
G 470,HD 56812,8.5,28.51
G 471,HD 56855,2.7,1.13
G 472,HD 56907,7.0,4.54
G 473,HD 56909,7.5,2.26
G 475,HD 57555,8.0,4.29
G 476,HD 57852,7.0,4.32
G 477,HD 57853,8.5,1.05
G 478,HD 57807,7.0,5.32
G 481,HD 57623,4.0,1.03
G 483,HD 57917,6.5,5.21
G 484,HD 57918,7.5,6.38
G 485,HD 57949,7.0,3.07
G 486,HD 57968,7.5,2.25
G 487,HD 57997,8.0,2.61
G 488,HD 57969,6.5,8.11
G 489,HD 58260,7.5,2.47
G 490,HD 58350,2.5,2.26
G 491,HD 58420,6.5,5.62
G 492,HD 58424,7.0,2.24
G 494,HD 58635,6.5,1.76
G 495,HD 58591,7.5,4.48
G 496,HD 58657,7.5,2.52
G 497,HD 58356,8.0,1.38
G 500,HD 59099,6.5,4.58
G 501,HD 58803,7.0,3.38
G 502,HD 59466,7.0,3.62
G 503,HD 59527,7.0,1.74
G 504,HD 59594,8.0,2.48
G 505,HD 59717,3.0,3.29
G 507,HD 59864,7.0,1.39
G 508,HD 60178,1.5,0.77
G 509,HD 60178,1.5,3.65
G 510,HD 59894,7.0,3.15
G 511,HD 59967,7.0,4.92
G 513,HD 60098,7.0,3.07
G 514,HD 59663,8.0,1.95
G 515,HD 60128,9.5,4.70
G 516,HD 59868,8.5,1.71
G 517,HD 60168,6.5,3.27
G 519,HD 60312,6.0,2.96
G 521,HD 60173,8.0,2.61
G 522,HD 60250,7.5,0.67
G 523,HD 60429,8.0,5.50
G 525,HD 60434,8.0,1.71
G 526,HD 60686,7.5,3.89
G 527,HD 60906,7.0,2.28
G 528,HD 60791,7.7,7.76
G 529,HD 60813,8.0,3.89
G 530,HD 60814,8.5,3.99
G 531,HD 60977,8.0,0.76
G 532,HD 61087,7.0,3.99
G 533,HD 61031,6.0,2.82
G 534,HD 61056,7.7,0.51
G 535,HD 61193,8.5,6.40
G 536,HD 61168,8.0,2.05
G 537,HD 61421,1.0,2.18
G 538,HD 61245,7.0,2.14
G 539,HD 61333,7.0,1.58
G 540,HD 61409,7.5,3.77
G 541,HD 61390,8.0,1.63
G 542,HD 61435,7.5,1.53
G 543,HD 61574,7.5,4.08
G 544,HD 61560,8.5,5.22
G 545,HD 61312,6.5,6.38
G 546,HD 61576,8.0,0.99
G 547,HD 61712,8.5,6.97
G 548,HD 61831,4.5,1.58
G 549,HD 61878,5.0,3.71
G 551,HD 61899,5.0,1.62
G 552,HD 61946,7.5,6.63
G 553,HD 61881,8.0,1.63
G 554,HD 62345,3.5,1.59
G 555,HD 62088,7.5,2.95
G 556,HD 62134,8.5,0.52
G 557,HD 62226,5.5,1.29
G 558,HD 62212,7.5,1.67
G 559,HD 62509,1.5,0.44
G 560,HD 62317,7.0,2.67
G 561,HD 62295,7.0,3.12
G 562,HD 62376,6.0,2.46
G 563,HD 62415,8.5,4.41
G 564,HD 62377,8.0,5.09
G 565,HD 62578,6.5,0.97
G 566,HD 62485,6.5,3.75
G 568,HD 62712,7.0,1.80
G 569,HD 62713,5.5,1.17
G 571,HD 62752,9.5,1.59
G 572,HD 62753,7.0,4.16
G 573,HD 62781,6.0,1.76
G 574,HD 62756,7.0,4.26
G 575,HD 62758,6.5,4.37
G 576,HD 62848,7.0,2.35
G 577,HD 63208,7.0,1.64
G 578,HD 62805,7.0,2.03
G 579,HD 62917,9.5,5.43
G 580,HD 63032,5.0,3.77
G 581,HD 63033,7.7,0.45
G 582,HD 62943,7.0,3.82
G 583,HD 62850,7.2,0.87
G 584,HD 63079,6.5,2.55
G 585,HD 63080,7.0,2.11
G 586,HD 63118,6.5,4.50
G 587,HD 63176,8.0,2.79
G 588,HD 63308,6.7,2.56
G 589,HD 63088,7.7,0.71
G 590,HD 63399,6.7,2.69
G 591,HD 63401,6.5,3.75
G 592,HD 63402,7.5,1.10
G 593,HD 63449,7.5,2.98
G 594,HD 63490,8.0,4.35
G 595,HD 63427,7.5,4.39
G 596,HD 63531,7.0,2.76
G 597,HD 63700,3.5,1.32
G 598,HD 63578,5.5,3.03
G 599,HD 63580,9.5,1.49
G 600,HD 63563,7.5,2.11
G 601,HD 63738,8.0,2.70
G 602,HD 63295,5.0,2.11
G 604,HD 63627,7.5,1.14
G 605,HD 63428,8.0,1.66
G 606,HD 63787,8.0,5.57
G 607,HD 64092,6.7,0.98
G 608,HD 63709,8.0,2.60
G 609,HD 63685,7.0,0.28
G 610,HD 64145,5.0,1.72
G 611,HD 63898,7.0,4.32
G 612,HD 63922,4.5,1.33
G 613,HD 63948,7.0,4.58
G 614,HD 63870,6.0,5.36
G 615,HD 63886,8.0,1.63
G 616,HD 64028,7.5,4.27
G 617,HD 64066,8.5,6.45
G 618,HD 64102,9.0,3.51
G 619,HD 64181,7.5,4.51
G 620,HD 64121,8.0,4.48
G 621,HD 64287,7.0,3.08
G 622,HD 64583,0.0,0.60
G 623,HD 64304,7.2,2.39
G 624,HD 64184,7.5,0.16
G 625,HD 64379,5.0,5.22
G 626,HD 64365,6.5,6.67
G 627,HD 64647,9.5,1.88
G 630,HD 64682,0.0,1.95
G 631,HD 64441,9.0,4.04
G 632,HD 64458,7.0,2.30
G 633,HD 64320,7.0,1.25
G 634,HD 64571,8.0,6.01
G 636,HD 65003,0.0,3.26
G 637,HD 64827,7.0,3.63
G 638,HD 64902,6.5,4.37
G 639,HD 65074,7.5,4.54
G 640,HD 65038,7.0,3.35
G 641,HD 65059,8.5,1.22
G 644,HD 65211,7.0,3.03
G 645,HD 65270,7.0,3.46
G 646,HD 65315,6.5,2.17
G 647,HD 65354,6.7,1.76
G 649,HD 65297,8.0,3.50
G 650,HD 65273,6.3,1.46
G 652,HD 65442,7.0,3.13
G 653,HD 65460,7.0,2.56
G 654,HD 65425,7.0,1.92
G 655,HD 65759,6.0,2.57
G 656,HD 65491,8.0,1.97
G 657,HD 65551,5.5,4.65
G 658,HD 65823,0.0,0.62
G 659,HD 65638,7.0,0.69
G 660,HD 65622,7.5,1.77
G 661,HD 65598,7.0,2.42
G 662,HD 65575,4.0,1.72
G 663,HD 65658,7.5,5.00
G 664,HD 65723,7.0,2.22
G 665,HD 65848,7.0,4.06
G 666,HD 65663,6.5,2.18
G 667,HD 65888,7.5,1.68
G 668,HD 66140,0.0,0.09
G 669,HD 65904,7.0,1.06
G 670,HD 65867,7.0,3.90
G 671,HD 65930,7.0,0.43
G 674,HD 66027,7.5,0.35
G 675,HD 66371,8.7,0.83
G 676,HD 66190,7.0,2.21
G 677,HD 66194,6.5,1.73
G 678,HD 66365,9.0,1.78
G 679,HD 66464,7.0,2.37
G 680,HD 66342,6.0,2.13
G 681,HD 66507,8.0,0.31
G 682,HD 66522,7.5,1.20
G 684,HD 66624,6.0,1.99
G 685,HD 66948,7.5,0.90
G 686,HD 66629,8.5,1.71
G 687,HD 66607,6.0,6.55
G 689,HD 66811,2.7,1.25
G 690,HD 66591,5.5,1.47
G 691,HD 66749,7.7,4.51
G 692,HD 66768,7.0,2.67
G 694,HD 67041,7.5,3.47
G 695,HD 67059,7.5,3.46
G 696,HD 67269,8.5,2.11
G 697,HD 67270,9.0,2.36
G 698,HD 67385,7.0,1.62
G 699,HD 67440,8.5,6.88
G 700,HD 67363,7.5,4.99
G 701,HD 67439,8.0,2.27
G 702,HD 67441,8.0,5.51
G 703,HD 67523,3.0,1.62
G 704,HD 67199,8.0,0.85
G 705,HD 67460,9.0,1.69
G 706,HD 67582,5.5,0.95
G 708,HD 67680,7.5,2.73
G 709,HD 67621,6.0,8.75
G 710,HD 67702,7.5,4.43
G 711,HD 67642,7.5,4.11
G 712,HD 67515,8.0,0.67
G 713,HD 67704,7.0,3.90
G 714,HD 67820,8.0,1.34
G 715,HD 67888,7.0,1.78
G 716,HD 67905,7.0,4.87
G 717,HD 67847,7.0,4.85
G 719,HD 68005,7.5,2.35
G 720,HD 68217,6.5,2.93
G 721,HD 68057,8.0,2.39
G 722,HD 68161,6.0,7.68
G 723,HD 68243,5.0,1.84
G 724,HD 68273,2.8,1.01
G 727,HD 68346,7.0,4.00
G 728,HD 68371,7.3,2.61
G 731,HD 68451,8.0,4.76
G 732,HD 68512,7.0,2.57
G 733,HD 68372,7.0,3.82
G 735,HD 68307,8.0,5.21
G 736,HD 68574,8.0,11.38
G 737,HD 68423,7.0,2.66
G 738,HD 68456,5.7,1.53
G 739,HD 68518,6.5,2.37
G 740,HD 68716,6.5,2.45
G 741,HD 68694,9.0,2.93
G 742,HD 68763,6.0,3.55
G 743,HD 68808,7.0,3.22
G 744,HD 68862,7.0,2.38
G 745,HD 68895,6.0,3.35
G 746,HD 69123,6.5,3.04
G 748,HD 69144,6.5,2.52
G 749,HD 69168,7.5,5.99
G 750,HD 69191,7.5,2.42
G 751,HD 69213,7.0,3.79
G 752,HD 69171,7.0,3.88
G 753,HD 69253,7.0,3.15
G 754,HD 69194,6.0,3.28
G 755,HD 69257,8.0,2.59
G 757,HD 69302,7.0,1.18
G 758,HD 69283,8.0,2.15
G 760,HD 69402,8.0,4.02
G 761,HD 69404,6.7,5.18
G 762,HD 69517,8.0,1.99
G 763,HD 69690,8.5,0.66
G 764,HD 69596,7.0,4.34
G 765,HD 69650,7.0,1.96
G 766,HD 69653,8.0,10.20
G 767,HD 69655,7.0,3.65
G 768,HD 69576,8.0,3.20
G 769,HD 70011,7.5,0.76
G 770,HD 69882,7.0,4.13
G 771,HD 69887,7.0,4.23
G 772,HD 70002,6.5,1.90
G 773,HD 69986,8.0,2.65
G 774,HD 70003,6.5,5.17
G 775,HD 69748,9.0,0.61
G 776,HD 69891,8.0,0.42
G 777,HD 70060,5.5,2.16
G 778,HD 69863,6.5,2.61
G 779,HD 69863,9.5,7.16
G 780,HD 69992,7.5,3.31
G 781,HD 70274,9.0,1.86
G 782,HD 70157,8.0,3.20
G 783,HD 70068,8.5,1.23
G 784,HD 70235,7.0,2.95
G 785,HD 70195,7.0,3.18
G 786,HD 70127,9.0,2.02
G 787,HD 70163,7.5,1.96
G 788,HD 70164,7.5,1.76
G 789,HD 70289,7.0,2.15
G 790,HD 70306,7.0,4.14
G 791,HD 70175,8.0,0.94
G 792,HD 70568,8.5,2.59
G 793,HD 70825,0.0,1.74
G 795,HD 70921,9.3,1.72
G 796,HD 70605,8.5,2.53
G 798,HD 70948,7.5,2.96
G 799,HD 70875,8.5,0.69
G 800,HD 71146,8.0,3.25
G 801,HD 71129,1.7,0.68
G 803,HD 71496,6.5,1.59
G 805,HD 71046,7.0,5.40
G 806,HD 71066,7.0,4.32
G 808,HD 71367,8.0,2.90
G 809,HD 71488,7.5,3.07
G 810,HD 71731,13.0,5.73
G 811,HD 71487,8.0,0.99
G 812,HD 71405,6.0,3.14
G 814,HD 71510,6.5,6.53
G 815,HD 71491,6.0,3.51
G 816,HD 71549,7.0,5.20
G 818,HD 71655,9.0,1.67
G 819,HD 71801,6.0,4.34
G 820,HD 71801,10.5,23.36
G 821,HD 71722,6.2,0.23
G 822,HD 71243,5.5,2.50
G 823,HD 72041,6.0,2.76
G 824,HD 71805,7.0,1.66
G 825,HD 71807,7.5,3.31
G 826,HD 72094,6.0,5.19
G 827,HD 71841,7.5,3.73
G 828,HD 72020,9.0,3.31
G 829,HD 71878,6.0,2.05
G 831,HD 72111,8.0,2.75
G 832,HD 72268,7.0,3.32
G 833,HD 72348,7.0,3.90
G 834,HD 72303,7.0,3.86
G 835,HD 72372,7.0,3.96
G 836,HD 72573,8.0,2.73
G 837,HD 72555,7.5,2.88
G 838,HD 72579,8.5,4.65
G 839,HD 72631,8.0,3.01
G 841,HD 72695,8.5,3.98
G 842,HD 72650,7.0,2.44
G 843,HD 72787,7.0,1.09
G 844,HD 72752,7.0,1.91
G 845,HD 72696,7.5,1.34
G 847,HD 72714,8.5,2.85
G 848,HD 72798,7.0,4.14
G 850,HD 72774,8.0,2.06
G 851,HD 72802,8.0,3.64
G 852,HD 72956,8.5,1.58
G 853,HD 72900,6.5,3.78
G 854,HD 72843,7.5,2.05
G 855,HD 73089,7.0,5.33
G 856,HD 73054,8.0,2.90
G 857,HD 73121,7.0,0.75
G 858,HD 72993,7.0,5.50
G 859,HD 73127,7.0,1.03
G 861,HD 73155,5.5,2.28
G 862,HD 73301,7.5,4.91
G 863,HD 73287,7.0,2.54
G 864,HD 73385,9.0,3.61
G 865,HD 73386,8.0,4.30
G 866,HD 73340,6.7,1.58
G 867,HD 73440,8.0,3.26
G 868,HD 73308,7.5,1.04
G 870,HD 73422,8.5,3.43
G 871,HD 73524,7.0,1.82
G 872,HD 73478,7.5,2.51
G 873,HD 73465,7.0,0.94
G 874,HD 73653,7.0,1.10
G 875,HD 73504,7.0,0.84
G 878,HD 73699,8.0,1.31
G 879,HD 73570,8.5,2.93
G 880,HD 73658,7.0,3.18
G 882,HD 73701,8.0,2.29
G 883,HD 73881,7.5,2.01
G 884,HD 73901,7.0,2.25
G 885,HD 73930,9.0,12.12
G 886,HD 73291,7.5,0.75
G 887,HD 74007,8.5,5.08
G 889,HD 74198,4.5,1.57
G 892,HD 74045,7.7,1.16
G 893,HD 74194,8.0,4.30
G 894,HD 74148,6.5,2.31
G 895,HD 74224,8.0,2.43
G 896,HD 74442,4.0,1.12
G 897,HD 74236,7.0,1.93
G 898,HD 74475,7.0,3.57
G 899,HD 74375,4.0,0.86
G 900,HD 74454,8.0,1.73
G 901,HD 74556,7.5,4.50
G 902,HD 74576,6.5,1.62
G 903,HD 74601,8.0,4.26
G 904,HD 74674,6.5,5.89
G 905,HD 74622,7.0,4.04
G 907,HD 74774,7.5,2.92
G 908,HD 74868,7.0,2.94
G 909,HD 74935,8.5,3.19
G 910,HD 74978,7.0,1.78
G 913,HD 74979,7.5,4.10
G 914,HD 75149,7.0,5.80
G 915,HD 74888,7.0,1.62
G 916,HD 74956,2.0,1.09
G 917,HD 75026,8.0,4.45
G 918,HD 75112,7.0,1.87
G 919,HD 75063,5.5,3.49
G 920,HD 75125,7.0,2.67
G 921,HD 75126,7.5,5.63
G 922,HD 75199,7.2,0.05
G 923,HD 75209,10.0,3.66
G 924,HD 75223,7.5,2.78
G 925,HD 75168,7.5,2.78
G 926,HD 75241,7.0,1.17
G 927,HD 75272,6.0,9.56
G 928,HD 75271,6.7,6.95
G 929,HD 75276,6.0,4.54
G 930,HD 75309,8.0,3.38
G 931,HD 75387,7.0,1.18
G 932,HD 75475,6.5,5.73
G 934,HD 75519,8.0,2.43
G 936,HD 75654,6.0,3.82
G 937,HD 75611,8.0,4.77
G 938,HD 75759,6.5,4.26
G 939,HD 75818,8.0,2.62
G 940,HD 75428,7.5,3.22
G 941,HD 75974,7.5,1.59
G 943,HD 76025,0.0,2.16
G 945,HD 75926,7.0,2.49
G 946,HD 75795,7.5,1.27
G 947,HD 76004,7.0,2.78
G 948,HD 75863,8.0,3.51
G 949,HD 76128,8.5,4.59
G 950,HD 75910,10.0,3.47
G 951,HD 76310,8.5,1.27
G 953,HD 76131,7.0,3.18
G 954,HD 76033,9.5,5.40
G 955,HD 76214,7.0,1.45
G 956,HD 76188,7.5,2.67
G 957,HD 76233,7.5,3.14
G 958,HD 76234,8.0,1.91
G 959,HD 76341,7.5,2.34
G 960,HD 76541,9.0,0.87
G 961,HD 76380,7.0,3.78
G 962,HD 76644,3.0,0.53
G 963,HD 76346,6.5,3.87
G 964,HD 76582,6.0,4.88
G 965,HD 76413,8.0,3.30
G 966,HD 76330,9.5,4.74
G 967,HD 76564,8.0,2.72
G 968,HD 76756,4.0,2.53
G 969,HD 76780,0.0,2.55
G 971,HD 76612,7.5,2.17
G 972,HD 76492,8.5,2.87
G 973,HD 76653,6.5,0.58
G 976,HD 76838,7.7,2.30
G 977,HD 77065,9.5,1.50
G 978,HD 76917,8.0,3.46
G 979,HD 77000,8.5,3.12
G 980,HD 76968,7.2,1.64
G 981,HD 77002,5.2,2.93
G 984,HD 77120,7.0,10.13
G 985,HD 77377,0.0,5.19
G 986,HD 77185,8.0,1.27
G 987,HD 77273,8.0,4.65
G 988,HD 77320,6.0,5.83
G 990,HD 77305,7.0,2.31
G 993,HD 77347,7.5,1.88
G 994,HD 77370,5.4,3.70
G 996,HD 77464,7.0,5.85
G 997,HD 77477,8.5,5.49
G 998,HD 77491,8.5,2.09
G 999,HD 77490,7.5,1.14
G 1000,HD 77581,7.0,7.16
G 1001,HD 77566,8.0,5.03
G 1002,HD 77795,8.0,3.94
G 1003,HD 78050,8.5,2.37
G 1004,HD 77865,7.5,4.07
G 1005,HD 77907,7.0,3.58
G 1006,HD 78005,7.0,1.18
G 1007,HD 78236,0.0,4.13
G 1009,HD 78316,5.0,3.34
G 1010,HD 78133,7.0,1.79
G 1011,HD 78045,3.9,0.58
G 1012,HD 78293,7.0,2.28
G 1013,HD 78429,7.2,4.10
G 1014,HD 78445,8.0,1.51
G 1015,HD 78548,6.5,4.91
G 1016,HD 78647,2.6,1.75
G 1017,HD 78982,9.0,1.82
G 1019,HD 78725,7.2,3.84
G 1020,HD 78843,9.0,2.56
G 1021,HD 79126,9.0,3.07
G 1022,HD 78949,7.0,1.72
G 1025,HD 78898,9.5,7.32
G 1026,HD 79091,6.7,3.68
G 1027,HD 79041,7.5,1.93
G 1028,HD 79278,8.5,1.36
G 1029,HD 79387,7.0,3.14
G 1031,HD 79420,8.0,2.36
G 1032,HD 79388,7.7,3.59
G 1033,HD 79446,8.0,3.15
G 1034,HD 79523,6.5,3.52
G 1035,HD 79680,9.5,4.11
G 1040,HD 79622,7.0,1.31
G 1041,HD 79670,7.5,4.28
G 1042,HD 79807,7.0,5.27
G 1043,HD 79698,6.0,4.82
G 1044,HD 79699,7.0,1.96
G 1045,HD 79961,8.0,7.41
G 1046,HD 79864,7.0,3.20
G 1047,HD 80147,10.0,2.63
G 1048,HD 79905,7.5,1.41
G 1049,HD 80057,7.0,1.79
G 1050,HD 80171,7.5,2.27
G 1051,HD 80205,7.0,2.86
G 1052,HD 80007,2.0,1.16
G 1053,HD 80332,7.0,4.27
G 1054,HD 80282,8.0,7.31
G 1055,HD 80495,8.0,1.15
G 1056,HD 80308,7.5,1.24
G 1057,HD 80432,7.5,1.95
G 1058,HD 80435,6.5,1.71
G 1059,HD 80404,2.0,0.77
G 1060,HD 80558,6.0,4.16
G 1061,HD 80577,7.0,0.66
G 1062,HD 80726,7.0,4.12
G 1063,HD 80853,7.5,0.80
G 1064,HD 80671,6.0,4.78
G 1065,HD 80924,9.0,4.51
G 1067,HD 81134,7.0,2.68
G 1068,HD 81136,6.5,4.04
G 1069,HD 81138,7.0,2.69
G 1070,HD 81307,7.0,2.80
G 1071,HD 81353,7.0,3.51
G 1072,HD 81502,7.0,2.63
G 1073,HD 81634,7.5,1.46
G 1074,HD 81797,2.0,1.74
G 1075,HD 81780,6.0,0.70
G 1076,HD 81734,7.0,0.51
G 1077,HD 81850,8.0,1.21
G 1078,HD 81919,7.0,3.77
G 1079,HD 81891,7.5,3.19
G 1080,HD 81987,7.0,3.41
G 1081,HD 81985,7.0,1.77
G 1082,HD 82124,7.5,3.62
G 1083,HD 82308,4.5,2.26
G 1084,HD 82125,7.5,8.46
G 1085,HD 82224,7.0,2.07
G 1086,HD 82395,6.0,1.98
G 1087,HD 82278,8.0,5.13
G 1088,HD 82346,7.5,0.66
G 1089,HD 82385,8.5,5.01
G 1090,HD 82414,8.5,2.60
G 1091,HD 82434,3.5,2.58
G 1092,HD 82388,7.5,8.57
G 1093,HD 82421,6.7,2.42
G 1094,HD 82514,6.0,3.82
G 1095,HD 82627,8.0,4.59
G 1096,HD 82536,6.5,4.48
G 1098,HD 82694,6.5,3.98
G 1099,HD 82664,8.0,1.14
G 1100,HD 82668,4.0,3.23
G 1102,HD 82785,7.0,4.06
G 1104,HD 82798,7.5,2.43
G 1105,HD 82764,7.2,3.67
G 1107,HD 82834,7.5,3.82
G 1108,HD 82919,7.5,4.27
G 1109,HD 82920,7.0,1.01
G 1110,HD 83029,8.0,4.50
G 1111,HD 82988,7.0,1.36
G 1112,HD 83058,5.5,2.32
G 1113,HD 83108,7.0,2.29
G 1114,HD 83111,6.5,0.68
G 1115,HD 83183,4.0,3.15
G 1116,HD 83446,4.7,2.36
G 1117,HD 83359,7.5,3.95
G 1118,HD 83465,6.5,5.10
G 1119,HD 83529,7.0,2.64
G 1120,HD 83523,7.0,3.68
G 1121,HD 83625,7.0,3.85
G 1122,HD 83808,3.5,1.65
G 1123,HD 83614,7.0,3.12
G 1124,HD 83658,8.0,5.39
G 1125,HD 83678,8.0,2.87
G 1126,HD 83763,7.0,1.81
G 1127,HD 83879,7.5,2.76
G 1128,HD 83917,9.0,4.23
G 1130,HD 84000,7.5,1.38
G 1131,HD 84171,7.0,2.96
G 1132,HD 84152,7.0,6.51
G 1133,HD 84177,8.0,1.98
G 1134,HD 84441,3.0,0.95
G 1135,HD 84447,7.5,1.22
G 1136,HD 84687,7.5,1.94
G 1137,HD 84712,8.0,2.09
G 1138,HD 84774,10.0,11.17
G 1139,HD 84774,7.0,2.02
G 1140,HD 84759,8.0,3.71
G 1141,HD 84902,7.5,4.80
G 1142,HD 84929,7.0,4.45
G 1143,HD 85044,7.5,1.37
G 1144,HD 85100,8.5,4.70
G 1145,HD 85100,8.5,10.90
G 1146,HD 85206,7.0,3.45
G 1147,HD 85124,4.0,1.15
G 1148,HD 85124,8.9,5.47
G 1149,HD 85396,6.0,1.09
G 1150,HD 85777,7.5,3.03
G 1151,HD 85821,7.0,3.17
G 1152,HD 85963,7.5,6.73
G 1153,HD 85953,6.5,0.56
G 1154,HD 86008,9.0,3.11
G 1155,HD 86022,9.0,4.26
G 1158,HD 86197,8.0,5.85
G 1159,HD 86161,8.2,1.31
G 1160,HD 86360,5.0,3.15
G 1162,HD 86254,9.0,4.38
G 1163,HD 86352,7.0,0.28
G 1164,HD 86353,7.0,0.65
G 1165,HD 86440,3.2,2.06
G 1166,HD 86441,8.0,3.32
G 1167,HD 86411,9.5,5.89
G 1168,HD 86663,5.0,1.29
G 1169,HD 86557,8.5,6.35
G 1170,HD 86714,8.5,1.85
G 1172,HD 86823,7.0,1.94
G 1173,HD 87041,9.0,4.76
G 1174,HD 86992,7.5,2.25
G 1175,HD 87023,8.0,5.31
G 1176,HD 86893,7.5,1.58
G 1177,HD 87122,7.0,4.89
G 1178,HD 87265,7.5,3.52
G 1179,HD 87455,9.0,2.63
G 1180,HD 87477,7.0,4.73
G 1181,HD 87540,7.5,1.60
G 1182,HD 87541,8.0,3.72
G 1183,HD 87640,7.0,4.80
G 1184,HD 87737,3.5,2.00
G 1185,HD 87699,8.5,4.94
G 1186,HD 87783,5.0,5.97
G 1187,HD 87901,1.5,1.56
G 1188,HD 87800,8.5,5.96
G 1189,HD 88015,6.0,2.64
G 1190,HD 88003,9.0,3.81
G 1191,HD 87986,8.0,4.40
G 1192,HD 88205,8.0,4.66
G 1193,HD 88174,8.0,1.49
G 1194,HD 88223,6.7,2.03
G 1195,HD 88226,7.7,1.43
G 1196,HD 88303,7.5,2.22
G 1197,HD 88339,9.0,4.14
G 1199,HD 88399,7.0,3.23
G 1200,HD 88400,7.2,3.79
G 1201,HD 88322,7.0,2.26
G 1202,HD 88366,7.0,2.08
G 1203,HD 88569,8.0,3.62
G 1204,HD 88693,6.5,4.54
G 1205,HD 88695,7.5,3.26
G 1206,HD 88872,7.0,1.45
G 1207,HD 88889,8.5,2.30
G 1208,HD 88874,7.5,3.68
G 1209,HD 88905,7.5,1.67
G 1210,HD 88877,7.0,3.94
G 1211,HD 88955,4.2,1.33
G 1212,HD 88907,7.0,2.23
G 1213,HD 88976,6.8,5.46
G 1214,HD 89056,6.0,2.41
G 1215,HD 89062,5.5,1.66
G 1216,HD 89064,8.0,4.35
G 1217,HD 89077,7.0,1.08
G 1219,HD 89095,7.5,1.00
G 1220,HD 89120,9.0,3.38
G 1221,HD 89105,8.0,0.73
G 1222,HD 89137,8.0,3.65
G 1223,HD 89175,7.5,4.02
G 1224,HD 89176,8.0,3.56
G 1225,HD 89192,7.0,1.04
G 1226,HD 89203,8.0,3.56
G 1227,HD 89273,7.0,1.05
G 1229,HD 89393,9.0,5.88
G 1230,HD 89484,2.0,1.91
G 1231,HD 89463,8.0,2.59
G 1233,HD 89587,7.0,1.93
G 1234,HD 89677,7.0,2.04
G 1235,HD 89681,7.0,2.88
G 1236,HD 89774,6.0,3.05
G 1237,HD 89740,7.0,2.34
G 1238,HD 89785,7.0,6.11
G 1239,HD 89836,9.0,0.92
G 1240,HD 89819,8.0,3.81
G 1241,HD 89901,8.5,3.32
G 1243,HD 89890,4.7,2.74
G 1244,HD 89900,8.0,1.23
G 1245,HD 89890,9.5,10.15
G 1246,HD 89915,8.0,5.04
G 1247,HD 89925,7.0,5.02
G 1248,HD 90000,8.0,6.14
G 1249,HD 90099,8.2,3.84
G 1250,HD 90074,7.0,4.73
G 1252,HD 90134,7.0,0.63
G 1253,HD 90170,6.7,4.77
G 1255,HD 90335,7.5,0.76
G 1256,HD 90264,5.5,2.11
G 1257,HD 90454,6.5,6.66
G 1258,HD 90520,7.5,2.50
G 1259,HD 90533,6.7,1.93
G 1260,HD 90625,8.0,4.48
G 1262,HD 90654,7.0,4.48
G 1263,HD 90589,4.2,1.11
G 1264,HD 90630,6.6,1.56
G 1265,HD 90898,7.0,1.14
G 1266,HD 90853,4.2,3.90
G 1267,HD 90872,6.5,4.53
G 1268,HD 90941,8.0,6.85
G 1269,HD 90980,6.0,3.98
G 1270,HD 91188,6.2,3.89
G 1271,HD 91242,8.0,2.03
G 1272,HD 91316,4.0,2.42
G 1273,HD 91241,8.0,4.25
G 1274,HD 91252,8.0,5.83
G 1275,HD 91370,7.5,2.13
G 1276,HD 91464,8.0,1.58
G 1277,HD 91507,7.0,2.21
G 1278,HD 91308,9.5,2.92
G 1279,HD 91533,7.0,6.20
G 1281,HD 91593,7.2,1.02
G 1282,HD 91645,7.0,0.84
G 1283,HD 91596,8.0,1.82
G 1284,HD 91609,8.0,2.12
G 1285,HD 91619,6.5,8.51
G 1286,HD 91805,6.7,2.17
G 1287,HD 91804,7.0,3.00
G 1288,HD 91836,9.0,5.30
G 1289,HD 91863,8.0,6.41
G 1290,HD 91848,7.5,2.52
G 1291,HD 91870,9.0,4.22
G 1292,HD 91633,9.0,2.76
G 1293,HD 91869,6.5,3.91
G 1294,HD 91904,7.0,0.80
G 1295,HD 91942,4.5,4.50
G 1296,HD 91943,8.0,6.03
G 1298,HD 91969,7.0,2.28
G 1299,HD 92057,7.0,1.59
G 1300,HD 92024,9.0,9.76
G 1301,HD 91620,8.0,1.65
G 1302,HD 92103,7.5,3.75
G 1303,HD 92139,4.5,5.82
G 1304,HD 92141,8.0,3.24
G 1305,HD 92207,6.0,6.26
G 1306,HD 92260,7.2,2.44
G 1307,HD 92298,8.5,3.28
G 1308,HD 91852,9.0,1.75
G 1309,HD 92403,8.0,5.35
G 1310,HD 92405,7.5,2.19
G 1311,HD 92435,7.5,6.69
G 1312,HD 92436,7.0,6.10
G 1314,HD 92487,8.2,2.12
G 1315,HD 92464,7.2,2.55
G 1316,HD 92501,7.0,0.72
G 1317,HD 92590,8.0,2.66
G 1318,HD 92238,9.0,0.91
G 1319,HD 92736,7.7,3.58
G 1320,HD 92755,8.0,3.01
G 1321,HD 92757,7.0,3.33
G 1322,HD 92741,7.0,2.66
G 1323,HD 92877,8.0,2.02
G 1324,HD 92949,7.0,3.67
G 1326,HD 93093,7.0,3.15
G 1327,HD 93128,7.2,2.23
G 1328,HD 93130,8.0,3.17
G 1331,HD 93191,8.5,2.09
G 1332,HD 93250,7.2,2.24
G 1333,HD 93300,8.0,1.60
G 1334,HD 93308,1.0,0.80
G 1336,HD 93337,8.5,3.64
G 1337,HD 93420,7.5,3.43
G 1338,HD 93372,7.0,2.82
G 1339,HD 93505,9.5,1.79
G 1341,HD 93549,5.0,3.85
G 1342,HD 93668,7.0,2.59
G 1343,HD 93648,9.0,2.10
G 1344,HD 93695,6.5,3.38
G 1345,HD 93737,6.2,2.71
G 1346,HD 93738,7.0,2.28
G 1347,HD 93777,8.5,2.74
G 1348,HD 93874,8.5,3.03
G 1349,HD 93723,8.0,3.10
G 1350,HD 93908,8.5,2.51
G 1351,HD 94019,7.0,4.21
G 1352,HD 94140,8.5,3.31
G 1353,HD 94144,7.0,3.26
G 1354,HD 94096,8.0,2.80
G 1355,HD 94146,8.5,3.08
G 1356,HD 94327,8.0,4.20
G 1357,HD 94173,7.0,7.06
G 1358,HD 94485,7.5,1.80
G 1359,HD 94506,7.5,1.49
G 1360,HD 94508,7.0,1.85
G 1361,HD 94454,7.0,3.55
G 1362,HD 94660,7.0,3.70
G 1363,HD 94776,6.0,0.54
G 1364,HD 94920,8.0,3.22
G 1365,HD 94995,8.0,1.18
G 1366,HD 94985,7.0,2.86
G 1367,HD 95137,8.0,3.06
G 1368,HD 95109,6.0,1.90
G 1369,HD 95263,7.0,2.77
G 1370,HD 95274,8.5,11.30
G 1371,HD 95285,7.5,4.43
G 1372,HD 95345,5.0,0.98
G 1373,HD 95324,6.0,3.71
G 1374,HD 95387,8.0,5.12
G 1375,HD 95407,7.5,6.23
G 1376,HD 95408,7.5,4.00
G 1377,HD 95409,7.5,7.25
G 1378,HD 95429,7.0,4.98
G 1379,HD 95492,8.0,3.59
G 1380,HD 95521,7.5,3.43
G 1381,HD 95534,7.0,4.31
G 1382,HD 95667,7.5,0.80
G 1383,HD 95716,7.0,0.37
G 1384,HD 95718,7.5,4.30
G 1385,HD 95880,7.5,0.40
G 1386,HD 96033,8.0,2.13
G 1387,HD 96097,5.0,1.90
G 1388,HD 96159,8.0,5.25
G 1389,HD 96205,7.0,3.43
G 1390,HD 96224,7.5,2.12
G 1391,HD 96248,7.0,5.18
G 1394,HD 96338,7.0,3.23
G 1395,HD 96446,7.0,4.84
G 1396,HD 96518,8.5,3.24
G 1397,HD 96701,8.5,5.43
G 1398,HD 96670,8.0,4.66
G 1399,HD 96844,7.0,5.57
G 1400,HD 97025,7.0,2.46
G 1401,HD 97201,7.0,0.33
G 1402,HD 97292,7.0,1.16
G 1403,HD 97465,7.5,4.40
G 1404,HD 97482,8.2,1.54
G 1405,HD 97603,2.5,1.69
G 1406,HD 97576,7.0,1.01
G 1407,HD 97592,7.0,3.44
G 1408,HD 97702,7.5,1.86
G 1409,HD 97789,7.0,1.57
G 1410,HD 97866,6.5,5.35
G 1411,HD 97881,7.0,2.24
G 1412,HD 97943,8.0,4.72
G 1413,HD 97998,6.0,2.59
G 1415,HD 98037,7.5,4.78
G 1416,HD 98096,8.0,1.76
G 1417,HD 98096,8.0,5.40
G 1418,HD 98126,7.0,4.65
G 1419,HD 98161,6.5,6.38
G 1420,HD 98175,7.0,1.45
G 1421,HD 98176,7.0,6.51
G 1422,HD 98233,7.0,0.29
G 1423,HD 98278,7.0,1.40
G 1424,HD 98303,8.0,2.27
G 1425,HD 98329,7.5,1.35
G 1426,HD 98340,7.5,6.17
G 1427,HD 98430,3.5,2.22
G 1428,HD 98664,4.0,4.91
G 1429,HD 98651,7.5,2.30
G 1431,HD 98792,7.5,3.06
G 1432,HD 98897,6.5,2.23
G 1433,HD 98922,7.0,1.48
G 1434,HD 98980,7.0,4.08
G 1435,HD 98983,8.0,1.05
G 1437,HD 99101,7.5,8.52
G 1438,HD 99335,8.0,6.03
G 1439,HD 99480,7.0,0.82
G 1440,HD 99508,8.0,3.88
G 1441,HD 99648,5.0,1.62
G 1442,HD 99627,7.5,4.09
G 1443,HD 99712,7.0,2.72
G 1444,HD 99854,8.0,4.18
G 1445,HD 100074,7.0,1.79
G 1446,HD 100209,8.0,2.37
G 1447,HD 100260,9.5,4.34
G 1448,HD 100262,5.0,1.35
G 1449,HD 100395,6.5,4.15
G 1451,HD 100721,7.0,4.56
G 1452,HD 100735,7.0,2.17
G 1453,HD 100854,7.0,3.36
G 1454,HD 100911,7.0,2.14
G 1455,HD 100980,8.5,3.15
G 1456,HD 101048,7.0,3.86
G 1457,HD 101146,8.5,3.79
G 1458,HD 101131,7.0,2.77
G 1459,HD 101158,7.0,1.09
G 1460,HD 101190,7.0,6.95
G 1461,HD 101215,8.0,4.80
G 1462,HD 101205,7.0,2.69
G 1463,HD 101309,7.7,3.64
G 1464,HD 101330,6.5,3.46
G 1465,HD 101388,7.5,2.18
G 1466,HD 101408,7.2,3.10
G 1467,HD 101452,8.0,4.37
G 1468,HD 101498,6.5,3.13
G 1469,HD 101566,7.5,1.75
G 1470,HD 101584,7.0,3.75
G 1471,HD 101598,7.5,1.32
G 1472,HD 101615,6.0,22.94
G 1473,HD 101682,7.5,0.90
G 1474,HD 102124,5.0,3.41
G 1475,HD 102174,7.0,3.29
G 1476,HD 102212,4.5,2.85
G 1477,HD 102288,8.0,3.84
G 1479,HD 102647,2.0,1.06
G 1480,HD 102657,7.5,2.16
G 1481,HD 102870,3.5,4.24
G 1482,HD 103043,9.0,3.55
G 1483,HD 103101,6.0,5.87
G 1484,HD 103257,6.5,2.56
G 1485,HD 103426,8.0,3.98
G 1486,HD 103822,8.0,4.13
G 1487,HD 103856,8.0,3.17
G 1488,HD 103862,8.0,0.75
G 1490,HD 103975,7.0,2.47
G 1491,HD 103962,7.5,2.41
G 1493,HD 104036,7.0,5.87
G 1494,HD 104080,7.0,4.57
G 1495,HD 104136,7.2,4.45
G 1496,HD 104321,4.5,3.10
G 1497,HD 104747,7.0,1.44
G 1498,HD 104839,7.0,1.40
G 1499,HD 104900,7.0,1.50
G 1500,HD 104933,6.5,5.52
G 1501,HD 104950,8.0,1.73
G 1502,HD 104979,4.0,2.29
G 1503,HD 105078,7.2,3.09
G 1504,HD 105096,7.0,3.92
G 1505,HD 105115,7.0,3.62
G 1506,HD 105150,8.0,2.40
G 1507,HD 105211,4.5,1.42
G 1508,HD 105382,4.0,0.71
G 1509,HD 105435,3.0,0.53
G 1510,HD 105610,7.5,3.17
G 1511,HD 106911,5.1,0.57
G 1515,HD 108250,6.5,3.77
G 1516,HD 108248,2.0,0.99
G 1517,HD 108248,3.0,6.61
G 1518,HD 108903,2.0,2.62
G 1519,HD 109024,8.0,2.64
G 1520,HD 109045,7.0,2.82
G 1521,HD 109276,7.5,4.76
G 1522,HD 109312,7.0,3.33
G 1523,HD 109324,7.5,1.41
G 1524,HD 109379,3.0,1.41
G 1525,HD 109563,7.0,3.26
G 1526,HD 109573,7.0,1.52
G 1527,HD 109638,7.5,5.54
G 1528,HD 110270,8.5,3.98
G 1529,HD 110304,2.7,2.60
G 1530,HD 110335,5.0,3.06
G 1532,HD 110458,6.2,2.29
G 1533,HD 110456,8.5,5.33
G 1534,HD 110668,8.0,5.60
G 1535,HD 110838,7.0,2.95
G 1536,HD 110851,9.0,3.17
G 1537,HD 110879,4.7,0.36
G 1538,HD 111123,2.0,1.40
G 1539,HD 111283,7.0,2.84
G 1540,HD 111452,8.0,2.52
G 1541,HD 111433,7.7,1.59
G 1542,HD 111519,6.5,1.28
G 1543,HD 111536,7.5,2.20
G 1544,HD 111790,7.5,2.32
G 1545,HD 111930,7.0,2.38
G 1546,HD 112192,7.0,4.13
G 1547,HD 112364,8.0,2.22
G 1548,HD 112300,3.0,1.81
G 1549,HD 112468,9.5,3.72
G 1550,HD 112412,7.0,0.95
G 1551,HD 112413,3.0,0.60
G 1553,HD 112685,7.5,2.95
G 1554,HD 112699,8.0,3.18
G 1555,HD 112760,8.5,5.17
G 1556,HD 112894,8.0,2.50
G 1557,HD 113009,8.0,2.95
G 1558,HD 113475,8.0,2.20
G 1559,HD 113504,8.5,3.25
G 1560,HD 113766,7.7,2.89
G 1561,HD 113919,7.5,0.34
G 1562,HD 113870,8.0,2.45
G 1563,HD 114042,8.5,4.14
G 1564,HD 113996,5.0,2.26
G 1565,HD 114050,7.0,5.39
G 1566,HD 114330,4.5,3.10
G 1567,HD 114461,7.0,0.85
G 1568,HD 114489,7.0,2.40
G 1569,HD 114513,8.0,1.94
G 1570,HD 114512,8.0,2.67
G 1571,HD 114982,8.5,3.19
G 1572,HD 114998,7.5,4.30
G 1573,HD 115050,7.0,0.53
G 1574,HD 115396,8.5,2.98
G 1575,HD 115527,7.0,3.54
G 1576,HD 115669,7.0,0.31
G 1577,HD 115892,3.0,1.41
G 1578,HD 115988,7.0,3.81
G 1579,HD 115987,8.0,2.30
G 1580,HD 116632,8.5,3.50
G 1581,HD 116081,7.5,0.84
G 1582,HD 116658,1.0,1.83
G 1583,HD 117374,6.5,4.06
G 1584,HD 117709,10.0,6.55
G 1585,HD 117197,8.5,2.41
G 1586,HD 117483,7.5,1.79
G 1587,HD 118015,8.5,2.97
G 1588,HD 118098,3.5,3.53
G 1589,HD 118344,6.0,2.28
G 1590,HD 118337,7.0,0.42
G 1591,HD 118666,6.5,1.44
G 1592,HD 119149,6.0,3.43
G 1593,HD 119423,8.0,2.23
G 1594,HD 119430,8.0,3.16
G 1595,HD 119699,6.5,4.94
G 1596,HD 119693,7.5,4.20
G 1597,HD 119956,7.0,0.75
G 1598,HD 120315,2.0,4.74
G 1599,HD 120891,8.0,4.38
G 1601,HD 121162,8.5,0.80
G 1602,HD 121439,6.5,3.64
G 1603,HD 121454,6.5,3.28
G 1604,HD 121370,3.0,1.27
G 1606,HD 122451,1.0,0.14
G 1607,HD 122683,7.0,3.11
G 1608,HD 123569,7.0,1.95
G 1609,HD 123994,8.0,1.38
G 1610,HD 124309,7.5,2.34
G 1611,HD 124294,4.5,3.17
G 1612,HD 124850,4.0,4.39
G 1613,HD 124897,1.0,0.91
G 1614,HD 125383,6.0,1.14
G 1615,HD 125337,4.5,2.44
G 1616,HD 126862,6.0,1.94
G 1617,HD 127317,8.0,2.61
G 1618,HD 127490,8.5,1.32
G 1619,HD 128620,4.0,5.22
G 1620,HD 128620,1.0,1.87
G 1622,HD 129989,2.0,2.09
G 1623,HD 131246,6.5,4.33
G 1624,HD 130518,7.0,0.89
G 1625,HD 130841,2.5,1.15
G 1626,HD 131751,7.0,1.43
G 1627,HD 131918,6.0,3.08
G 1628,HD 132058,3.0,2.14
G 1629,HD 132905,6.0,0.76
G 1630,HD 132742,5.0,1.16
G 1631,HD 133507,7.0,4.76
G 1632,HD 134270,6.0,2.56
G 1633,HD 134742,7.0,4.14
G 1634,HD 135382,2.7,1.48
G 1635,HD 135742,2.0,1.83
G 1636,HD 136300,7.0,3.17
G 1637,HD 137641,6.0,1.28
G 1638,HD 138289,7.0,2.66
G 1639,HD 137744,4.0,4.16
G 1640,HD 139004,7.0,1.35
G 1641,HD 138905,4.5,0.63
G 1642,HD 139006,2.0,0.55
G 1643,HD 140475,7.5,2.45
G 1644,HD 140417,6.0,1.40
G 1646,HD 142139,6.5,7.78
G 1647,HD 142514,6.0,1.33
G 1648,HD 142198,5.0,2.28
G 1649,HD 142676,7.0,1.09
G 1650,HD 142699,7.5,7.90
G 1651,HD 143275,2.5,0.84
G 1652,HD 144217,2.0,0.92
G 1653,HD 144218,5.5,9.02
G 1654,HD 146051,3.0,1.26
G 1655,HD 147513,6.5,2.24
G 1656,HD 147700,5.0,1.96
G 1659,HD 148478,1.5,1.22
G 1660,HD 148786,5.0,2.62
G 1662,HD 149835,7.5,1.37
G 1663,HD 150798,1.8,0.14
G 1664,HD 150416,5.5,2.46
G 1665,HD 150886,7.0,1.98
G 1666,HD 151517,7.5,2.15
G 1667,HD 152273,6.0,3.10
G 1668,HD 152237,7.0,1.41
G 1669,HD 153075,7.0,2.26
G 1670,HD 153985,7.0,1.37
G 1671,HD 153950,7.0,4.08
G 1672,HD 154775,7.0,1.56
G 1673,HD 154825,9.0,1.10
G 1674,HD 155035,7.0,0.48
G 1675,HD 155190,6.0,4.82
G 1676,HD 155203,3.0,2.00
G 1677,HD 155125,2.5,5.51
G 1678,HD 155875,7.0,8.03
G 1680,HD 156897,5.0,1.93
G 1681,HD 157246,3.0,3.67
G 1682,HD 157056,3.5,0.61
G 1683,HD 157244,3.0,1.43
G 1684,HD 157317,7.0,2.53
G 1685,HD 157770,7.5,3.28
G 1686,HD 157786,7.5,3.33
G 1687,HD 157819,6.0,4.18
G 1688,HD 158094,4.2,0.50
G 1690,HD 158220,7.0,1.07
G 1691,HD 158427,3.0,1.84
G 1692,HD 158748,7.0,1.83
G 1693,HD 158643,5.0,2.75
G 1694,HD 159558,6.2,1.57
G 1696,HD 159181,2.5,3.85
G 1697,HD 159561,2.0,0.75
G 1700,HD 177482,5.5,0.16
G 1702,HD 160718,8.0,2.49
G 1703,HD 160613,4.0,2.06
G 1705,HD 161096,3.0,1.05
G 1706,HD 161814,6.0,2.91
G 1707,HD 161741,9.0,1.12
G 1708,HD 162151,7.5,1.49
G 1710,HD 162123,6.0,3.31
G 1711,HD 163126,7.5,1.03
G 1712,HD 163713,7.0,2.03
G 1713,HD 163181,7.0,2.16
G 1715,HD 163617,7.0,2.17
G 1716,HD 163729,7.5,1.88
G 1717,HD 164233,6.0,4.72
G 1718,HD 164058,2.5,6.06
G 1719,HD 165022,6.0,2.10
G 1721,HD 165861,6.5,1.97
G 1722,HD 166275,8.0,0.92
G 1724,HD 166653,7.0,2.81
G 1725,HD 166653,0.0,6.35
G 1727,HD 166912,7.0,3.52
G 1728,HD 166937,4.0,1.56
G 1730,HD 167852,7.0,2.93
G 1731,HD 167991,7.0,2.62
G 1732,HD 168292,8.0,4.49
G 1735,HD 168849,6.0,2.38
G 1736,HD 168871,7.0,1.65
G 1737,HD 169570,6.3,2.14
G 1738,HD 170848,7.5,1.00
G 1739,HD 169259,8.5,4.24
G 1740,HD 170286,8.0,2.97
G 1741,HD 169916,3.0,0.82
G 1743,HD 170338,6.0,3.03
G 1744,HD 170388,7.0,3.87
G 1745,HD 170525,6.0,2.08
G 1746,HD 170873,6.7,1.27
G 1747,HD 170946,7.0,0.95
G 1749,HD 171502,7.0,1.06
G 1752,HD 172167,1.0,0.33
G 1755,HD 173697,7.0,5.94
G 1756,HD 173660,7.0,5.52
G 1757,HD 173895,8.0,3.75
G 1758,HD 173715,6.0,5.81
G 1759,HD 173712,7.0,5.83
G 1760,HD 173791,7.0,2.69
G 1763,HD 174638,3.0,0.19
G 1764,HD 175219,6.5,4.41
G 1765,HD 174974,5.0,1.18
G 1766,HD 175191,2.5,1.24
G 1767,HD 175529,7.0,1.29
G 1768,HD 175585,7.5,2.55
G 1770,HD 176110,7.5,2.87
G 1771,HD 176354,7.0,2.64
G 1772,HD 176232,6.0,4.10
G 1773,HD 176664,7.0,3.97
G 1775,HD 177300,7.5,4.10
G 1776,HD 177241,4.0,1.51
G 1777,HD 177721,9.5,4.75
G 1778,HD 177928,7.5,2.62
G 1779,HD 178257,8.5,2.26
G 1781,HD 177724,3.0,1.12
G 1782,HD 178563,7.0,1.39
G 1783,HD 178558,7.5,4.13
G 1784,HD 178524,3.0,1.31
G 1785,HD 179391,8.0,6.51
G 1786,HD 179433,6.5,1.91
G 1787,HD 179775,7.0,2.31
G 1788,HD 180134,7.0,8.01
G 1789,HD 181019,7.0,0.50
G 1790,HD 181064,8.3,2.46
G 1791,HD 180909,7.0,4.31
G 1792,HD 181673,7.0,1.87
G 1794,HD 181401,7.0,1.09
G 1795,HD 182254,8.5,2.69
G 1797,HD 182028,9.0,3.44
G 1798,HD 182893,7.0,3.26
G 1799,HD 182640,3.5,1.02
G 1800,HD 183028,7.0,2.78
G 1801,HD 184349,7.5,1.72
G 1802,HD 184439,9.0,6.77
G 1803,HD 184707,4.5,1.05
G 1804,HD 186154,6.0,2.67
G 1805,HD 185996,8.5,0.68
G 1806,HD 185771,7.0,1.48
G 1807,HD 186005,5.0,1.66
G 1808,HD 186791,3.0,0.82
G 1809,HD 187915,8.0,0.55
G 1810,HD 188229,7.0,3.17
G 1811,HD 187642,1.5,0.66
G 1812,HD 188512,4.0,1.10
G 1813,HD 190202,7.5,2.08
G 1814,HD 190422,5.0,1.62
G 1815,HD 191306,7.5,3.10
G 1816,HD 191349,7.0,2.05
G 1817,HD 192740,7.0,1.08
G 1818,HD 192758,7.0,0.71
G 1819,HD 192826,7.5,1.35
G 1820,HD 192844,7.5,1.08
G 1821,HD 192947,3.5,1.36
G 1822,HD 193495,3.0,1.38
G 1823,HD 193924,1.8,1.25
G 1825,HD 194783,7.0,1.59
G 1826,HD 195284,7.0,2.14
G 1827,HD 196051,7.0,1.68
G 1828,HD 195805,7.0,3.02
G 1829,HD 195961,6.0,2.70
G 1830,HD 196265,8.0,2.27
G 1831,HD 196171,3.0,7.01
G 1832,HD 197070,9.0,2.15
G 1833,HD 196777,5.5,1.72
G 1834,HD 197325,7.5,1.65
G 1835,HD 197544,7.5,2.56
G 1836,HD 197345,1.5,1.28
G 1837,HD 197692,4.5,1.04
G 1838,HD 198592,8.5,2.41
G 1839,HD 198829,7.0,1.85
G 1840,HD 198855,6.5,1.49
G 1841,HD 199532,4.5,1.51
G 1842,HD 199639,7.0,1.51
G 1843,HD 199818,8.0,2.22
G 1844,HD 199994,7.0,0.89
G 1845,HD 200285,8.0,3.85
G 1846,HD 200475,8.0,1.33
G 1847,HD 202418,7.0,3.75
G 1848,HD 201091,5.5,2.39
G 1849,HD 201381,4.5,1.82
G 1851,HD 202581,9.5,2.64
G 1852,HD 202109,3.0,1.11
G 1853,HD 202375,7.5,2.57
G 1854,HD 202369,6.0,0.41
G 1855,HD 203213,0.0,0.46
G 1856,HD 203148,7.0,2.23
G 1857,HD 203387,4.5,0.72
G 1858,HD 203608,3.0,0.95
G 1859,HD 204867,3.0,1.16
G 1860,HD 205478,6.0,1.65
G 1861,HD 205913,7.0,2.66
G 1862,HD 205993,9.0,4.64
G 1863,HD 206025,8.0,2.10
G 1864,HD 206038,7.0,2.59
G 1865,HD 206088,3.5,1.92
G 1866,HD 206778,2.5,1.24
G 1867,HD 207098,3.2,1.28
G 1868,HD 207430,7.5,0.26
G 1869,HD 207918,10.0,2.32
G 1870,HD 207971,3.0,1.08
G 1871,HD 207958,5.0,3.99
G 1872,HD 208500,7.0,0.17
G 1873,HD 208595,9.0,0.14
G 1874,HD 209100,5.5,1.64
G 1875,HD 208992,7.0,1.38
G 1876,HD 209750,3.0,1.76
G 1877,HD 209819,5.5,1.81
G 1878,HD 209952,2.0,0.69
G 1880,HD 211054,8.0,2.28
G 1881,HD 211299,6.5,0.42
G 1882,HD 211261,8.0,2.22
G 1883,HD 211416,3.0,0.51
G 1884,HD 211415,6.0,2.49
G 1885,HD 211391,4.5,1.20
G 1886,HD 211809,8.5,2.29
G 1887,HD 211942,6.5,1.16
G 1888,HD 212581,10.5,8.05
G 1889,HD 212581,5.5,1.58
G 1890,HD 212662,8.5,0.94
G 1891,HD 212878,7.0,0.42
G 1892,HD 213320,4.5,2.58
G 1893,HD 213493,7.0,2.12
G 1894,HD 213479,7.0,1.25
G 1896,HD 214486,7.0,2.69
G 1902,HD 214923,3.5,0.84
G 1904,HD 217208,8.2,1.02
G 1905,HD 215294,9.0,4.10
G 1906,HD 215617,7.2,1.15
G 1908,HD 216000,8.0,0.86
G 1909,HD 216042,7.0,1.73
G 1910,HD 216032,4.0,0.48
G 1911,HD 216099,7.0,1.32
G 1912,HD 216169,7.0,1.38
G 1916,HD 216956,1.8,0.47
G 1917,HD 218362,8.7,1.10
G 1918,HD 217690,9.0,0.88
G 1919,HD 217614,8.0,2.61
G 1921,HD 218045,2.5,0.72
G 1923,HD 218379,7.0,4.77
G 1926,HD 219765,5.7,2.17
G 1927,HD 219089,10.0,1.50
G 1928,HD 219074,8.0,0.95
G 1930,HD 219215,4.5,2.29
G 1931,HD 219302,7.0,1.53
G 1932,HD 219301,6.0,2.62
G 1933,HD 219392,7.0,2.09
G 1934,HD 219615,4.0,2.78
G 1935,HD 219832,5.0,1.35
G 1936,HD 220233,9.2,2.46
G 1937,HD 220392,6.0,2.42
G 1938,HD 220428,7.0,3.20
G 1939,HD 220954,4.5,1.07
G 1940,HD 221288,10.0,5.00
G 1941,HD 221275,7.2,2.42
G 1942,HD 221315,7.5,2.73
G 1944,HD 222348,7.5,0.90
G 1945,HD 222363,6.5,2.03
G 1946,HD 222368,4.5,1.31
G 1947,HD 222493,6.0,0.16
G 1948,HD 223067,9.0,3.00
G 1949,HD 223171,7.0,3.27
G 1950,HD 223223,7.0,1.81
G 1951,HD 223256,6.5,4.01
G 1952,HD 223911,8.0,0.84
G 1953,HD 223967,7.0,1.37
G 1954,HD 224147,8.0,2.56
G 1955,HD 224164,7.5,2.18
G 1956,HD 224362,5.0,2.77
G 1957,HD 224533,5.5,2.25
G 1958,HD 224554,5.5,0.87
G 1959,HD 224850,7.0,2.59
G 1960,HD 224878,7.0,1.63
G 1961,HD 224937,8.0,3.96
G 1962,HD 224949,7.0,4.95
G 1963,HD 28,5.0,2.55
