index1,index2,mag,dist
ZC 0h 672,SAO 192589,0.0,1.59
ZC 0h 673,SAO 166335,0.0,2.61
ZC 0h 690,SAO 166342,0.0,3.73
ZC 0h 693,SAO 166343,0.0,0.83
ZC 0h 1191,SAO 192781,0.0,0.62
ZC 0h 1201,SAO 192783,0.0,1.71
ZC 0h 1387,SAO 166727,0.0,0.58
ZC 0h 1397,SAO 166735,0.0,0.49
ZC 0h 1459,SAO 215336,0.0,1.32
ZC 1h 587,SAO 167075,0.0,1.78
ZC 5h 202,SAO 249196,0.0,1.36
ZC 5h 534,SAO 195748,0.0,2.04
ZC 5h 1088,SAO 256188,0.0,1.10
ZC 6h 333,SAO 217767,0.0,2.18
ZC 6h 430,SAO 217786,0.0,1.98
ZC 6h 1522,SAO 172053,0.0,2.10
ZC 6h 2061,SAO 197204,0.0,2.51
ZC 6h 2298,SAO 172444,0.0,3.25
ZC 6h 2324,SAO 249644,0.0,2.66
ZC 6h 2418,SAO 172509,0.0,3.93
ZC 7h 33,SAO 218430,0.0,5.44
ZC 7h 2892,SAO 198375,0.0,2.18
ZC 7h 3157,SAO 198446,0.0,1.77
ZC 7h 3794,SAO 198600,0.0,1.15
ZC 8h 473,SAO 219512,0.0,2.31
ZC 8h 3254,SAO 236217,0.0,4.23
ZC 8h 3404,SAO 220414,0.0,1.74
ZC 8h 3434,SAO 220430,0.0,1.42
ZC 8h 3454,SAO 220441,0.0,2.72
ZC 8h 3526,SAO 220465,0.0,1.46
ZC 8h 3530,SAO 220471,0.0,0.19
ZC 8h 3552,SAO 220484,0.0,2.82
ZC 8h 3620,SAO 220506,0.0,1.00
ZC 8h 3664,SAO 220519,0.0,2.43
ZC 9h 4429,SAO 250780,0.0,1.36
ZC 9h 4554,SAO 237650,0.0,1.67
ZC 10h 393,SAO 221830,0.0,2.73
ZC 10h 713,SAO 221900,0.0,3.85
ZC 10h 2024,SAO 238162,0.0,1.56
ZC 10h 2068,SAO 238179,0.0,2.25
ZC 10h 2169,SAO 238207,0.0,2.25
ZC 10h 2596,SAO 238329,0.0,1.75
ZC 10h 2717,SAO 238368,0.0,1.53
ZC 10h 3032,SAO 238459,0.0,1.76
ZC 10h 3082,SAO 251122,0.0,1.50
ZC 10h 3113,SAO 251125,0.0,2.75
ZC 10h 3165,SAO 238498,0.0,0.84
ZC 10h 3166,SAO 238497,0.0,1.75
ZC 10h 3256,SAO 251142,0.0,1.88
ZC 10h 3290,SAO 238520,0.0,2.13
ZC 10h 3431,SAO 238548,0.0,2.75
ZC 10h 3447,SAO 238555,0.0,0.74
ZC 10h 3538,SAO 238579,0.0,1.74
ZC 10h 3619,SAO 238594,0.0,10.25
ZC 10h 3715,SAO 238611,0.0,3.61
ZC 10h 3761,SAO 238619,0.0,2.59
ZC 10h 3815,SAO 238633,0.0,1.80
ZC 10h 3929,SAO 238659,0.0,1.88
ZC 10h 3946,SAO 238663,0.0,1.83
ZC 10h 3960,SAO 238669,0.0,1.30
ZC 10h 3971,SAO 238670,0.0,1.91
ZC 10h 3983,SAO 238677,0.0,2.32
ZC 10h 4001,SAO 238680,0.0,1.90
ZC 10h 4079,SAO 238700,0.0,2.92
ZC 10h 4134,SAO 238707,0.0,3.20
ZC 10h 4310,SAO 238740,0.0,2.96
ZC 10h 4356,SAO 238750,0.0,1.21
ZC 11h 2,SAO 238756,0.0,3.05
ZC 11h 116,SAO 238785,0.0,4.20
ZC 11h 122,SAO 238788,0.0,4.07
ZC 11h 128,SAO 238790,0.0,2.85
ZC 11h 133,SAO 238791,0.0,0.04
ZC 11h 181,SAO 238800,0.0,3.39
ZC 11h 185,SAO 238801,0.0,2.54
ZC 11h 231,SAO 238812,0.0,1.99
ZC 11h 285,SAO 238821,0.0,2.15
ZC 11h 318,SAO 238828,0.0,1.19
ZC 11h 353,SAO 238835,0.0,1.61
ZC 11h 365,SAO 238837,0.0,2.70
ZC 12h 2753,SAO 252071,0.0,0.68
ZC 12h 2846,SAO 252091,0.0,2.09
ZC 13h 559,SAO 240707,0.0,2.16
ZC 13h 1225,SAO 204486,0.0,4.41
ZC 13h 1246,SAO 204493,0.0,2.60
ZC 13h 1554,SAO 240949,0.0,2.79
ZC 13h 1586,SAO 240953,0.0,2.32
ZC 13h 2013,SAO 204724,0.0,3.65
ZC 13h 2497,SAO 241202,0.0,2.74
ZC 13h 3032,SAO 241327,0.0,1.13
ZC 13h 3055,SAO 224569,0.0,3.79
ZC 13h 3694,SAO 252626,0.0,2.15
ZC 14h 5,SAO 257120,0.0,3.89
ZC 14h 124,SAO 205236,0.0,3.31
ZC 14h 324,SAO 252659,0.0,1.78
ZC 14h 376,SAO 252666,0.0,1.56
ZC 14h 594,SAO 241597,0.0,2.57
ZC 14h 2250,SAO 205862,0.0,1.49
ZC 14h 3040,SAO 252971,0.0,2.89
ZC 14h 3205,SAO 225339,0.0,2.06
ZC 14h 3455,SAO 225393,0.0,1.20
ZC 14h 3479,SAO 225400,0.0,1.80
ZC 14h 3645,SAO 206276,0.0,2.96
ZC 15h 121,SAO 206343,0.0,1.36
ZC 15h 2488,SAO 206911,0.0,1.15
ZC 15h 2512,SAO 206916,0.0,1.47
ZC 15h 2540,SAO 206922,0.0,3.11
ZC 15h 2897,SAO 207006,0.0,1.79
ZC 15h 3001,SAO 226299,0.0,3.27
ZC 15h 3096,SAO 253339,0.0,1.53
ZC 15h 3101,SAO 253340,0.0,2.86
ZC 15h 3317,SAO 243148,0.0,1.08
ZC 15h 3447,SAO 243184,0.0,1.70
ZC 16h 190,SAO 207416,0.0,4.42
ZC 16h 955,SAO 226694,0.0,2.09
ZC 16h 1880,SAO 243995,0.0,0.61
ZC 16h 1974,SAO 207819,0.0,1.04
ZC 16h 1977,SAO 207821,0.0,2.10
ZC 16h 3305,SAO 208177,0.0,2.10
ZC 16h 3546,SAO 184834,0.0,1.99
ZC 16h 3568,SAO 184838,0.0,1.91
ZC 16h 4151,SAO 227635,0.0,1.98
ZC 17h 2345,SAO 244991,0.0,1.81
ZC 17h 2848,SAO 209331,0.0,1.86
ZC 17h 4031,SAO 186297,0.0,2.51
ZC 18h 16,SAO 186325,0.0,2.43
ZC 18h 1147,SAO 245505,0.0,3.30
ZC 18h 2826,SAO 245877,0.0,1.59
ZC 18h 2960,SAO 210864,0.0,1.08
ZC 19h 179,SAO 254512,0.0,8.13
ZC 19h 453,SAO 246037,0.0,1.12
ZC 19h 1541,SAO 254650,0.0,2.14
ZC 19h 1688,SAO 188565,0.0,1.53
ZC 20h 1717,SAO 230490,0.0,1.61
ZC 20h 1869,SAO 190010,0.0,1.84
ZC 20h 1888,SAO 190019,0.0,0.33
ZC 21h 663,SAO 190376,0.0,3.82
ZC 21h 1065,SAO 213212,0.0,1.42
ZC 21h 1732,SAO 230955,0.0,3.16
ZC 21h 1878,SAO 247315,0.0,1.02
ZC 21h 1884,SAO 247317,0.0,1.17
ZC 22h 31,SAO 213571,0.0,2.44
ZC 22h 191,SAO 231040,0.0,1.37
ZC 22h 192,SAO 231041,0.0,1.65
ZC 0h 275,SAO 192435,0.0,4.30
ZC 0h 295,SAO 248150,0.0,0.79
ZC 0h 325,SAO 248158,0.0,1.35
ZC 0h 388,SAO 255659,0.0,1.85
ZC 0h 391,SAO 248168,0.0,1.13
ZC 0h 412,SAO 248170,0.0,3.07
ZC 0h 459,SAO 248177,0.0,0.96
ZC 0h 474,SAO 255667,0.0,1.43
ZC 0h 515,SAO 248181,0.0,1.66
ZC 0h 585,SAO 232051,0.0,2.85
ZC 0h 600,SAO 192551,0.0,1.68
ZC 0h 685,SAO 255676,0.0,0.56
ZC 0h 788,SAO 192628,0.0,0.94
ZC 0h 797,SAO 215163,0.0,2.11
ZC 0h 825,SAO 192642,0.0,2.27
ZC 0h 886,SAO 215183,0.0,1.33
ZC 0h 902,SAO 192662,0.0,2.67
ZC 0h 1065,SAO 192732,0.0,2.13
ZC 0h 1237,SAO 192798,0.0,2.96
ZC 0h 1268,SAO 192810,0.0,3.39
ZC 0h 1294,SAO 215292,0.0,2.47
ZC 0h 1490,SAO 192896,0.0,1.52
ZC 0h 1546,SAO 215358,0.0,1.40
ZC 1h 86,SAO 192954,0.0,2.25
ZC 1h 168,SAO 215409,0.0,1.92
ZC 1h 174,SAO 215410,0.0,1.70
ZC 1h 233,SAO 215424,0.0,1.18
ZC 1h 245,SAO 193007,0.0,1.28
ZC 1h 247,SAO 193009,0.0,1.74
ZC 1h 304,SAO 193035,0.0,1.45
ZC 1h 397,SAO 193066,0.0,0.88
ZC 1h 401,SAO 215467,0.0,1.70
ZC 1h 404,SAO 193069,0.0,1.31
ZC 1h 481,SAO 167024,0.0,1.42
ZC 1h 682,SAO 193164,0.0,2.95
ZC 1h 744,SAO 215559,0.0,1.94
ZC 1h 1190,SAO 248444,0.0,1.39
ZC 1h 1251,SAO 232559,0.0,0.34
ZC 2h 314,SAO 193618,0.0,3.51
ZC 2h 379,SAO 193643,0.0,2.67
ZC 2h 462,SAO 193675,0.0,1.97
ZC 2h 556,SAO 167789,0.0,2.15
ZC 2h 633,SAO 215912,0.0,2.09
ZC 2h 703,SAO 215929,0.0,2.36
ZC 2h 748,SAO 193764,0.0,3.05
ZC 2h 782,SAO 193778,0.0,2.72
ZC 2h 844,SAO 215960,0.0,2.13
ZC 2h 1560,SAO 168253,0.0,3.19
ZC 3h 686,SAO 233116,0.0,2.95
ZC 3h 865,SAO 194374,0.0,1.10
ZC 3h 1638,SAO 216575,0.0,2.74
ZC 4h 63,SAO 194766,0.0,7.89
ZC 4h 1015,SAO 195131,0.0,1.97
ZC 5h 2136,SAO 234227,0.0,2.74
ZC 6h 102,SAO 171266,0.0,2.90
ZC 6h 584,SAO 217823,0.0,3.09
ZC 6h 983,SAO 217914,0.0,3.63
ZC 6h 2663,SAO 249671,0.0,2.26
ZC 7h 367,SAO 197650,0.0,3.09
ZC 7h 2903,SAO 218938,0.0,2.49
ZC 7h 2917,SAO 198386,0.0,2.54
ZC 7h 3036,SAO 218957,0.0,1.94
ZC 7h 3039,SAO 218956,0.0,2.20
ZC 8h 667,SAO 198936,0.0,0.15
ZC 8h 2043,SAO 219971,0.0,1.72
ZC 8h 2925,SAO 236143,0.0,1.88
ZC 9h 1298,SAO 200274,0.0,5.80
ZC 9h 2356,SAO 200516,0.0,3.42
ZC 9h 3882,SAO 250738,0.0,9.44
ZC 10h 726,SAO 221908,0.0,1.53
ZC 10h 1370,SAO 178776,0.0,1.48
ZC 10h 1493,SAO 178810,0.0,0.44
ZC 10h 1585,SAO 250954,0.0,3.29
ZC 10h 1698,SAO 238090,0.0,2.87
ZC 10h 4359,SAO 251250,0.0,1.17
ZC 11h 1170,SAO 239006,0.0,2.22
ZC 11h 3336,SAO 202935,0.0,2.22
ZC 11h 3378,SAO 239489,0.0,1.25
ZC 11h 3450,SAO 239510,0.0,1.70
ZC 11h 3488,SAO 202972,0.0,3.88
ZC 11h 3575,SAO 223143,0.0,2.55
ZC 11h 3600,SAO 223148,0.0,2.80
ZC 11h 3659,SAO 223157,0.0,1.49
ZC 11h 3759,SAO 239588,0.0,0.97
ZC 12h 1384,SAO 223461,0.0,3.31
ZC 12h 1443,SAO 203531,0.0,2.89
ZC 12h 1464,SAO 223479,0.0,1.21
ZC 12h 1491,SAO 223483,0.0,2.76
ZC 12h 1520,SAO 203554,0.0,2.07
ZC 12h 1547,SAO 223493,0.0,3.30
ZC 12h 1557,SAO 240042,0.0,1.32
ZC 12h 1824,SAO 203631,0.0,3.04
ZC 12h 1838,SAO 203635,0.0,3.27
ZC 12h 1854,SAO 180960,0.0,2.14
ZC 12h 1880,SAO 223561,0.0,2.77
ZC 12h 1909,SAO 223566,0.0,3.79
ZC 12h 1967,SAO 240123,0.0,2.10
ZC 12h 1972,SAO 240124,0.0,1.76
ZC 12h 1991,SAO 223584,0.0,2.55
ZC 12h 2025,SAO 181005,0.0,2.38
ZC 12h 2148,SAO 181039,0.0,2.58
ZC 12h 2162,SAO 223621,0.0,2.83
ZC 12h 2177,SAO 181046,0.0,2.24
ZC 12h 2202,SAO 181055,0.0,3.01
ZC 12h 2269,SAO 203766,0.0,3.34
ZC 12h 2282,SAO 240213,0.0,1.55
ZC 12h 2359,SAO 223660,0.0,2.03
ZC 12h 2763,SAO 181190,0.0,2.72
ZC 12h 2792,SAO 181199,0.0,2.94
ZC 12h 2871,SAO 203936,0.0,3.07
ZC 12h 2902,SAO 223763,0.0,2.54
ZC 12h 2933,SAO 240401,0.0,0.26
ZC 12h 2948,SAO 203954,0.0,2.01
ZC 12h 2959,SAO 223777,0.0,2.58
ZC 12h 3013,SAO 223790,0.0,2.79
ZC 12h 3026,SAO 203977,0.0,2.89
ZC 12h 3044,SAO 203984,0.0,2.11
ZC 12h 3050,SAO 240438,0.0,1.54
ZC 12h 3171,SAO 204026,0.0,0.85
ZC 12h 3332,SAO 223869,0.0,2.66
ZC 12h 3353,SAO 181353,0.0,1.06
ZC 12h 3380,SAO 240522,0.0,2.27
ZC 12h 3405,SAO 223883,0.0,2.24
ZC 12h 3413,SAO 240532,0.0,17.37
ZC 12h 3438,SAO 240540,0.0,1.54
ZC 12h 3447,SAO 240541,0.0,1.33
ZC 12h 3463,SAO 204114,0.0,2.81
ZC 12h 3496,SAO 223901,0.0,3.68
ZC 12h 3520,SAO 181386,0.0,2.02
ZC 13h 8,SAO 181392,0.0,1.77
ZC 13h 43,SAO 223919,0.0,3.03
ZC 13h 301,SAO 252202,0.0,1.20
ZC 13h 356,SAO 204240,0.0,3.74
ZC 13h 366,SAO 204245,0.0,2.40
ZC 13h 373,SAO 181464,0.0,1.69
ZC 13h 385,SAO 204250,0.0,0.84
ZC 13h 449,SAO 204271,0.0,3.08
ZC 13h 573,SAO 204305,0.0,3.43
ZC 13h 608,SAO 204314,0.0,3.40
ZC 13h 641,SAO 224044,0.0,3.57
ZC 13h 670,SAO 240726,0.0,3.00
ZC 13h 877,SAO 181581,0.0,0.95
ZC 13h 912,SAO 181592,0.0,1.38
ZC 13h 1442,SAO 240919,0.0,1.15
ZC 13h 1465,SAO 204551,0.0,1.99
ZC 13h 2174,SAO 204768,0.0,2.62
ZC 13h 2210,SAO 224379,0.0,1.89
ZC 13h 2246,SAO 204792,0.0,2.24
ZC 13h 2267,SAO 181919,0.0,0.37
ZC 13h 2290,SAO 224397,0.0,2.42
ZC 13h 2300,SAO 204804,0.0,3.84
ZC 13h 2323,SAO 241156,0.0,1.96
ZC 13h 2399,SAO 204831,0.0,1.83
ZC 13h 2942,SAO 204982,0.0,0.60
ZC 13h 3156,SAO 205056,0.0,4.12
ZC 14h 821,SAO 224846,0.0,3.57
ZC 14h 870,SAO 224858,0.0,2.83
ZC 14h 907,SAO 205474,0.0,2.59
ZC 14h 923,SAO 182465,0.0,2.15
ZC 14h 1065,SAO 205518,0.0,1.56
ZC 14h 1106,SAO 205528,0.0,3.19
ZC 14h 1116,SAO 205535,0.0,3.15
ZC 14h 1121,SAO 252747,0.0,1.08
ZC 14h 1209,SAO 205558,0.0,2.33
ZC 14h 1260,SAO 182551,0.0,2.68
ZC 14h 1290,SAO 205582,0.0,2.82
ZC 14h 1313,SAO 205588,0.0,3.43
ZC 14h 1388,SAO 182588,0.0,2.40
ZC 14h 1455,SAO 252778,0.0,2.20
ZC 14h 1481,SAO 205635,0.0,1.99
ZC 14h 1552,SAO 252789,0.0,1.63
ZC 14h 1580,SAO 182638,0.0,3.34
ZC 14h 1614,SAO 241801,0.0,2.70
ZC 14h 1639,SAO 205675,0.0,1.78
ZC 14h 1666,SAO 205695,0.0,2.21
ZC 14h 1688,SAO 241810,0.0,1.48
ZC 14h 1808,SAO 252828,0.0,2.25
ZC 14h 1817,SAO 182681,0.0,1.53
ZC 14h 1834,SAO 241854,0.0,1.76
ZC 14h 1841,SAO 241853,0.0,1.09
ZC 14h 2237,SAO 252868,0.0,2.50
ZC 14h 2377,SAO 205900,0.0,2.39
ZC 14h 2384,SAO 252880,0.0,0.74
ZC 14h 2404,SAO 205909,0.0,3.19
ZC 14h 2455,SAO 205919,0.0,1.92
ZC 14h 2470,SAO 205925,0.0,2.98
ZC 14h 2503,SAO 225189,0.0,2.27
ZC 14h 2556,SAO 205949,0.0,3.00
ZC 14h 2786,SAO 182929,0.0,1.91
ZC 14h 2932,SAO 206058,0.0,1.65
ZC 14h 2953,SAO 252961,0.0,1.88
ZC 14h 2979,SAO 182978,0.0,1.90
ZC 14h 3071,SAO 206104,0.0,4.33
ZC 14h 3111,SAO 206115,0.0,2.65
ZC 14h 3131,SAO 183020,0.0,1.88
ZC 14h 3143,SAO 206127,0.0,2.34
ZC 14h 3236,SAO 225342,0.0,1.79
ZC 14h 3254,SAO 206163,0.0,3.21
ZC 14h 3285,SAO 206170,0.0,2.19
ZC 14h 3296,SAO 206174,0.0,2.83
ZC 14h 3310,SAO 183067,0.0,1.89
ZC 14h 3347,SAO 225375,0.0,1.33
ZC 14h 3375,SAO 206200,0.0,1.87
ZC 14h 3391,SAO 206207,0.0,2.35
ZC 14h 3404,SAO 225379,0.0,2.42
ZC 14h 3414,SAO 225389,0.0,2.15
ZC 14h 3432,SAO 206218,0.0,3.82
ZC 14h 3475,SAO 183098,0.0,3.26
ZC 14h 3492,SAO 242197,0.0,0.97
ZC 14h 3506,SAO 206240,0.0,3.25
ZC 14h 3529,SAO 183118,0.0,1.72
ZC 14h 3581,SAO 225418,0.0,2.30
ZC 14h 3598,SAO 206261,0.0,2.32
ZC 15h 347,SAO 242336,0.0,1.84
ZC 15h 359,SAO 206421,0.0,1.10
ZC 15h 371,SAO 206423,0.0,2.15
ZC 15h 401,SAO 206430,0.0,2.53
ZC 15h 418,SAO 183274,0.0,1.87
ZC 15h 1392,SAO 206675,0.0,3.53
ZC 15h 1411,SAO 183487,0.0,2.69
ZC 15h 1425,SAO 183492,0.0,1.47
ZC 15h 1478,SAO 206701,0.0,1.35
ZC 15h 1494,SAO 225848,0.0,2.77
ZC 15h 1509,SAO 225855,0.0,1.87
ZC 15h 1568,SAO 183524,0.0,1.11
ZC 15h 1577,SAO 225870,0.0,1.69
ZC 15h 1603,SAO 206719,0.0,2.31
ZC 15h 1648,SAO 183539,0.0,1.06
ZC 15h 1658,SAO 183543,0.0,1.77
ZC 15h 1687,SAO 206747,0.0,3.16
ZC 15h 1794,SAO 225927,0.0,1.09
ZC 15h 1823,SAO 225932,0.0,2.29
ZC 15h 1850,SAO 242747,0.0,1.65
ZC 15h 1863,SAO 183583,0.0,2.57
ZC 15h 1912,SAO 206788,0.0,1.69
ZC 15h 1968,SAO 206796,0.0,1.84
ZC 15h 2056,SAO 206820,0.0,2.06
ZC 15h 2069,SAO 206822,0.0,2.82
ZC 15h 2850,SAO 183804,0.0,2.43
ZC 15h 2841,SAO 243017,0.0,0.57
ZC 15h 2890,SAO 207008,0.0,2.29
ZC 15h 2907,SAO 183821,0.0,1.40
ZC 15h 3146,SAO 207076,0.0,2.51
ZC 15h 3919,SAO 184072,0.0,1.76
ZC 15h 3950,SAO 207294,0.0,2.91
ZC 15h 3964,SAO 207295,0.0,2.41
ZC 16h 281,SAO 226571,0.0,0.45
ZC 16h 738,SAO 207534,0.0,3.69
ZC 16h 752,SAO 226649,0.0,2.62
ZC 16h 772,SAO 207542,0.0,2.66
ZC 16h 775,SAO 184302,0.0,2.56
ZC 16h 1184,SAO 184365,0.0,2.75
ZC 16h 1386,SAO 253581,0.0,2.61
ZC 16h 1716,SAO 226902,0.0,3.09
ZC 16h 1723,SAO 226907,0.0,1.96
ZC 16h 1727,SAO 207766,0.0,3.81
ZC 16h 1733,SAO 207765,0.0,2.99
ZC 16h 1739,SAO 226904,0.0,1.50
ZC 16h 2800,SAO 208046,0.0,1.83
ZC 16h 2826,SAO 227268,0.0,0.47
ZC 16h 2851,SAO 208059,0.0,3.39
ZC 16h 3133,SAO 227355,0.0,1.90
ZC 16h 3255,SAO 184755,0.0,1.19
ZC 16h 3274,SAO 208166,0.0,2.27
ZC 16h 3392,SAO 227472,0.0,0.99
ZC 16h 3407,SAO 208210,0.0,2.14
ZC 16h 3419,SAO 208217,0.0,2.14
ZC 16h 3454,SAO 208225,0.0,2.44
ZC 16h 3463,SAO 227497,0.0,2.33
ZC 16h 3476,SAO 244318,0.0,0.36
ZC 17h 147,SAO 185094,0.0,1.84
ZC 17h 167,SAO 185096,0.0,1.15
ZC 17h 159,SAO 244512,0.0,1.11
ZC 17h 173,SAO 208502,0.0,1.30
ZC 17h 186,SAO 227704,0.0,1.07
ZC 17h 332,SAO 185152,0.0,2.13
ZC 17h 337,SAO 208545,0.0,2.47
ZC 17h 342,SAO 185155,0.0,3.44
ZC 17h 349,SAO 208554,0.0,2.09
ZC 17h 361,SAO 227739,0.0,1.80
ZC 17h 398,SAO 227745,0.0,2.16
ZC 17h 1051,SAO 208760,0.0,2.10
ZC 17h 1054,SAO 208761,0.0,1.88
ZC 17h 1061,SAO 227916,0.0,2.49
ZC 17h 1065,SAO 208765,0.0,2.67
ZC 17h 1070,SAO 208771,0.0,2.57
ZC 17h 1073,SAO 227931,0.0,1.30
ZC 17h 1079,SAO 227928,0.0,1.48
ZC 17h 1464,SAO 228045,0.0,1.93
ZC 17h 1466,SAO 208882,0.0,0.57
ZC 17h 1481,SAO 228052,0.0,1.50
ZC 17h 1484,SAO 208883,0.0,1.53
ZC 17h 1477,SAO 244816,0.0,1.26
ZC 17h 1486,SAO 244818,0.0,2.08
ZC 17h 1490,SAO 244820,0.0,1.23
ZC 17h 1713,SAO 244871,0.0,2.02
ZC 17h 1728,SAO 208956,0.0,1.81
ZC 17h 1730,SAO 208951,0.0,2.39
ZC 17h 1791,SAO 185509,0.0,3.04
ZC 17h 1986,SAO 209040,0.0,2.15
ZC 17h 2056,SAO 209061,0.0,1.44
ZC 17h 2084,SAO 228246,0.0,2.42
ZC 17h 2158,SAO 209096,0.0,2.87
ZC 17h 2225,SAO 209128,0.0,0.91
ZC 17h 2314,SAO 209154,0.0,2.23
ZC 17h 2327,SAO 209160,0.0,1.99
ZC 17h 2358,SAO 209170,0.0,1.50
ZC 17h 2390,SAO 185645,0.0,1.07
ZC 17h 2413,SAO 228354,0.0,1.36
ZC 17h 2454,SAO 209198,0.0,1.72
ZC 17h 2463,SAO 209205,0.0,1.83
ZC 17h 2486,SAO 209208,0.0,2.08
ZC 17h 2497,SAO 209212,0.0,1.52
ZC 17h 2569,SAO 185707,0.0,0.69
ZC 17h 2584,SAO 228409,0.0,1.97
ZC 17h 2611,SAO 209238,0.0,2.49
ZC 17h 2639,SAO 185732,0.0,1.33
ZC 17h 2666,SAO 209259,0.0,2.37
ZC 17h 2675,SAO 185752,0.0,2.06
ZC 17h 2696,SAO 209275,0.0,0.74
ZC 17h 2743,SAO 228453,0.0,1.47
ZC 17h 2748,SAO 209297,0.0,3.07
ZC 17h 2769,SAO 209305,0.0,2.06
ZC 17h 2787,SAO 185789,0.0,1.67
ZC 17h 2821,SAO 209325,0.0,1.48
ZC 17h 2841,SAO 209329,0.0,0.69
ZC 17h 2854,SAO 209336,0.0,2.19
ZC 17h 2869,SAO 209344,0.0,1.86
ZC 17h 2877,SAO 185824,0.0,1.69
ZC 17h 2890,SAO 185830,0.0,1.36
ZC 17h 3204,SAO 209468,0.0,3.36
ZC 17h 3347,SAO 185987,0.0,1.86
ZC 17h 3356,SAO 209530,0.0,1.53
ZC 17h 3368,SAO 228595,0.0,1.85
ZC 17h 3398,SAO 186015,0.0,1.17
ZC 17h 3467,SAO 228616,0.0,2.62
ZC 17h 3479,SAO 209571,0.0,1.24
ZC 17h 3505,SAO 209581,0.0,1.67
ZC 17h 3524,SAO 228623,0.0,3.23
ZC 17h 3546,SAO 209586,0.0,1.34
ZC 17h 3561,SAO 186085,0.0,2.43
ZC 17h 3569,SAO 228642,0.0,1.46
ZC 17h 3580,SAO 209599,0.0,2.13
ZC 17h 3603,SAO 209611,0.0,2.10
ZC 17h 3619,SAO 186112,0.0,1.79
ZC 17h 3650,SAO 209625,0.0,0.98
ZC 17h 3663,SAO 228655,0.0,1.05
ZC 17h 3694,SAO 209635,0.0,1.67
ZC 17h 3704,SAO 209643,0.0,8.81
ZC 17h 3713,SAO 209646,0.0,1.66
ZC 18h 32,SAO 186333,0.0,2.04
ZC 18h 42,SAO 209768,0.0,1.09
ZC 18h 47,SAO 186342,0.0,1.85
ZC 18h 65,SAO 245289,0.0,0.27
ZC 18h 212,SAO 186414,0.0,1.38
ZC 18h 222,SAO 186422,0.0,3.14
ZC 18h 233,SAO 228807,0.0,1.52
ZC 18h 601,SAO 186577,0.0,0.80
ZC 18h 605,SAO 186574,0.0,2.07
ZC 18h 625,SAO 209965,0.0,1.85
ZC 18h 752,SAO 209998,0.0,2.31
ZC 18h 757,SAO 209995,0.0,2.20
ZC 18h 1124,SAO 229022,0.0,2.22
ZC 18h 1135,SAO 229024,0.0,1.77
ZC 18h 1165,SAO 210161,0.0,3.56
ZC 18h 1210,SAO 210189,0.0,1.76
ZC 18h 1250,SAO 229060,0.0,1.09
ZC 18h 1263,SAO 229057,0.0,4.21
ZC 18h 1280,SAO 210210,0.0,1.84
ZC 18h 1317,SAO 210220,0.0,2.08
ZC 18h 1332,SAO 210229,0.0,2.30
ZC 18h 1370,SAO 186882,0.0,0.83
ZC 18h 1382,SAO 210249,0.0,2.02
ZC 18h 1390,SAO 186886,0.0,1.74
ZC 18h 1407,SAO 186890,0.0,0.18
ZC 18h 1447,SAO 245552,0.0,1.76
ZC 18h 1459,SAO 210276,0.0,1.33
ZC 18h 1471,SAO 186922,0.0,2.35
ZC 18h 1515,SAO 210288,0.0,1.93
ZC 18h 1529,SAO 210291,0.0,1.02
ZC 18h 1901,SAO 210446,0.0,1.75
ZC 18h 1966,SAO 187134,0.0,0.98
ZC 18h 2044,SAO 229235,0.0,2.12
ZC 18h 2060,SAO 187188,0.0,3.36
ZC 18h 2116,SAO 229251,0.0,1.53
ZC 18h 2125,SAO 210533,0.0,2.33
ZC 18h 2154,SAO 187224,0.0,0.98
ZC 18h 2172,SAO 229271,0.0,1.70
ZC 18h 2182,SAO 210551,0.0,1.48
ZC 18h 2190,SAO 187247,0.0,1.72
ZC 18h 2206,SAO 245720,0.0,1.83
ZC 18h 2260,SAO 187278,0.0,0.35
ZC 18h 2277,SAO 187284,0.0,1.85
ZC 18h 2287,SAO 187289,0.0,1.56
ZC 18h 2300,SAO 245748,0.0,1.59
ZC 18h 2312,SAO 187302,0.0,1.86
ZC 18h 2320,SAO 210601,0.0,1.83
ZC 18h 2331,SAO 210605,0.0,1.44
ZC 18h 2335,SAO 210611,0.0,1.77
ZC 18h 2408,SAO 229332,0.0,4.21
ZC 18h 2423,SAO 210639,0.0,2.49
ZC 18h 2446,SAO 210644,0.0,1.79
ZC 18h 2458,SAO 229347,0.0,1.93
ZC 18h 2465,SAO 187366,0.0,1.62
ZC 18h 2466,SAO 210657,0.0,1.80
ZC 18h 2470,SAO 187374,0.0,1.85
ZC 18h 2476,SAO 229348,0.0,2.49
ZC 18h 2488,SAO 210665,0.0,2.15
ZC 18h 2758,SAO 210782,0.0,2.38
ZC 18h 2765,SAO 245860,0.0,2.01
ZC 18h 2808,SAO 210799,0.0,1.92
ZC 18h 2833,SAO 210809,0.0,2.10
ZC 18h 2848,SAO 187560,0.0,2.21
ZC 18h 2886,SAO 210838,0.0,3.26
ZC 18h 2946,SAO 210862,0.0,1.74
ZC 18h 2949,SAO 187603,0.0,1.51
ZC 18h 2958,SAO 210861,0.0,1.92
ZC 18h 2969,SAO 210871,0.0,2.25
ZC 18h 2986,SAO 187620,0.0,2.25
ZC 19h 104,SAO 187763,0.0,2.49
ZC 19h 116,SAO 187767,0.0,1.39
ZC 19h 140,SAO 211032,0.0,2.00
ZC 19h 156,SAO 229553,0.0,1.56
ZC 19h 166,SAO 211038,0.0,1.53
ZC 19h 245,SAO 211064,0.0,2.70
ZC 19h 251,SAO 211068,0.0,1.84
ZC 19h 284,SAO 211082,0.0,1.55
ZC 19h 293,SAO 211086,0.0,2.42
ZC 19h 296,SAO 211089,0.0,2.14
ZC 19h 308,SAO 246011,0.0,2.49
ZC 19h 496,SAO 187950,0.0,0.68
ZC 19h 566,SAO 211203,0.0,1.59
ZC 19h 565,SAO 246054,0.0,1.11
ZC 19h 672,SAO 211227,0.0,2.56
ZC 19h 678,SAO 229664,0.0,0.90
ZC 19h 686,SAO 229662,0.0,2.80
ZC 19h 689,SAO 211233,0.0,1.09
ZC 19h 692,SAO 211232,0.0,1.89
ZC 19h 694,SAO 211231,0.0,1.92
ZC 19h 964,SAO 188195,0.0,1.65
ZC 19h 989,SAO 188210,0.0,2.13
ZC 19h 998,SAO 246154,0.0,2.49
ZC 19h 1002,SAO 211327,0.0,2.33
ZC 19h 1393,SAO 211466,0.0,2.53
ZC 19h 1398,SAO 211467,0.0,0.50
ZC 19h 1401,SAO 211472,0.0,3.23
ZC 19h 1421,SAO 211478,0.0,3.44
ZC 19h 1435,SAO 246231,0.0,1.22
ZC 19h 1507,SAO 211499,0.0,2.48
ZC 19h 1516,SAO 246255,0.0,1.34
ZC 19h 1532,SAO 211514,0.0,2.74
ZC 19h 1562,SAO 188503,0.0,0.88
ZC 19h 2129,SAO 229978,0.0,2.31
ZC 19h 2139,SAO 229984,0.0,1.80
ZC 19h 2144,SAO 211723,0.0,1.95
ZC 19h 2150,SAO 211720,0.0,0.56
ZC 19h 2152,SAO 229986,0.0,1.18
ZC 19h 2228,SAO 246416,0.0,1.23
ZC 19h 2236,SAO 211762,0.0,1.38
ZC 19h 2235,SAO 246419,0.0,1.20
ZC 19h 2246,SAO 246420,0.0,2.43
ZC 19h 2247,SAO 230017,0.0,2.02
ZC 20h 27,SAO 188946,0.0,1.11
ZC 20h 149,SAO 246489,0.0,0.50
ZC 20h 163,SAO 230108,0.0,1.67
ZC 20h 170,SAO 189014,0.0,1.33
ZC 20h 182,SAO 211909,0.0,0.39
ZC 20h 196,SAO 211914,0.0,1.82
ZC 20h 238,SAO 230123,0.0,0.78
ZC 20h 245,SAO 189068,0.0,1.87
ZC 20h 244,SAO 211939,0.0,2.16
ZC 20h 255,SAO 189075,0.0,2.22
ZC 20h 258,SAO 211944,0.0,1.11
ZC 20h 450,SAO 212039,0.0,2.01
ZC 20h 451,SAO 230175,0.0,1.08
ZC 20h 463,SAO 212048,0.0,2.16
ZC 20h 466,SAO 230180,0.0,3.05
ZC 20h 541,SAO 189238,0.0,1.22
ZC 20h 543,SAO 212089,0.0,2.75
ZC 20h 546,SAO 212092,0.0,1.76
ZC 20h 560,SAO 212104,0.0,2.25
ZC 20h 572,SAO 230201,0.0,0.60
ZC 20h 573,SAO 230202,0.0,1.45
ZC 20h 647,SAO 230226,0.0,2.37
ZC 20h 998,SAO 212299,0.0,3.63
ZC 20h 1001,SAO 189501,0.0,2.75
ZC 20h 999,SAO 246679,0.0,1.37
ZC 20h 1002,SAO 230306,0.0,1.21
ZC 20h 1007,SAO 212304,0.0,2.42
ZC 20h 1084,SAO 246700,0.0,1.99
ZC 20h 1118,SAO 212353,0.0,1.53
ZC 20h 1126,SAO 212357,0.0,1.42
ZC 20h 1176,SAO 212383,0.0,0.81
ZC 20h 1216,SAO 246727,0.0,0.73
ZC 20h 1221,SAO 212403,0.0,1.86
ZC 20h 1222,SAO 230358,0.0,0.55
ZC 20h 1229,SAO 212409,0.0,0.85
ZC 20h 1253,SAO 189657,0.0,1.55
ZC 20h 1271,SAO 189668,0.0,1.91
ZC 20h 1291,SAO 212427,0.0,1.59
ZC 20h 1289,SAO 230374,0.0,1.69
ZC 20h 1300,SAO 212437,0.0,1.16
ZC 20h 1315,SAO 212446,0.0,0.56
ZC 20h 1362,SAO 212466,0.0,2.00
ZC 20h 1371,SAO 189739,0.0,1.85
ZC 20h 1376,SAO 212475,0.0,1.40
ZC 20h 1431,SAO 246772,0.0,0.86
ZC 20h 1441,SAO 246775,0.0,0.95
ZC 20h 1711,SAO 246835,0.0,1.61
ZC 20h 1722,SAO 246833,0.0,0.96
ZC 20h 1787,SAO 212681,0.0,0.85
ZC 20h 1791,SAO 212684,0.0,0.91
ZC 20h 1800,SAO 246864,0.0,2.24
ZC 20h 1865,SAO 246882,0.0,0.93
ZC 20h 1868,SAO 212720,0.0,1.57
ZC 20h 1872,SAO 212721,0.0,1.46
ZC 20h 1879,SAO 212724,0.0,1.37
ZC 20h 1905,SAO 212730,0.0,1.43
ZC 21h 38,SAO 212748,0.0,1.09
ZC 21h 49,SAO 212755,0.0,2.75
ZC 21h 55,SAO 190060,0.0,2.49
ZC 21h 68,SAO 190071,0.0,2.12
ZC 21h 74,SAO 212765,0.0,1.21
ZC 21h 134,SAO 190104,0.0,1.40
ZC 21h 164,SAO 212795,0.0,1.60
ZC 21h 205,SAO 212816,0.0,1.86
ZC 21h 236,SAO 230602,0.0,2.33
ZC 21h 241,SAO 230605,0.0,1.08
ZC 21h 252,SAO 230609,0.0,1.57
ZC 21h 259,SAO 212850,0.0,1.44
ZC 21h 597,SAO 230695,0.0,1.01
ZC 21h 603,SAO 230697,0.0,2.26
ZC 21h 675,SAO 190379,0.0,0.90
ZC 21h 683,SAO 230715,0.0,1.23
ZC 21h 856,SAO 247104,0.0,1.75
ZC 21h 860,SAO 190468,0.0,0.63
ZC 21h 861,SAO 247107,0.0,0.81
ZC 21h 882,SAO 213123,0.0,0.45
ZC 21h 1023,SAO 247137,0.0,0.99
ZC 21h 1247,SAO 213289,0.0,1.26
ZC 21h 1248,SAO 230847,0.0,2.48
ZC 21h 1271,SAO 213298,0.0,2.04
ZC 21h 1267,SAO 247195,0.0,0.48
ZC 21h 1275,SAO 213297,0.0,1.89
ZC 21h 1352,SAO 247207,0.0,0.55
ZC 21h 1363,SAO 230869,0.0,2.10
ZC 21h 1370,SAO 247213,0.0,0.83
ZC 21h 1535,SAO 190748,0.0,1.82
ZC 21h 1546,SAO 230911,0.0,2.27
ZC 21h 1564,SAO 230915,0.0,0.84
ZC 21h 1647,SAO 190796,0.0,0.89
ZC 21h 1645,SAO 247267,0.0,0.81
ZC 21h 1731,SAO 190838,0.0,0.28
ZC 21h 1736,SAO 230956,0.0,1.18
ZC 21h 1813,SAO 247305,0.0,1.35
ZC 21h 1873,SAO 247316,0.0,1.54
ZC 22h 94,SAO 190928,0.0,0.49
ZC 22h 355,SAO 231077,0.0,1.80
ZC 22h 396,SAO 231084,0.0,1.12
ZC 22h 407,SAO 247416,0.0,1.77
ZC 22h 481,SAO 247433,0.0,2.51
ZC 22h 486,SAO 213777,0.0,1.50
ZC 22h 761,SAO 247486,0.0,0.50
ZC 22h 766,SAO 213899,0.0,0.83
ZC 22h 768,SAO 213901,0.0,1.94
ZC 22h 1144,SAO 214053,0.0,0.74
ZC 22h 1151,SAO 231274,0.0,1.02
ZC 22h 1152,SAO 231275,0.0,1.76
ZC 22h 1160,SAO 247573,0.0,2.05
ZC 22h 1237,SAO 231300,0.0,1.49
ZC 22h 1239,SAO 214085,0.0,1.48
ZC 22h 1245,SAO 231301,0.0,1.13
ZC 22h 1433,SAO 191485,0.0,1.63
ZC 22h 1472,SAO 214194,0.0,3.55
ZC 22h 1547,SAO 231381,0.0,2.13
ZC 22h 1597,SAO 214249,0.0,0.86
ZC 22h 1604,SAO 214253,0.0,0.75
ZC 22h 1614,SAO 214255,0.0,2.05
ZC 23h 22,SAO 214326,0.0,2.29
ZC 23h 81,SAO 214352,0.0,1.96
ZC 23h 88,SAO 214357,0.0,2.48
ZC 23h 91,SAO 191695,0.0,1.49
ZC 23h 92,SAO 247766,0.0,1.50
ZC 23h 158,SAO 214385,0.0,1.64
ZC 23h 399,SAO 231564,0.0,2.26
ZC 23h 414,SAO 247843,0.0,1.48
ZC 23h 420,SAO 231575,0.0,1.60
ZC 23h 490,SAO 214527,0.0,0.46
ZC 23h 495,SAO 247865,0.0,1.07
ZC 23h 501,SAO 247868,0.0,1.48
ZC 23h 505,SAO 191889,0.0,1.52
ZC 23h 712,SAO 247923,0.0,2.23
ZC 23h 805,SAO 231690,0.0,1.21
ZC 23h 807,SAO 214651,0.0,1.32
ZC 23h 828,SAO 214660,0.0,2.30
ZC 23h 982,SAO 247994,0.0,1.37
ZC 23h 993,SAO 214731,0.0,0.80
ZC 23h 997,SAO 231750,0.0,1.14
ZC 23h 1039,SAO 214745,0.0,1.84
ZC 23h 1043,SAO 255560,0.0,1.33
ZC 23h 1059,SAO 214755,0.0,1.49
ZC 23h 1060,SAO 231763,0.0,1.71
ZC 23h 1133,SAO 248025,0.0,0.20
ZC 23h 1348,SAO 214867,0.0,1.19
ZC 23h 1624,SAO 214960,0.0,2.85
ZC 5h 2234,SAO 217675,0.0,0.77
ZC 6h 2115,SAO 172350,0.0,2.35
ZC 7h 1648,SAO 198025,0.0,10.57
ZC 9h 690,SAO 177153,0.0,3.92
ZC 10h 246,SAO 221798,0.0,5.05
ZC 11h 47,SAO 238770,0.0,1.99
ZC 12h 200,SAO 239708,0.0,1.88
ZC 22h 756,SAO 247485,0.0,0.94
ZC 22h 1234,SAO 214082,0.0,3.35
ZC 0h 692,SAO 248205,0.0,0.84
ZC 1h 999,SAO 193276,0.0,0.76
ZC 2h 98,SAO 255848,0.0,0.22
ZC 3h 1585,SAO 168980,0.0,2.30
ZC 4h 188,SAO 194811,0.0,1.84
ZC 4h 419,SAO 233458,0.0,1.27
ZC 6h 350,SAO 171399,0.0,0.53
ZC 6h 542,SAO 196645,0.0,0.75
ZC 6h 547,SAO 196647,0.0,0.80
ZC 6h 810,SAO 171650,0.0,0.97
ZC 6h 1571,SAO 172080,0.0,0.09
ZC 6h 1588,SAO 172093,0.0,0.85
ZC 6h 2049,SAO 172326,0.0,0.31
ZC 6h 2994,SAO 172816,0.0,1.15
ZC 7h 279,SAO 173069,0.0,1.24
ZC 7h 757,SAO 173330,0.0,1.19
ZC 7h 1662,SAO 173830,0.0,0.77
ZC 7h 1764,SAO 235216,0.0,1.53
ZC 7h 2246,SAO 256416,0.0,3.57
ZC 7h 2329,SAO 198201,0.0,2.79
ZC 7h 2405,SAO 198234,0.0,1.62
ZC 7h 4239,SAO 250043,0.0,1.51
ZC 7h 4536,SAO 219347,0.0,1.06
ZC 7h 4532,SAO 198757,0.0,2.26
ZC 8h 47,SAO 198782,0.0,1.49
ZC 8h 1165,SAO 219751,0.0,2.98
ZC 8h 1158,SAO 175588,0.0,1.23
ZC 8h 1323,SAO 250176,0.0,1.38
ZC 8h 1319,SAO 199111,0.0,2.53
ZC 8h 1417,SAO 175696,0.0,1.24
ZC 8h 1611,SAO 199185,0.0,2.63
ZC 8h 1614,SAO 199186,0.0,1.44
ZC 8h 2074,SAO 219981,0.0,3.26
ZC 8h 3376,SAO 220402,0.0,1.30
ZC 8h 3496,SAO 220450,0.0,1.32
ZC 8h 4175,SAO 176731,0.0,0.89
ZC 8h 4793,SAO 199951,0.0,1.01
ZC 9h 160,SAO 236596,0.0,1.80
ZC 9h 1778,SAO 177483,0.0,0.77
ZC 9h 2189,SAO 221254,0.0,0.97
ZC 9h 4162,SAO 221658,0.0,1.19
ZC 9h 4342,SAO 237587,0.0,1.19
ZC 9h 4510,SAO 237631,0.0,0.77
ZC 10h 3455,SAO 238558,0.0,0.76
ZC 10h 4276,SAO 238732,0.0,1.77
ZC 10h 4352,SAO 238749,0.0,2.05
ZC 10h 4369,SAO 238754,0.0,0.90
ZC 11h 56,SAO 238765,0.0,1.31
ZC 11h 57,SAO 238767,0.0,0.65
ZC 11h 117,SAO 238786,0.0,1.10
ZC 11h 193,SAO 238804,0.0,1.19
ZC 11h 226,SAO 238809,0.0,1.24
ZC 11h 349,SAO 238834,0.0,0.21
ZC 11h 358,SAO 238835,0.0,20.00
ZC 11h 2049,SAO 239201,0.0,2.73
ZC 11h 2597,SAO 202746,0.0,1.20
ZC 12h 201,SAO 251769,0.0,1.83
ZC 12h 3334,SAO 252139,0.0,1.64
ZC 13h 3532,SAO 224664,0.0,0.77
ZC 13h 3541,SAO 224668,0.0,2.40
ZC 14h 119,SAO 182283,0.0,0.89
ZC 14h 1030,SAO 205509,0.0,0.04
ZC 15h 95,SAO 183208,0.0,1.63
ZC 15h 1440,SAO 206688,0.0,1.55
ZC 15h 2087,SAO 253250,0.0,1.33
ZC 16h 819,SAO 226668,0.0,1.92
ZC 16h 936,SAO 226689,0.0,0.84
ZC 16h 1089,SAO 243778,0.0,2.41
ZC 16h 1849,SAO 243988,0.0,1.46
ZC 16h 3461,SAO 208224,0.0,1.88
ZC 16h 4131,SAO 208407,0.0,1.64
ZC 17h 40,SAO 244486,0.0,0.25
ZC 17h 1090,SAO 253925,0.0,1.12
ZC 17h 2188,SAO 209115,0.0,1.41
ZC 17h 2614,SAO 209239,0.0,1.73
ZC 17h 2655,SAO 209251,0.0,1.94
ZC 17h 2659,SAO 209253,0.0,1.00
ZC 17h 2702,SAO 209269,0.0,0.71
ZC 17h 2717,SAO 209279,0.0,2.14
ZC 17h 2746,SAO 209294,0.0,1.22
ZC 17h 2827,SAO 209324,0.0,0.93
ZC 17h 2868,SAO 209339,0.0,1.44
ZC 17h 2904,SAO 209360,0.0,2.75
ZC 17h 2909,SAO 209361,0.0,1.15
ZC 17h 2944,SAO 209372,0.0,1.29
ZC 17h 2947,SAO 209374,0.0,0.78
ZC 17h 2960,SAO 209381,0.0,2.50
ZC 17h 2974,SAO 209389,0.0,1.28
ZC 17h 2996,SAO 209394,0.0,1.97
ZC 17h 3030,SAO 209405,0.0,2.02
ZC 17h 3065,SAO 209422,0.0,2.30
ZC 17h 3088,SAO 209431,0.0,0.59
ZC 17h 3147,SAO 209455,0.0,0.65
ZC 17h 3164,SAO 209459,0.0,1.71
ZC 17h 3178,SAO 209460,0.0,0.66
ZC 17h 3194,SAO 209464,0.0,2.12
ZC 17h 3228,SAO 209482,0.0,1.07
ZC 17h 3229,SAO 209484,0.0,0.51
ZC 17h 3256,SAO 209493,0.0,0.60
ZC 17h 3276,SAO 209500,0.0,2.39
ZC 17h 3306,SAO 209511,0.0,1.44
ZC 17h 3499,SAO 209573,0.0,1.38
ZC 17h 3541,SAO 209588,0.0,1.68
ZC 18h 1041,SAO 254260,0.0,0.79
ZC 19h 1464,SAO 229831,0.0,2.48
ZC 19h 1483,SAO 229836,0.0,0.21
ZC 20h 1122,SAO 189577,0.0,0.73
ZC 20h 1164,SAO 189598,0.0,1.92
ZC 20h 1294,SAO 212431,0.0,1.38
ZC 21h 811,SAO 213090,0.0,0.20
ZC 21h 1388,SAO 213352,0.0,0.88
ZC 22h 342,SAO 191030,0.0,0.62
ZC 23h 1177,SAO 258189,0.0,0.51
ZC 23h 1353,SAO 248066,0.0,0.95
ZC 0h 36,SAO 255633,0.0,2.30
ZC 0h 52,SAO 255637,0.0,0.86
ZC 0h 64,SAO 248124,0.0,2.59
ZC 0h 115,SAO 255641,0.0,1.22
ZC 0h 205,SAO 255645,0.0,1.98
ZC 0h 213,SAO 255646,0.0,2.46
ZC 0h 224,SAO 248140,0.0,0.88
ZC 0h 244,SAO 248141,0.0,1.95
ZC 0h 256,SAO 255648,0.0,4.23
ZC 0h 306,SAO 248153,0.0,3.72
ZC 0h 305,SAO 255653,0.0,1.45
ZC 0h 311,SAO 255654,0.0,1.83
ZC 0h 323,SAO 248157,0.0,3.91
ZC 0h 328,SAO 255656,0.0,7.29
ZC 0h 402,SAO 255661,0.0,0.87
ZC 0h 411,SAO 248169,0.0,1.24
ZC 0h 431,SAO 255664,0.0,1.02
ZC 0h 453,SAO 255665,0.0,0.84
ZC 0h 457,SAO 248175,0.0,2.13
ZC 0h 488,SAO 255668,0.0,3.13
ZC 0h 561,SAO 248188,0.0,0.97
ZC 0h 568,SAO 255671,0.0,2.66
ZC 0h 721,SAO 248209,0.0,0.62
ZC 0h 753,SAO 255680,0.0,2.90
ZC 0h 776,SAO 248216,0.0,0.59
ZC 0h 779,SAO 248217,0.0,1.64
ZC 0h 781,SAO 255682,0.0,1.60
ZC 0h 790,SAO 248220,0.0,1.50
ZC 0h 909,SAO 255691,0.0,4.59
ZC 0h 947,SAO 248234,0.0,2.19
ZC 0h 969,SAO 255696,0.0,2.00
ZC 0h 993,SAO 255697,0.0,1.28
ZC 0h 1116,SAO 248253,0.0,0.18
ZC 0h 1119,SAO 255706,0.0,2.78
ZC 0h 1137,SAO 248254,0.0,3.65
ZC 0h 1164,SAO 248261,0.0,3.50
ZC 0h 1160,SAO 248260,0.0,2.23
ZC 0h 1158,SAO 255708,0.0,1.45
ZC 0h 1252,SAO 255714,0.0,1.65
ZC 0h 1275,SAO 248277,0.0,1.19
ZC 0h 1289,SAO 248278,0.0,1.16
ZC 0h 1288,SAO 255718,0.0,1.25
ZC 0h 1314,SAO 255720,0.0,1.87
ZC 0h 1424,SAO 255725,0.0,2.23
ZC 0h 1435,SAO 255728,0.0,2.76
ZC 0h 1447,SAO 248300,0.0,2.40
ZC 0h 1474,SAO 248307,0.0,3.08
ZC 0h 1528,SAO 248311,0.0,1.48
ZC 1h 7,SAO 255734,0.0,0.52
ZC 1h 45,SAO 248321,0.0,1.62
ZC 1h 151,SAO 248332,0.0,0.94
ZC 1h 189,SAO 255750,0.0,2.35
ZC 1h 235,SAO 248337,0.0,1.50
ZC 1h 259,SAO 255754,0.0,1.51
ZC 1h 343,SAO 248353,0.0,0.21
ZC 1h 376,SAO 255758,0.0,3.20
ZC 1h 402,SAO 248361,0.0,0.98
ZC 1h 475,SAO 255769,0.0,1.61
ZC 1h 536,SAO 248380,0.0,1.44
ZC 1h 578,SAO 255777,0.0,2.78
ZC 1h 648,SAO 255782,0.0,0.28
ZC 1h 711,SAO 248393,0.0,2.92
ZC 1h 734,SAO 255787,0.0,3.18
ZC 1h 742,SAO 255788,0.0,3.45
ZC 1h 767,SAO 248397,0.0,2.42
ZC 1h 794,SAO 255790,0.0,0.79
ZC 1h 816,SAO 248403,0.0,2.42
ZC 1h 809,SAO 255789,0.0,1.45
ZC 1h 865,SAO 248408,0.0,2.32
ZC 1h 863,SAO 255795,0.0,1.67
ZC 1h 888,SAO 248410,0.0,0.16
ZC 1h 986,SAO 248420,0.0,0.79
ZC 1h 1034,SAO 248426,0.0,1.79
ZC 1h 1068,SAO 248430,0.0,0.35
ZC 1h 1076,SAO 255809,0.0,1.79
ZC 1h 1123,SAO 248435,0.0,1.57
ZC 1h 1132,SAO 248436,0.0,2.21
ZC 1h 1153,SAO 255816,0.0,1.73
ZC 1h 1162,SAO 248440,0.0,3.48
ZC 1h 1163,SAO 248439,0.0,5.41
ZC 1h 1211,SAO 255819,0.0,1.50
ZC 1h 1250,SAO 255821,0.0,3.63
ZC 1h 1258,SAO 248453,0.0,1.81
ZC 1h 1274,SAO 255824,0.0,1.17
ZC 1h 1265,SAO 255820,0.0,1.09
ZC 1h 1290,SAO 248458,0.0,3.90
ZC 1h 1304,SAO 255826,0.0,2.83
ZC 1h 1377,SAO 248465,0.0,0.44
ZC 1h 1410,SAO 255833,0.0,2.74
ZC 1h 1426,SAO 248471,0.0,0.53
ZC 1h 1499,SAO 255837,0.0,2.63
ZC 1h 1557,SAO 248479,0.0,1.04
ZC 1h 1588,SAO 248485,0.0,2.56
ZC 2h 10,SAO 255840,0.0,1.26
ZC 2h 167,SAO 248500,0.0,3.44
ZC 2h 166,SAO 255850,0.0,1.68
ZC 2h 187,SAO 255851,0.0,3.66
ZC 2h 240,SAO 255854,0.0,1.53
ZC 2h 257,SAO 255856,0.0,1.16
ZC 2h 328,SAO 248520,0.0,1.94
ZC 2h 415,SAO 255869,0.0,0.80
ZC 2h 443,SAO 255871,0.0,3.65
ZC 2h 452,SAO 255872,0.0,1.72
ZC 2h 483,SAO 255870,0.0,1.73
ZC 2h 506,SAO 255875,0.0,3.06
ZC 2h 529,SAO 255878,0.0,1.59
ZC 2h 527,SAO 255873,0.0,1.18
ZC 2h 531,SAO 255879,0.0,1.81
ZC 2h 582,SAO 248551,0.0,1.78
ZC 2h 618,SAO 248557,0.0,1.71
ZC 2h 676,SAO 255887,0.0,1.05
ZC 2h 672,SAO 255886,0.0,0.86
ZC 2h 685,SAO 255884,0.0,1.64
ZC 2h 709,SAO 255888,0.0,1.70
ZC 2h 745,SAO 255892,0.0,3.25
ZC 2h 735,SAO 255889,0.0,2.08
ZC 2h 768,SAO 255894,0.0,1.99
ZC 2h 779,SAO 255891,0.0,4.29
ZC 2h 824,SAO 255896,0.0,2.42
ZC 2h 839,SAO 248596,0.0,3.58
ZC 2h 850,SAO 248599,0.0,0.70
ZC 2h 910,SAO 248607,0.0,1.80
ZC 2h 914,SAO 255897,0.0,1.35
ZC 2h 1003,SAO 248614,0.0,1.09
ZC 2h 1002,SAO 255908,0.0,1.14
ZC 2h 1044,SAO 255909,0.0,1.08
ZC 2h 1155,SAO 255914,0.0,1.64
ZC 2h 1237,SAO 255916,0.0,1.55
ZC 2h 1315,SAO 255925,0.0,1.69
ZC 2h 1328,SAO 255923,0.0,1.36
ZC 2h 1342,SAO 255922,0.0,0.77
ZC 2h 1417,SAO 255931,0.0,1.21
ZC 2h 1558,SAO 255936,0.0,1.45
ZC 2h 1572,SAO 255940,0.0,1.13
ZC 2h 1569,SAO 255935,0.0,1.53
ZC 2h 1578,SAO 255937,0.0,2.28
ZC 3h 45,SAO 248716,0.0,1.17
ZC 3h 86,SAO 255946,0.0,1.41
ZC 3h 101,SAO 248727,0.0,2.79
ZC 3h 92,SAO 255944,0.0,3.66
ZC 3h 104,SAO 255949,0.0,4.10
ZC 3h 192,SAO 248738,0.0,1.75
ZC 3h 218,SAO 255958,0.0,1.47
ZC 3h 240,SAO 255959,0.0,0.82
ZC 3h 258,SAO 248749,0.0,1.53
ZC 3h 360,SAO 248756,0.0,2.04
ZC 3h 488,SAO 255971,0.0,1.62
ZC 3h 504,SAO 255974,0.0,1.44
ZC 3h 594,SAO 255980,0.0,0.87
ZC 3h 603,SAO 255981,0.0,2.07
ZC 3h 634,SAO 248792,0.0,1.85
ZC 3h 706,SAO 248802,0.0,2.26
ZC 3h 735,SAO 248805,0.0,1.20
ZC 3h 734,SAO 255986,0.0,1.93
ZC 3h 894,SAO 255990,0.0,1.74
ZC 3h 934,SAO 255995,0.0,4.00
ZC 3h 951,SAO 255997,0.0,2.23
ZC 3h 1042,SAO 248849,0.0,8.33
ZC 3h 1085,SAO 248856,0.0,1.38
ZC 3h 1123,SAO 256001,0.0,1.41
ZC 3h 1161,SAO 248863,0.0,1.01
ZC 3h 1187,SAO 248864,0.0,3.47
ZC 3h 1200,SAO 256009,0.0,3.78
ZC 3h 1234,SAO 256011,0.0,0.99
ZC 3h 1258,SAO 248872,0.0,1.09
ZC 3h 1281,SAO 256014,0.0,2.84
ZC 3h 1331,SAO 256015,0.0,1.12
ZC 3h 1359,SAO 256020,0.0,1.88
ZC 3h 1447,SAO 256018,0.0,2.31
ZC 3h 1539,SAO 248895,0.0,1.14
ZC 3h 1598,SAO 248899,0.0,1.58
ZC 3h 1614,SAO 248902,0.0,1.23
ZC 3h 1641,SAO 256041,0.0,0.66
ZC 3h 1659,SAO 248906,0.0,1.80
ZC 3h 1699,SAO 256042,0.0,1.71
ZC 3h 1738,SAO 256046,0.0,2.01
ZC 3h 1755,SAO 248915,0.0,1.48
ZC 3h 1732,SAO 256044,0.0,1.35
ZC 3h 1778,SAO 248916,0.0,0.76
ZC 3h 1769,SAO 256045,0.0,2.14
ZC 4h 20,SAO 256047,0.0,1.36
ZC 4h 95,SAO 256054,0.0,0.95
ZC 4h 153,SAO 256058,0.0,3.83
ZC 4h 174,SAO 248943,0.0,1.91
ZC 4h 200,SAO 248946,0.0,1.73
ZC 4h 183,SAO 256057,0.0,1.53
ZC 4h 237,SAO 248949,0.0,0.86
ZC 4h 228,SAO 256061,0.0,2.55
ZC 4h 240,SAO 256062,0.0,2.33
ZC 4h 221,SAO 256056,0.0,2.45
ZC 4h 372,SAO 248963,0.0,2.14
ZC 4h 391,SAO 256068,0.0,3.46
ZC 4h 436,SAO 248971,0.0,0.60
ZC 4h 433,SAO 248967,0.0,0.77
ZC 4h 442,SAO 248972,0.0,0.70
ZC 4h 439,SAO 256067,0.0,0.82
ZC 4h 490,SAO 248976,0.0,1.50
ZC 4h 488,SAO 248975,0.0,2.99
ZC 4h 627,SAO 256078,0.0,2.31
ZC 4h 776,SAO 256084,0.0,1.62
ZC 4h 772,SAO 256080,0.0,2.52
ZC 4h 794,SAO 256082,0.0,3.50
ZC 4h 940,SAO 249033,0.0,1.68
ZC 4h 933,SAO 256091,0.0,2.12
ZC 4h 936,SAO 256090,0.0,1.95
ZC 4h 1136,SAO 249059,0.0,1.81
ZC 4h 1139,SAO 249060,0.0,3.21
ZC 4h 1114,SAO 256100,0.0,0.90
ZC 4h 1143,SAO 256102,0.0,1.62
ZC 4h 1248,SAO 249069,0.0,3.89
ZC 4h 1258,SAO 256104,0.0,2.56
ZC 4h 1315,SAO 256112,0.0,5.82
ZC 4h 1369,SAO 249079,0.0,4.89
ZC 4h 1448,SAO 249091,0.0,2.42
ZC 4h 1460,SAO 249092,0.0,1.13
ZC 4h 1494,SAO 256120,0.0,2.53
ZC 4h 1593,SAO 256118,0.0,2.08
ZC 4h 1735,SAO 256132,0.0,0.68
ZC 4h 1725,SAO 256126,0.0,2.18
ZC 4h 1762,SAO 256131,0.0,1.16
ZC 4h 1745,SAO 256125,0.0,1.13
ZC 4h 1877,SAO 256138,0.0,2.32
ZC 4h 1966,SAO 249153,0.0,1.10
ZC 4h 1942,SAO 256137,0.0,2.25
ZC 5h 47,SAO 249171,0.0,2.28
ZC 5h 60,SAO 249174,0.0,2.86
ZC 5h 79,SAO 249176,0.0,2.92
ZC 5h 95,SAO 256150,0.0,1.41
ZC 5h 213,SAO 256156,0.0,1.44
ZC 5h 328,SAO 249201,0.0,1.50
ZC 5h 398,SAO 249215,0.0,1.40
ZC 5h 404,SAO 249214,0.0,2.36
ZC 5h 444,SAO 256164,0.0,0.38
ZC 5h 459,SAO 256163,0.0,3.73
ZC 5h 577,SAO 256169,0.0,2.40
ZC 5h 579,SAO 256168,0.0,3.21
ZC 5h 619,SAO 256171,0.0,1.12
ZC 5h 630,SAO 256170,0.0,0.46
ZC 5h 706,SAO 249252,0.0,2.37
ZC 5h 713,SAO 249253,0.0,2.15
ZC 5h 711,SAO 256174,0.0,1.58
ZC 5h 1018,SAO 249285,0.0,1.85
ZC 5h 1040,SAO 249291,0.0,1.62
ZC 5h 1068,SAO 256193,0.0,1.48
ZC 5h 1151,SAO 249304,0.0,3.84
ZC 5h 1131,SAO 256196,0.0,2.91
ZC 5h 1147,SAO 256189,0.0,1.15
ZC 5h 1220,SAO 256197,0.0,2.28
ZC 5h 1334,SAO 249320,0.0,0.22
ZC 5h 1352,SAO 256206,0.0,1.91
ZC 5h 1378,SAO 256204,0.0,2.25
ZC 5h 1449,SAO 256209,0.0,1.03
ZC 5h 1452,SAO 256202,0.0,1.06
ZC 5h 1557,SAO 256216,0.0,0.93
ZC 5h 1705,SAO 256224,0.0,2.86
ZC 5h 1762,SAO 249355,0.0,1.69
ZC 5h 1743,SAO 256225,0.0,0.52
ZC 5h 1781,SAO 256230,0.0,2.65
ZC 5h 1788,SAO 256228,0.0,2.71
ZC 5h 1893,SAO 256237,0.0,1.26
ZC 5h 1919,SAO 249369,0.0,2.15
ZC 5h 1931,SAO 249374,0.0,2.61
ZC 5h 1870,SAO 256231,0.0,3.27
ZC 5h 1879,SAO 256233,0.0,2.19
ZC 5h 1865,SAO 256227,0.0,0.55
ZC 5h 2036,SAO 249385,0.0,0.57
ZC 5h 2041,SAO 249386,0.0,1.17
ZC 5h 2039,SAO 256245,0.0,2.91
ZC 5h 1997,SAO 256235,0.0,1.59
ZC 5h 2042,SAO 256241,0.0,1.02
ZC 5h 2044,SAO 256236,0.0,0.55
ZC 5h 2087,SAO 256243,0.0,0.86
ZC 5h 2097,SAO 256242,0.0,0.35
ZC 5h 2176,SAO 249400,0.0,2.37
ZC 5h 2209,SAO 249404,0.0,2.22
ZC 5h 2307,SAO 249417,0.0,1.63
ZC 5h 2319,SAO 249420,0.0,2.83
ZC 6h 17,SAO 249422,0.0,2.45
ZC 6h 10,SAO 256254,0.0,2.61
ZC 6h 62,SAO 249426,0.0,0.70
ZC 6h 18,SAO 256252,0.0,2.11
ZC 6h 105,SAO 249431,0.0,2.44
ZC 6h 128,SAO 256258,0.0,1.49
ZC 6h 169,SAO 249436,0.0,3.66
ZC 6h 235,SAO 249446,0.0,2.17
ZC 6h 243,SAO 249445,0.0,2.77
ZC 6h 259,SAO 256262,0.0,3.67
ZC 6h 317,SAO 249455,0.0,1.28
ZC 6h 326,SAO 249456,0.0,6.08
ZC 6h 241,SAO 258428,0.0,1.26
ZC 6h 340,SAO 249458,0.0,3.29
ZC 6h 390,SAO 256269,0.0,1.90
ZC 6h 389,SAO 256268,0.0,3.57
ZC 6h 384,SAO 256264,0.0,1.94
ZC 6h 402,SAO 256266,0.0,0.91
ZC 6h 456,SAO 256272,0.0,0.33
ZC 6h 510,SAO 256271,0.0,3.12
ZC 6h 598,SAO 249483,0.0,3.78
ZC 6h 536,SAO 256270,0.0,3.04
ZC 6h 620,SAO 249490,0.0,1.37
ZC 6h 636,SAO 249484,0.0,2.08
ZC 6h 715,SAO 249498,0.0,2.21
ZC 6h 750,SAO 256283,0.0,1.31
ZC 6h 813,SAO 249505,0.0,1.77
ZC 6h 886,SAO 249510,0.0,2.46
ZC 6h 926,SAO 249518,0.0,2.61
ZC 6h 931,SAO 249517,0.0,0.62
ZC 6h 939,SAO 249522,0.0,0.88
ZC 6h 955,SAO 249524,0.0,1.30
ZC 6h 995,SAO 249528,0.0,4.35
ZC 6h 1026,SAO 249530,0.0,1.49
ZC 6h 1046,SAO 249529,0.0,2.04
ZC 6h 1083,SAO 249533,0.0,0.95
ZC 6h 1098,SAO 249541,0.0,6.74
ZC 6h 1123,SAO 249544,0.0,0.12
ZC 6h 1175,SAO 249549,0.0,1.27
ZC 6h 1180,SAO 256295,0.0,2.61
ZC 6h 1232,SAO 256303,0.0,0.57
ZC 6h 1278,SAO 249559,0.0,0.90
ZC 6h 1289,SAO 249556,0.0,1.76
ZC 6h 1384,SAO 256305,0.0,1.84
ZC 6h 1451,SAO 256306,0.0,2.57
ZC 6h 1537,SAO 249586,0.0,1.13
ZC 6h 1520,SAO 249582,0.0,2.95
ZC 6h 1563,SAO 249587,0.0,3.59
ZC 6h 1675,SAO 249596,0.0,1.93
ZC 6h 1716,SAO 256315,0.0,0.86
ZC 6h 1785,SAO 249608,0.0,5.82
ZC 6h 1799,SAO 249613,0.0,0.63
ZC 6h 1836,SAO 256319,0.0,4.35
ZC 6h 1874,SAO 249617,0.0,1.80
ZC 6h 1853,SAO 256316,0.0,2.75
ZC 6h 2010,SAO 249628,0.0,4.47
ZC 6h 2027,SAO 249629,0.0,4.75
ZC 6h 2051,SAO 249633,0.0,1.81
ZC 6h 2187,SAO 249639,0.0,3.87
ZC 6h 2332,SAO 256329,0.0,2.09
ZC 6h 2407,SAO 256332,0.0,1.06
ZC 6h 2477,SAO 249653,0.0,3.32
ZC 6h 2479,SAO 256337,0.0,3.02
ZC 6h 2526,SAO 249660,0.0,3.07
ZC 6h 2512,SAO 249657,0.0,4.03
ZC 6h 2130,SAO 249635,0.0,11.35
ZC 6h 2518,SAO 256336,0.0,3.11
ZC 6h 2596,SAO 249661,0.0,3.25
ZC 6h 2603,SAO 249666,0.0,1.74
ZC 6h 2626,SAO 249664,0.0,3.09
ZC 6h 2699,SAO 249672,0.0,2.76
ZC 6h 2726,SAO 249673,0.0,0.28
ZC 6h 2738,SAO 249676,0.0,2.47
ZC 6h 2885,SAO 249688,0.0,1.32
ZC 6h 2860,SAO 256348,0.0,2.34
ZC 6h 2953,SAO 249687,0.0,2.76
ZC 6h 3058,SAO 249699,0.0,0.47
ZC 7h 5,SAO 249708,0.0,3.97
ZC 7h 53,SAO 249717,0.0,2.79
ZC 7h 18,SAO 256353,0.0,1.70
ZC 7h 52,SAO 256356,0.0,1.79
ZC 7h 64,SAO 256354,0.0,3.29
ZC 7h 127,SAO 256357,0.0,1.97
ZC 7h 163,SAO 256359,0.0,1.99
ZC 7h 218,SAO 256360,0.0,1.23
ZC 7h 280,SAO 256362,0.0,1.76
ZC 7h 360,SAO 249736,0.0,1.77
ZC 7h 299,SAO 256358,0.0,0.86
ZC 7h 404,SAO 249741,0.0,2.44
ZC 7h 402,SAO 249737,0.0,3.14
ZC 7h 370,SAO 256365,0.0,1.27
ZC 7h 488,SAO 249746,0.0,3.65
ZC 7h 472,SAO 249743,0.0,2.04
ZC 7h 456,SAO 256367,0.0,2.99
ZC 7h 545,SAO 249752,0.0,2.56
ZC 7h 583,SAO 249757,0.0,2.41
ZC 7h 639,SAO 249763,0.0,1.63
ZC 7h 648,SAO 256368,0.0,1.41
ZC 7h 746,SAO 249771,0.0,2.64
ZC 7h 760,SAO 249777,0.0,4.00
ZC 7h 706,SAO 256371,0.0,1.11
ZC 7h 810,SAO 249773,0.0,1.91
ZC 7h 835,SAO 249786,0.0,3.68
ZC 7h 876,SAO 249791,0.0,6.62
ZC 7h 943,SAO 249795,0.0,6.99
ZC 7h 983,SAO 249796,0.0,2.14
ZC 7h 1007,SAO 249799,0.0,3.02
ZC 7h 901,SAO 256372,0.0,2.39
ZC 7h 1048,SAO 249802,0.0,2.66
ZC 7h 1113,SAO 249804,0.0,2.51
ZC 7h 1061,SAO 256382,0.0,2.79
ZC 7h 1137,SAO 249807,0.0,2.62
ZC 7h 1164,SAO 249812,0.0,3.74
ZC 7h 1346,SAO 249821,0.0,2.81
ZC 7h 1400,SAO 249828,0.0,1.17
ZC 7h 1480,SAO 249834,0.0,2.53
ZC 7h 1431,SAO 256389,0.0,5.46
ZC 7h 1505,SAO 256394,0.0,0.83
ZC 7h 1569,SAO 249837,0.0,2.64
ZC 7h 1590,SAO 249842,0.0,3.11
ZC 7h 1542,SAO 256391,0.0,1.40
ZC 7h 1596,SAO 256397,0.0,6.81
ZC 7h 1706,SAO 249850,0.0,5.69
ZC 7h 1767,SAO 249852,0.0,3.04
ZC 7h 1778,SAO 256400,0.0,0.43
ZC 7h 1831,SAO 249855,0.0,1.95
ZC 7h 1788,SAO 256403,0.0,2.69
ZC 7h 1870,SAO 249858,0.0,3.82
ZC 7h 1925,SAO 249861,0.0,2.73
ZC 7h 2121,SAO 249872,0.0,1.44
ZC 7h 2132,SAO 249871,0.0,1.93
ZC 7h 2089,SAO 256407,0.0,1.28
ZC 7h 2230,SAO 249877,0.0,3.93
ZC 7h 2351,SAO 249885,0.0,0.54
ZC 7h 2377,SAO 249883,0.0,3.86
ZC 7h 2393,SAO 249887,0.0,4.60
ZC 7h 2409,SAO 249890,0.0,4.09
ZC 7h 2413,SAO 249886,0.0,3.05
ZC 7h 2400,SAO 256422,0.0,1.27
ZC 7h 2432,SAO 249888,0.0,1.11
ZC 7h 2470,SAO 256423,0.0,1.93
ZC 7h 2533,SAO 249894,0.0,6.24
ZC 7h 2514,SAO 256425,0.0,1.99
ZC 7h 2452,SAO 256418,0.0,1.14
ZC 7h 2510,SAO 256421,0.0,0.92
ZC 7h 2610,SAO 249897,0.0,3.67
ZC 7h 2619,SAO 249900,0.0,4.50
ZC 7h 2653,SAO 249898,0.0,0.54
ZC 7h 2678,SAO 249906,0.0,1.56
ZC 7h 2710,SAO 249912,0.0,1.62
ZC 7h 2779,SAO 249913,0.0,1.54
ZC 7h 2901,SAO 249920,0.0,1.74
ZC 7h 2905,SAO 256432,0.0,2.46
ZC 7h 2940,SAO 249927,0.0,2.04
ZC 7h 2964,SAO 249929,0.0,6.62
ZC 7h 2969,SAO 249925,0.0,2.06
ZC 7h 2994,SAO 249931,0.0,1.30
ZC 7h 2997,SAO 249928,0.0,1.73
ZC 7h 3024,SAO 256433,0.0,1.13
ZC 7h 3089,SAO 249939,0.0,4.75
ZC 7h 3073,SAO 256436,0.0,1.97
ZC 7h 3219,SAO 249945,0.0,1.95
ZC 7h 3282,SAO 249954,0.0,4.56
ZC 7h 3320,SAO 249961,0.0,5.78
ZC 7h 3411,SAO 249966,0.0,4.11
ZC 7h 3421,SAO 249967,0.0,1.99
ZC 7h 3415,SAO 249962,0.0,0.90
ZC 7h 3355,SAO 256442,0.0,2.36
ZC 7h 3382,SAO 256437,0.0,0.61
ZC 7h 3484,SAO 256446,0.0,1.71
ZC 7h 3631,SAO 249979,0.0,1.48
ZC 7h 3710,SAO 249980,0.0,1.58
ZC 7h 3847,SAO 249992,0.0,2.22
ZC 7h 3872,SAO 249999,0.0,0.52
ZC 7h 3888,SAO 250002,0.0,2.91
ZC 7h 3875,SAO 256453,0.0,0.60
ZC 7h 3965,SAO 250007,0.0,1.74
ZC 7h 3995,SAO 250004,0.0,1.03
ZC 7h 3944,SAO 256452,0.0,2.65
ZC 7h 3946,SAO 256451,0.0,4.19
ZC 7h 3919,SAO 256450,0.0,4.72
ZC 7h 4186,SAO 250025,0.0,2.57
ZC 7h 4200,SAO 250031,0.0,2.20
ZC 7h 4216,SAO 250033,0.0,3.36
ZC 7h 4281,SAO 250046,0.0,5.84
ZC 7h 4273,SAO 250026,0.0,1.93
ZC 7h 4376,SAO 250059,0.0,2.00
ZC 7h 4363,SAO 250050,0.0,4.27
ZC 7h 4288,SAO 256457,0.0,2.07
ZC 7h 4356,SAO 256460,0.0,1.44
ZC 7h 4400,SAO 250057,0.0,0.83
ZC 7h 4482,SAO 250068,0.0,0.62
ZC 7h 4401,SAO 258487,0.0,1.54
ZC 7h 4578,SAO 250076,0.0,4.01
ZC 7h 4590,SAO 250080,0.0,2.08
ZC 7h 4511,SAO 256459,0.0,2.82
ZC 8h 37,SAO 250083,0.0,1.34
ZC 8h 181,SAO 250097,0.0,1.08
ZC 8h 248,SAO 256466,0.0,1.64
ZC 8h 288,SAO 256465,0.0,0.56
ZC 8h 390,SAO 256470,0.0,4.33
ZC 8h 499,SAO 250112,0.0,3.75
ZC 8h 643,SAO 250136,0.0,1.62
ZC 8h 731,SAO 250141,0.0,2.55
ZC 8h 765,SAO 250142,0.0,0.58
ZC 8h 664,SAO 256472,0.0,2.60
ZC 8h 773,SAO 256475,0.0,3.33
ZC 8h 766,SAO 256474,0.0,6.84
ZC 8h 837,SAO 256480,0.0,1.98
ZC 8h 872,SAO 250147,0.0,3.37
ZC 8h 857,SAO 256478,0.0,1.54
ZC 8h 920,SAO 256483,0.0,10.85
ZC 8h 923,SAO 256479,0.0,2.42
ZC 8h 1064,SAO 250163,0.0,5.14
ZC 8h 992,SAO 256481,0.0,0.82
ZC 8h 1119,SAO 256488,0.0,1.97
ZC 8h 1132,SAO 256486,0.0,2.59
ZC 8h 1231,SAO 256487,0.0,2.02
ZC 8h 1523,SAO 250193,0.0,3.23
ZC 8h 1570,SAO 250197,0.0,3.80
ZC 8h 1573,SAO 250192,0.0,4.19
ZC 8h 1554,SAO 256492,0.0,2.15
ZC 8h 1630,SAO 256493,0.0,1.58
ZC 8h 1726,SAO 250208,0.0,3.01
ZC 8h 1811,SAO 250214,0.0,10.18
ZC 8h 1917,SAO 250218,0.0,2.25
ZC 8h 1965,SAO 250223,0.0,1.99
ZC 8h 2089,SAO 250227,0.0,0.52
ZC 8h 2171,SAO 250234,0.0,1.37
ZC 8h 2203,SAO 250237,0.0,2.87
ZC 8h 2221,SAO 250233,0.0,1.27
ZC 8h 2259,SAO 256513,0.0,0.17
ZC 8h 2327,SAO 250243,0.0,2.68
ZC 8h 2432,SAO 250254,0.0,2.71
ZC 8h 2405,SAO 256514,0.0,3.43
ZC 8h 2500,SAO 250259,0.0,1.24
ZC 8h 2519,SAO 250263,0.0,6.38
ZC 8h 2549,SAO 256520,0.0,0.91
ZC 8h 2525,SAO 256519,0.0,1.90
ZC 8h 2586,SAO 250264,0.0,2.30
ZC 8h 2609,SAO 250267,0.0,7.47
ZC 8h 2658,SAO 250270,0.0,0.73
ZC 8h 2581,SAO 256517,0.0,5.37
ZC 8h 2647,SAO 250265,0.0,2.84
ZC 8h 2741,SAO 256523,0.0,0.30
ZC 8h 2772,SAO 250273,0.0,1.32
ZC 8h 2814,SAO 250276,0.0,1.15
ZC 8h 2870,SAO 250283,0.0,4.47
ZC 8h 2926,SAO 250285,0.0,2.64
ZC 8h 3110,SAO 256530,0.0,3.59
ZC 8h 3621,SAO 250322,0.0,6.21
ZC 8h 3391,SAO 250309,0.0,5.44
ZC 8h 3396,SAO 256537,0.0,2.26
ZC 8h 3502,SAO 250318,0.0,2.48
ZC 8h 3585,SAO 256545,0.0,2.31
ZC 8h 3683,SAO 250328,0.0,8.34
ZC 8h 3705,SAO 250329,0.0,3.32
ZC 8h 3859,SAO 250338,0.0,1.09
ZC 8h 3874,SAO 250335,0.0,1.31
ZC 8h 3988,SAO 250348,0.0,2.30
ZC 8h 3999,SAO 250346,0.0,1.89
ZC 8h 4049,SAO 250353,0.0,1.51
ZC 8h 4082,SAO 250362,0.0,3.87
ZC 8h 4080,SAO 250361,0.0,3.82
ZC 8h 4092,SAO 250363,0.0,6.17
ZC 8h 4086,SAO 256555,0.0,1.80
ZC 8h 4151,SAO 250366,0.0,1.78
ZC 8h 4125,SAO 256553,0.0,1.38
ZC 8h 4198,SAO 256559,0.0,0.30
ZC 8h 4200,SAO 256558,0.0,2.12
ZC 8h 4213,SAO 256557,0.0,5.30
ZC 8h 4359,SAO 250386,0.0,10.56
ZC 8h 4450,SAO 250395,0.0,0.48
ZC 8h 4447,SAO 250394,0.0,4.67
ZC 8h 4469,SAO 250399,0.0,5.67
ZC 8h 4587,SAO 250404,0.0,2.21
ZC 8h 4668,SAO 250414,0.0,2.26
ZC 8h 4656,SAO 256567,0.0,0.61
ZC 8h 4626,SAO 258511,0.0,0.56
ZC 9h 213,SAO 250435,0.0,0.08
ZC 9h 302,SAO 250440,0.0,0.97
ZC 9h 327,SAO 256577,0.0,0.79
ZC 9h 399,SAO 250448,0.0,2.23
ZC 9h 405,SAO 250446,0.0,1.39
ZC 9h 446,SAO 250447,0.0,1.35
ZC 9h 433,SAO 256578,0.0,1.28
ZC 9h 670,SAO 250472,0.0,0.02
ZC 9h 651,SAO 256589,0.0,2.58
ZC 9h 700,SAO 250473,0.0,1.46
ZC 9h 741,SAO 250478,0.0,1.13
ZC 9h 754,SAO 250482,0.0,1.56
ZC 9h 763,SAO 250475,0.0,2.13
ZC 9h 711,SAO 256588,0.0,0.14
ZC 9h 770,SAO 256591,0.0,3.41
ZC 9h 827,SAO 250486,0.0,2.60
ZC 9h 868,SAO 250493,0.0,6.97
ZC 9h 901,SAO 250499,0.0,5.63
ZC 9h 913,SAO 250501,0.0,1.46
ZC 9h 953,SAO 250509,0.0,2.00
ZC 9h 960,SAO 256592,0.0,1.17
ZC 9h 1022,SAO 256595,0.0,2.64
ZC 9h 1146,SAO 250523,0.0,2.59
ZC 9h 1147,SAO 250518,0.0,2.21
ZC 9h 1178,SAO 250525,0.0,3.90
ZC 9h 1343,SAO 256598,0.0,0.94
ZC 9h 1283,SAO 258520,0.0,4.90
ZC 9h 1391,SAO 256601,0.0,1.53
ZC 9h 1452,SAO 250542,0.0,1.74
ZC 9h 1490,SAO 256604,0.0,4.32
ZC 9h 1517,SAO 250553,0.0,1.48
ZC 9h 1613,SAO 256602,0.0,1.47
ZC 9h 1680,SAO 250560,0.0,0.60
ZC 9h 1718,SAO 250565,0.0,3.04
ZC 9h 1693,SAO 256609,0.0,3.71
ZC 9h 1793,SAO 256611,0.0,1.46
ZC 9h 1850,SAO 250578,0.0,4.51
ZC 9h 1868,SAO 256613,0.0,0.62
ZC 9h 1916,SAO 250584,0.0,3.50
ZC 9h 1975,SAO 250582,0.0,1.73
ZC 9h 2065,SAO 250589,0.0,4.39
ZC 9h 2082,SAO 250592,0.0,2.68
ZC 9h 2059,SAO 250588,0.0,0.97
ZC 9h 2099,SAO 256622,0.0,2.95
ZC 9h 2210,SAO 250603,0.0,3.21
ZC 9h 2230,SAO 250605,0.0,2.87
ZC 9h 2246,SAO 250604,0.0,2.52
ZC 9h 2248,SAO 256626,0.0,2.66
ZC 9h 2331,SAO 250610,0.0,0.90
ZC 9h 2393,SAO 256630,0.0,0.65
ZC 9h 2411,SAO 256627,0.0,2.95
ZC 9h 2476,SAO 250619,0.0,1.35
ZC 9h 2533,SAO 250624,0.0,2.12
ZC 9h 2557,SAO 256636,0.0,1.95
ZC 9h 2546,SAO 256632,0.0,3.29
ZC 9h 2639,SAO 250635,0.0,3.29
ZC 9h 2631,SAO 256635,0.0,1.23
ZC 9h 2764,SAO 256640,0.0,1.11
ZC 9h 2856,SAO 250656,0.0,1.21
ZC 9h 2879,SAO 250654,0.0,4.02
ZC 9h 2881,SAO 250655,0.0,1.98
ZC 9h 2944,SAO 256644,0.0,0.84
ZC 9h 2917,SAO 256641,0.0,2.85
ZC 9h 2951,SAO 256643,0.0,5.35
ZC 9h 3133,SAO 250678,0.0,2.17
ZC 9h 3159,SAO 256646,0.0,1.55
ZC 9h 3351,SAO 256654,0.0,1.15
ZC 9h 3377,SAO 250691,0.0,5.41
ZC 9h 3357,SAO 256653,0.0,1.10
ZC 9h 3394,SAO 256655,0.0,2.75
ZC 9h 3463,SAO 250699,0.0,2.07
ZC 9h 3502,SAO 250704,0.0,1.61
ZC 9h 3569,SAO 250709,0.0,3.91
ZC 9h 3609,SAO 256659,0.0,1.94
ZC 9h 3656,SAO 250717,0.0,3.12
ZC 9h 3693,SAO 250725,0.0,1.94
ZC 9h 3700,SAO 250724,0.0,1.34
ZC 9h 3717,SAO 250727,0.0,0.81
ZC 9h 3697,SAO 256661,0.0,2.19
ZC 9h 3824,SAO 250735,0.0,4.63
ZC 9h 3941,SAO 250744,0.0,3.23
ZC 9h 3974,SAO 250745,0.0,0.52
ZC 9h 4080,SAO 256668,0.0,2.69
ZC 9h 4112,SAO 250755,0.0,1.49
ZC 9h 4122,SAO 256671,0.0,1.94
ZC 9h 4186,SAO 256670,0.0,5.73
ZC 9h 4314,SAO 256673,0.0,3.26
ZC 9h 4492,SAO 250784,0.0,2.49
ZC 9h 4495,SAO 256675,0.0,1.47
ZC 9h 4593,SAO 250796,0.0,0.80
ZC 10h 56,SAO 250801,0.0,1.76
ZC 10h 165,SAO 250812,0.0,2.02
ZC 10h 170,SAO 250814,0.0,3.29
ZC 10h 192,SAO 250816,0.0,3.86
ZC 10h 198,SAO 250815,0.0,0.72
ZC 10h 196,SAO 256678,0.0,2.24
ZC 10h 295,SAO 250825,0.0,5.25
ZC 10h 359,SAO 256679,0.0,3.05
ZC 10h 411,SAO 256684,0.0,1.17
ZC 10h 433,SAO 250841,0.0,1.92
ZC 10h 441,SAO 256685,0.0,0.95
ZC 10h 469,SAO 250843,0.0,1.23
ZC 10h 497,SAO 250850,0.0,3.96
ZC 10h 544,SAO 250855,0.0,1.59
ZC 10h 577,SAO 250862,0.0,2.21
ZC 10h 593,SAO 250864,0.0,2.33
ZC 10h 662,SAO 250868,0.0,0.79
ZC 10h 727,SAO 250881,0.0,9.16
ZC 10h 764,SAO 250882,0.0,2.93
ZC 10h 813,SAO 250890,0.0,4.41
ZC 10h 838,SAO 256692,0.0,4.29
ZC 10h 940,SAO 250903,0.0,2.69
ZC 10h 896,SAO 258566,0.0,1.23
ZC 10h 1008,SAO 250908,0.0,2.37
ZC 10h 1026,SAO 250910,0.0,4.70
ZC 10h 987,SAO 256693,0.0,2.15
ZC 10h 1042,SAO 256697,0.0,2.45
ZC 10h 1075,SAO 250912,0.0,1.49
ZC 10h 1041,SAO 256695,0.0,0.51
ZC 10h 1119,SAO 250915,0.0,3.43
ZC 10h 1124,SAO 250914,0.0,2.42
ZC 10h 1104,SAO 256696,0.0,4.26
ZC 10h 1138,SAO 256698,0.0,1.09
ZC 10h 1203,SAO 250924,0.0,8.66
ZC 10h 1237,SAO 250926,0.0,2.45
ZC 10h 1241,SAO 250927,0.0,1.70
ZC 10h 1251,SAO 250929,0.0,5.10
ZC 10h 1299,SAO 256701,0.0,1.67
ZC 10h 1386,SAO 250938,0.0,1.62
ZC 10h 1428,SAO 250942,0.0,5.18
ZC 10h 1485,SAO 256704,0.0,4.15
ZC 10h 1521,SAO 256708,0.0,0.99
ZC 10h 1551,SAO 250949,0.0,4.37
ZC 10h 1541,SAO 256706,0.0,1.97
ZC 10h 1575,SAO 250951,0.0,0.53
ZC 10h 1662,SAO 256712,0.0,0.94
ZC 10h 1709,SAO 250963,0.0,1.36
ZC 10h 1771,SAO 250970,0.0,4.29
ZC 10h 1808,SAO 250972,0.0,0.27
ZC 10h 1871,SAO 256717,0.0,1.53
ZC 10h 1898,SAO 250990,0.0,2.50
ZC 10h 1856,SAO 256716,0.0,2.37
ZC 10h 1924,SAO 256719,0.0,2.09
ZC 10h 1949,SAO 250996,0.0,8.39
ZC 10h 1969,SAO 251000,0.0,2.93
ZC 10h 1985,SAO 251003,0.0,1.78
ZC 10h 2148,SAO 256725,0.0,1.53
ZC 10h 2234,SAO 251021,0.0,0.75
ZC 10h 2241,SAO 251024,0.0,2.12
ZC 10h 2239,SAO 256729,0.0,0.60
ZC 10h 2268,SAO 251026,0.0,1.36
ZC 10h 2524,SAO 251046,0.0,2.91
ZC 10h 2550,SAO 251052,0.0,3.09
ZC 10h 2559,SAO 251055,0.0,0.82
ZC 10h 2621,SAO 256741,0.0,0.43
ZC 10h 2661,SAO 256743,0.0,0.53
ZC 10h 2695,SAO 251068,0.0,3.63
ZC 10h 2738,SAO 251072,0.0,4.07
ZC 10h 2754,SAO 256744,0.0,1.40
ZC 10h 2816,SAO 251088,0.0,2.48
ZC 10h 2841,SAO 251093,0.0,1.00
ZC 10h 2869,SAO 256746,0.0,0.22
ZC 10h 2882,SAO 256748,0.0,0.23
ZC 10h 2923,SAO 251103,0.0,0.52
ZC 10h 2935,SAO 251102,0.0,1.47
ZC 10h 2941,SAO 251100,0.0,1.29
ZC 10h 3041,SAO 251108,0.0,2.26
ZC 10h 3062,SAO 256755,0.0,2.34
ZC 10h 3228,SAO 251136,0.0,2.39
ZC 10h 3267,SAO 251140,0.0,1.93
ZC 10h 3379,SAO 256761,0.0,18.47
ZC 10h 3439,SAO 256760,0.0,1.25
ZC 10h 3494,SAO 251158,0.0,3.89
ZC 10h 3509,SAO 256766,0.0,2.94
ZC 10h 3617,SAO 251174,0.0,5.58
ZC 10h 3620,SAO 251172,0.0,1.54
ZC 10h 3638,SAO 256771,0.0,0.41
ZC 10h 3667,SAO 251176,0.0,1.64
ZC 10h 3732,SAO 251183,0.0,0.12
ZC 10h 3737,SAO 251182,0.0,4.27
ZC 10h 3769,SAO 251188,0.0,2.72
ZC 10h 3848,SAO 251196,0.0,6.46
ZC 10h 3862,SAO 256774,0.0,1.51
ZC 10h 3964,SAO 251207,0.0,3.99
ZC 10h 3954,SAO 256777,0.0,1.74
ZC 10h 4037,SAO 251210,0.0,1.81
ZC 10h 4040,SAO 251213,0.0,2.26
ZC 10h 4056,SAO 256780,0.0,0.63
ZC 10h 4090,SAO 251220,0.0,3.28
ZC 10h 4184,SAO 251231,0.0,4.99
ZC 10h 4175,SAO 256784,0.0,0.75
ZC 10h 4186,SAO 256785,0.0,3.54
ZC 10h 4207,SAO 256786,0.0,2.23
ZC 10h 4217,SAO 251240,0.0,1.48
ZC 10h 4357,SAO 251248,0.0,3.32
ZC 11h 11,SAO 256792,0.0,0.62
ZC 11h 52,SAO 251260,0.0,9.00
ZC 11h 106,SAO 256793,0.0,1.44
ZC 11h 111,SAO 256795,0.0,1.36
ZC 11h 137,SAO 256797,0.0,2.26
ZC 11h 228,SAO 251279,0.0,0.43
ZC 11h 265,SAO 251282,0.0,1.23
ZC 11h 280,SAO 251291,0.0,0.36
ZC 11h 307,SAO 256803,0.0,3.55
ZC 11h 333,SAO 256801,0.0,1.39
ZC 11h 373,SAO 256805,0.0,2.14
ZC 11h 388,SAO 251299,0.0,1.46
ZC 11h 498,SAO 256806,0.0,1.37
ZC 11h 503,SAO 256807,0.0,2.60
ZC 11h 555,SAO 251321,0.0,5.32
ZC 11h 560,SAO 251323,0.0,3.28
ZC 11h 572,SAO 256811,0.0,2.21
ZC 11h 659,SAO 251328,0.0,1.99
ZC 11h 686,SAO 251330,0.0,0.62
ZC 11h 721,SAO 256815,0.0,3.22
ZC 11h 715,SAO 256812,0.0,2.09
ZC 11h 837,SAO 251339,0.0,2.11
ZC 11h 907,SAO 251348,0.0,8.49
ZC 11h 920,SAO 256821,0.0,3.06
ZC 11h 930,SAO 251349,0.0,0.52
ZC 11h 944,SAO 251352,0.0,2.94
ZC 11h 969,SAO 251355,0.0,2.60
ZC 11h 1030,SAO 251360,0.0,1.46
ZC 11h 1095,SAO 251366,0.0,2.59
ZC 11h 1162,SAO 256830,0.0,1.81
ZC 11h 1210,SAO 251376,0.0,1.10
ZC 11h 1205,SAO 256831,0.0,3.81
ZC 11h 1305,SAO 256833,0.0,4.95
ZC 11h 1353,SAO 251394,0.0,0.58
ZC 11h 1446,SAO 256839,0.0,2.62
ZC 11h 1565,SAO 251416,0.0,5.01
ZC 11h 1566,SAO 256841,0.0,0.28
ZC 11h 1700,SAO 251425,0.0,3.23
ZC 11h 1726,SAO 251429,0.0,6.18
ZC 11h 1729,SAO 256845,0.0,1.60
ZC 11h 1786,SAO 251436,0.0,0.72
ZC 11h 1835,SAO 251447,0.0,1.69
ZC 11h 1833,SAO 256847,0.0,1.10
ZC 11h 1838,SAO 256848,0.0,1.96
ZC 11h 1844,SAO 251448,0.0,3.74
ZC 11h 1872,SAO 256850,0.0,1.17
ZC 11h 1903,SAO 251454,0.0,1.93
ZC 11h 1946,SAO 251456,0.0,0.78
ZC 11h 1928,SAO 256851,0.0,0.56
ZC 11h 2017,SAO 251462,0.0,3.80
ZC 11h 2041,SAO 256852,0.0,2.37
ZC 11h 2100,SAO 251473,0.0,1.75
ZC 11h 2218,SAO 251490,0.0,1.52
ZC 11h 2224,SAO 251493,0.0,2.25
ZC 11h 2226,SAO 256855,0.0,2.11
ZC 11h 2227,SAO 258616,0.0,0.38
ZC 11h 2313,SAO 251513,0.0,0.68
ZC 11h 2318,SAO 256858,0.0,1.88
ZC 11h 2400,SAO 251526,0.0,2.73
ZC 11h 2424,SAO 251531,0.0,4.35
ZC 11h 2482,SAO 256861,0.0,1.76
ZC 11h 2562,SAO 256863,0.0,2.34
ZC 11h 2599,SAO 251553,0.0,1.91
ZC 11h 2679,SAO 251565,0.0,1.50
ZC 11h 2714,SAO 251569,0.0,2.18
ZC 11h 2898,SAO 256875,0.0,1.53
ZC 11h 2913,SAO 251594,0.0,1.02
ZC 11h 2940,SAO 256876,0.0,1.71
ZC 11h 2997,SAO 251601,0.0,2.16
ZC 11h 3056,SAO 256878,0.0,2.37
ZC 11h 3075,SAO 251609,0.0,0.43
ZC 11h 3117,SAO 256880,0.0,3.12
ZC 11h 3235,SAO 256881,0.0,0.54
ZC 11h 3299,SAO 251631,0.0,3.31
ZC 11h 3372,SAO 251642,0.0,4.00
ZC 11h 3388,SAO 256883,0.0,1.59
ZC 11h 3407,SAO 256884,0.0,9.69
ZC 11h 3435,SAO 256885,0.0,2.46
ZC 11h 3473,SAO 251651,0.0,2.96
ZC 11h 3518,SAO 258628,0.0,4.97
ZC 11h 3541,SAO 256889,0.0,2.84
ZC 11h 3547,SAO 256890,0.0,1.18
ZC 11h 3664,SAO 251674,0.0,1.07
ZC 11h 3746,SAO 251682,0.0,19.22
ZC 11h 3753,SAO 251683,0.0,7.85
ZC 11h 3959,SAO 251719,0.0,5.96
ZC 11h 3985,SAO 256900,0.0,1.56
ZC 11h 4009,SAO 251728,0.0,2.43
ZC 11h 4094,SAO 251738,0.0,8.56
ZC 12h 21,SAO 256903,0.0,0.78
ZC 12h 64,SAO 251751,0.0,3.30
ZC 12h 84,SAO 251752,0.0,2.74
ZC 12h 102,SAO 251753,0.0,1.50
ZC 12h 130,SAO 256908,0.0,8.03
ZC 12h 166,SAO 251763,0.0,0.72
ZC 12h 238,SAO 251773,0.0,2.98
ZC 12h 286,SAO 251779,0.0,1.80
ZC 12h 305,SAO 256911,0.0,1.06
ZC 12h 341,SAO 256912,0.0,0.52
ZC 12h 401,SAO 256913,0.0,2.46
ZC 12h 447,SAO 256914,0.0,3.90
ZC 12h 453,SAO 256916,0.0,4.80
ZC 12h 517,SAO 256917,0.0,0.86
ZC 12h 573,SAO 251815,0.0,1.50
ZC 12h 654,SAO 256921,0.0,2.37
ZC 12h 674,SAO 256922,0.0,1.62
ZC 12h 677,SAO 251827,0.0,1.16
ZC 12h 701,SAO 251833,0.0,3.22
ZC 12h 705,SAO 251834,0.0,1.09
ZC 12h 793,SAO 256926,0.0,0.37
ZC 12h 853,SAO 256928,0.0,3.63
ZC 12h 915,SAO 256933,0.0,0.79
ZC 12h 1050,SAO 251880,0.0,0.24
ZC 12h 1111,SAO 256940,0.0,0.40
ZC 12h 1351,SAO 251927,0.0,3.88
ZC 12h 1401,SAO 256948,0.0,2.63
ZC 12h 1561,SAO 251949,0.0,1.07
ZC 12h 1672,SAO 251956,0.0,1.11
ZC 12h 1769,SAO 251970,0.0,1.51
ZC 12h 1827,SAO 251976,0.0,1.79
ZC 12h 1860,SAO 258647,0.0,0.26
ZC 12h 1901,SAO 256968,0.0,2.67
ZC 12h 1904,SAO 251983,0.0,2.21
ZC 12h 1942,SAO 256970,0.0,1.82
ZC 12h 1964,SAO 251988,0.0,2.35
ZC 12h 1998,SAO 251992,0.0,1.60
ZC 12h 2069,SAO 256974,0.0,3.52
ZC 12h 2096,SAO 252001,0.0,1.53
ZC 12h 2183,SAO 256977,0.0,2.69
ZC 12h 2411,SAO 252031,0.0,1.02
ZC 12h 2438,SAO 252034,0.0,14.54
ZC 12h 2446,SAO 252036,0.0,1.07
ZC 12h 2573,SAO 252049,0.0,0.19
ZC 12h 2621,SAO 256985,0.0,0.77
ZC 12h 2641,SAO 252058,0.0,1.28
ZC 12h 2772,SAO 252083,0.0,2.17
ZC 12h 2894,SAO 252098,0.0,2.40
ZC 12h 2920,SAO 256994,0.0,2.43
ZC 12h 2929,SAO 252104,0.0,3.29
ZC 12h 2950,SAO 256995,0.0,2.38
ZC 12h 3088,SAO 256998,0.0,0.61
ZC 12h 3091,SAO 252121,0.0,1.76
ZC 12h 3118,SAO 256999,0.0,2.64
ZC 12h 3166,SAO 252128,0.0,0.24
ZC 12h 3209,SAO 257001,0.0,3.39
ZC 12h 3283,SAO 257006,0.0,1.66
ZC 12h 3454,SAO 252150,0.0,0.76
ZC 12h 3505,SAO 257012,0.0,0.52
ZC 13h 18,SAO 257013,0.0,1.35
ZC 13h 109,SAO 252174,0.0,0.50
ZC 13h 240,SAO 257020,0.0,2.17
ZC 13h 259,SAO 252198,0.0,3.75
ZC 13h 312,SAO 252208,0.0,2.92
ZC 13h 482,SAO 257024,0.0,4.34
ZC 13h 643,SAO 252258,0.0,3.49
ZC 13h 724,SAO 257031,0.0,1.61
ZC 13h 783,SAO 252278,0.0,2.47
ZC 13h 844,SAO 257035,0.0,2.52
ZC 13h 910,SAO 257037,0.0,1.50
ZC 13h 929,SAO 252292,0.0,1.39
ZC 13h 1031,SAO 257050,0.0,0.48
ZC 13h 1027,SAO 257045,0.0,1.05
ZC 13h 1121,SAO 257051,0.0,2.40
ZC 13h 1181,SAO 257052,0.0,1.53
ZC 13h 1205,SAO 252325,0.0,2.06
ZC 13h 1292,SAO 252335,0.0,2.45
ZC 13h 1401,SAO 257062,0.0,2.56
ZC 13h 1397,SAO 252344,0.0,2.08
ZC 13h 1407,SAO 257061,0.0,1.12
ZC 13h 1417,SAO 252351,0.0,3.25
ZC 13h 1672,SAO 257071,0.0,2.84
ZC 13h 1679,SAO 257068,0.0,0.87
ZC 13h 1703,SAO 252386,0.0,2.22
ZC 13h 1739,SAO 252389,0.0,2.25
ZC 13h 1766,SAO 252393,0.0,3.11
ZC 13h 1800,SAO 257073,0.0,1.66
ZC 13h 1827,SAO 257076,0.0,4.75
ZC 13h 1966,SAO 257084,0.0,6.40
ZC 13h 1942,SAO 252411,0.0,1.14
ZC 13h 1988,SAO 252417,0.0,1.77
ZC 13h 1992,SAO 257082,0.0,1.43
ZC 13h 2004,SAO 257083,0.0,1.76
ZC 13h 2028,SAO 252423,0.0,2.21
ZC 13h 2053,SAO 257086,0.0,2.37
ZC 13h 2359,SAO 257091,0.0,1.75
ZC 13h 2429,SAO 258682,0.0,0.58
ZC 13h 2505,SAO 257095,0.0,4.95
ZC 13h 2550,SAO 257094,0.0,2.99
ZC 13h 2601,SAO 257096,0.0,0.27
ZC 13h 2702,SAO 252501,0.0,3.42
ZC 13h 2740,SAO 257099,0.0,0.72
ZC 13h 2761,SAO 257100,0.0,0.37
ZC 13h 2842,SAO 257102,0.0,1.55
ZC 13h 2906,SAO 257105,0.0,1.31
ZC 13h 2920,SAO 257104,0.0,3.31
ZC 13h 2927,SAO 257103,0.0,1.26
ZC 13h 3138,SAO 257108,0.0,2.32
ZC 13h 3202,SAO 252558,0.0,2.00
ZC 13h 3217,SAO 252567,0.0,1.87
ZC 13h 3221,SAO 252562,0.0,4.05
ZC 13h 3236,SAO 257109,0.0,0.29
ZC 13h 3259,SAO 252572,0.0,4.03
ZC 13h 3328,SAO 257114,0.0,2.04
ZC 13h 3314,SAO 252577,0.0,2.64
ZC 13h 3600,SAO 257118,0.0,1.61
ZC 13h 3580,SAO 252609,0.0,2.15
ZC 13h 3704,SAO 257122,0.0,0.14
ZC 14h 31,SAO 257123,0.0,1.10
ZC 14h 11,SAO 252628,0.0,1.98
ZC 14h 128,SAO 257124,0.0,1.24
ZC 14h 157,SAO 257128,0.0,0.52
ZC 14h 163,SAO 257125,0.0,0.57
ZC 14h 180,SAO 257127,0.0,0.24
ZC 14h 260,SAO 257132,0.0,1.76
ZC 14h 290,SAO 257129,0.0,1.85
ZC 14h 311,SAO 257130,0.0,2.08
ZC 14h 351,SAO 252663,0.0,1.08
ZC 14h 473,SAO 257136,0.0,4.66
ZC 14h 518,SAO 257143,0.0,0.93
ZC 14h 531,SAO 257137,0.0,0.85
ZC 14h 625,SAO 252701,0.0,3.35
ZC 14h 655,SAO 252704,0.0,2.13
ZC 14h 721,SAO 257144,0.0,1.25
ZC 14h 757,SAO 252717,0.0,1.79
ZC 14h 780,SAO 257147,0.0,0.16
ZC 14h 781,SAO 257146,0.0,1.11
ZC 14h 842,SAO 252726,0.0,2.25
ZC 14h 898,SAO 257155,0.0,4.03
ZC 14h 926,SAO 257153,0.0,6.50
ZC 14h 936,SAO 257151,0.0,1.91
ZC 14h 996,SAO 257160,0.0,2.09
ZC 14h 1016,SAO 257162,0.0,1.61
ZC 14h 1077,SAO 257166,0.0,1.38
ZC 14h 1141,SAO 257169,0.0,6.04
ZC 14h 1405,SAO 258704,0.0,2.71
ZC 14h 1362,SAO 252770,0.0,0.90
ZC 14h 1393,SAO 257171,0.0,0.63
ZC 14h 1452,SAO 252785,0.0,2.10
ZC 14h 1584,SAO 252805,0.0,1.55
ZC 14h 1653,SAO 252812,0.0,4.37
ZC 14h 1811,SAO 257178,0.0,1.51
ZC 14h 1930,SAO 257184,0.0,1.88
ZC 14h 1959,SAO 252840,0.0,3.23
ZC 14h 2012,SAO 257188,0.0,0.50
ZC 14h 1996,SAO 252846,0.0,2.29
ZC 14h 2059,SAO 257189,0.0,1.40
ZC 14h 2105,SAO 252858,0.0,3.12
ZC 14h 2190,SAO 257192,0.0,1.67
ZC 14h 2276,SAO 257195,0.0,1.51
ZC 14h 2368,SAO 257199,0.0,1.48
ZC 14h 2393,SAO 257201,0.0,1.40
ZC 14h 2551,SAO 252910,0.0,2.48
ZC 14h 2737,SAO 257213,0.0,0.53
ZC 14h 2760,SAO 257211,0.0,2.59
ZC 14h 2776,SAO 252949,0.0,3.23
ZC 14h 2883,SAO 257217,0.0,3.78
ZC 14h 2839,SAO 252956,0.0,5.21
ZC 14h 2917,SAO 252962,0.0,2.12
ZC 14h 3052,SAO 257222,0.0,1.73
ZC 14h 3058,SAO 252980,0.0,3.03
ZC 14h 3098,SAO 252985,0.0,1.85
ZC 14h 3160,SAO 257231,0.0,1.97
ZC 14h 3156,SAO 252987,0.0,3.55
ZC 14h 3189,SAO 257230,0.0,0.38
ZC 14h 3539,SAO 257239,0.0,3.70
ZC 14h 3728,SAO 257246,0.0,1.79
ZC 14h 3835,SAO 257248,0.0,1.35
ZC 14h 3823,SAO 253040,0.0,1.26
ZC 15h 37,SAO 257253,0.0,1.10
ZC 15h 80,SAO 257251,0.0,1.63
ZC 15h 169,SAO 257261,0.0,0.49
ZC 15h 256,SAO 257259,0.0,2.37
ZC 15h 295,SAO 253074,0.0,4.14
ZC 15h 378,SAO 257265,0.0,0.50
ZC 15h 382,SAO 257263,0.0,0.28
ZC 15h 508,SAO 257267,0.0,0.54
ZC 15h 499,SAO 253092,0.0,1.45
ZC 15h 572,SAO 253108,0.0,1.29
ZC 15h 617,SAO 253111,0.0,1.75
ZC 15h 687,SAO 257270,0.0,1.50
ZC 15h 929,SAO 253148,0.0,1.09
ZC 15h 950,SAO 257277,0.0,0.64
ZC 15h 981,SAO 257279,0.0,2.99
ZC 15h 1076,SAO 257282,0.0,6.33
ZC 15h 1140,SAO 257281,0.0,0.63
ZC 15h 1173,SAO 257286,0.0,0.96
ZC 15h 1215,SAO 257283,0.0,0.07
ZC 15h 1307,SAO 257291,0.0,1.57
ZC 15h 1332,SAO 257292,0.0,1.28
ZC 15h 1319,SAO 253187,0.0,2.29
ZC 15h 1416,SAO 253198,0.0,2.48
ZC 15h 1597,SAO 257299,0.0,1.45
ZC 15h 1851,SAO 257311,0.0,0.20
ZC 15h 2082,SAO 257314,0.0,0.38
ZC 15h 2095,SAO 257316,0.0,3.13
ZC 15h 2045,SAO 253251,0.0,0.13
ZC 15h 2199,SAO 253267,0.0,3.49
ZC 15h 2341,SAO 257319,0.0,1.67
ZC 15h 2427,SAO 257321,0.0,1.82
ZC 15h 2510,SAO 257323,0.0,1.61
ZC 15h 2534,SAO 257324,0.0,2.66
ZC 15h 2526,SAO 257322,0.0,4.17
ZC 15h 2668,SAO 253305,0.0,2.20
ZC 15h 2705,SAO 253309,0.0,1.83
ZC 15h 2725,SAO 253312,0.0,1.46
ZC 15h 2737,SAO 253311,0.0,3.52
ZC 15h 2881,SAO 257335,0.0,2.08
ZC 15h 2898,SAO 253322,0.0,2.25
ZC 15h 3066,SAO 257344,0.0,1.90
ZC 15h 3041,SAO 257338,0.0,2.30
ZC 15h 3195,SAO 257348,0.0,1.11
ZC 15h 3132,SAO 253351,0.0,1.87
ZC 15h 3216,SAO 253356,0.0,1.56
ZC 15h 3328,SAO 257355,0.0,6.67
ZC 15h 3362,SAO 257351,0.0,1.06
ZC 15h 3444,SAO 253375,0.0,4.63
ZC 15h 3467,SAO 257353,0.0,2.25
ZC 15h 3607,SAO 257362,0.0,1.22
ZC 15h 3563,SAO 253385,0.0,0.66
ZC 15h 3611,SAO 253392,0.0,1.44
ZC 15h 3705,SAO 253412,0.0,0.94
ZC 15h 3765,SAO 257364,0.0,1.64
ZC 15h 3840,SAO 257365,0.0,0.93
ZC 15h 4075,SAO 257372,0.0,1.12
ZC 15h 4084,SAO 257369,0.0,0.75
ZC 15h 4150,SAO 253453,0.0,1.91
ZC 15h 4189,SAO 253455,0.0,1.58
ZC 16h 138,SAO 257383,0.0,3.78
ZC 16h 57,SAO 257373,0.0,1.29
ZC 16h 100,SAO 257375,0.0,1.77
ZC 16h 144,SAO 257377,0.0,2.21
ZC 16h 114,SAO 253462,0.0,2.18
ZC 16h 286,SAO 257382,0.0,1.30
ZC 16h 329,SAO 257378,0.0,3.73
ZC 16h 443,SAO 257386,0.0,1.68
ZC 16h 476,SAO 253490,0.0,0.05
ZC 16h 632,SAO 257392,0.0,1.21
ZC 16h 672,SAO 257391,0.0,1.19
ZC 16h 740,SAO 257395,0.0,1.16
ZC 16h 758,SAO 257396,0.0,1.07
ZC 16h 822,SAO 257397,0.0,1.49
ZC 16h 954,SAO 253542,0.0,3.47
ZC 16h 1044,SAO 257401,0.0,0.62
ZC 16h 1081,SAO 257406,0.0,2.96
ZC 16h 1092,SAO 257405,0.0,0.23
ZC 16h 1068,SAO 253553,0.0,2.70
ZC 16h 1261,SAO 253577,0.0,2.57
ZC 16h 1273,SAO 253579,0.0,3.84
ZC 16h 1487,SAO 253605,0.0,2.19
ZC 16h 1516,SAO 253606,0.0,1.54
ZC 16h 1581,SAO 253612,0.0,3.90
ZC 16h 1679,SAO 257422,0.0,1.16
ZC 16h 1809,SAO 258750,0.0,0.68
ZC 16h 1913,SAO 253645,0.0,0.68
ZC 16h 1936,SAO 257425,0.0,2.65
ZC 16h 1919,SAO 253647,0.0,1.80
ZC 16h 1958,SAO 253646,0.0,2.48
ZC 16h 2052,SAO 253657,0.0,4.45
ZC 16h 2224,SAO 253679,0.0,2.03
ZC 16h 2301,SAO 253683,0.0,0.15
ZC 16h 2336,SAO 257433,0.0,1.17
ZC 16h 2415,SAO 257435,0.0,1.68
ZC 16h 2404,SAO 253690,0.0,0.53
ZC 16h 2437,SAO 253695,0.0,1.80
ZC 16h 2666,SAO 253711,0.0,3.02
ZC 16h 2841,SAO 257444,0.0,3.73
ZC 16h 2974,SAO 257447,0.0,1.02
ZC 16h 3215,SAO 257452,0.0,1.26
ZC 16h 3300,SAO 257457,0.0,1.68
ZC 16h 3216,SAO 253751,0.0,8.35
ZC 16h 3329,SAO 253758,0.0,4.54
ZC 16h 3371,SAO 257455,0.0,0.51
ZC 16h 3539,SAO 257459,0.0,2.22
ZC 16h 3547,SAO 253773,0.0,0.73
ZC 16h 3775,SAO 257469,0.0,2.34
ZC 16h 3914,SAO 257467,0.0,4.15
ZC 16h 4116,SAO 257473,0.0,0.88
ZC 16h 4193,SAO 257476,0.0,1.65
ZC 16h 4195,SAO 257475,0.0,1.20
ZC 16h 4258,SAO 257480,0.0,2.19
ZC 16h 4235,SAO 253823,0.0,1.57
ZC 17h 87,SAO 257477,0.0,1.53
ZC 17h 76,SAO 253828,0.0,0.92
ZC 17h 93,SAO 253838,0.0,0.67
ZC 17h 108,SAO 253833,0.0,1.37
ZC 17h 219,SAO 257486,0.0,6.66
ZC 17h 234,SAO 257482,0.0,1.28
ZC 17h 338,SAO 257488,0.0,1.48
ZC 17h 312,SAO 253855,0.0,1.69
ZC 17h 533,SAO 257493,0.0,4.75
ZC 17h 600,SAO 253885,0.0,0.90
ZC 17h 668,SAO 253888,0.0,1.88
ZC 17h 711,SAO 257494,0.0,1.77
ZC 17h 708,SAO 253891,0.0,0.87
ZC 17h 744,SAO 257496,0.0,1.40
ZC 17h 851,SAO 253912,0.0,1.64
ZC 17h 932,SAO 257505,0.0,1.93
ZC 17h 1001,SAO 257508,0.0,1.65
ZC 17h 962,SAO 257504,0.0,0.70
ZC 17h 1123,SAO 257507,0.0,1.44
ZC 17h 1223,SAO 257510,0.0,1.18
ZC 17h 1314,SAO 253950,0.0,2.29
ZC 17h 1319,SAO 253949,0.0,3.20
ZC 17h 1378,SAO 253958,0.0,0.54
ZC 17h 1552,SAO 257516,0.0,1.30
ZC 17h 1670,SAO 257518,0.0,1.01
ZC 17h 1794,SAO 257523,0.0,0.73
ZC 17h 1829,SAO 257522,0.0,1.25
ZC 17h 1967,SAO 257524,0.0,0.89
ZC 17h 2098,SAO 254007,0.0,0.56
ZC 17h 2212,SAO 257532,0.0,1.81
ZC 17h 2153,SAO 257526,0.0,2.48
ZC 17h 2296,SAO 257529,0.0,2.14
ZC 17h 2346,SAO 254028,0.0,5.07
ZC 17h 2505,SAO 257536,0.0,1.06
ZC 17h 2662,SAO 257538,0.0,2.13
ZC 17h 2749,SAO 257546,0.0,1.86
ZC 17h 2762,SAO 257543,0.0,5.07
ZC 17h 2726,SAO 254061,0.0,1.35
ZC 17h 2923,SAO 257551,0.0,4.23
ZC 17h 2826,SAO 254066,0.0,2.36
ZC 17h 2842,SAO 254069,0.0,1.08
ZC 17h 3070,SAO 257549,0.0,2.72
ZC 17h 3115,SAO 254095,0.0,1.96
ZC 17h 3168,SAO 257555,0.0,1.04
ZC 17h 3135,SAO 257550,0.0,2.36
ZC 17h 3240,SAO 257557,0.0,2.62
ZC 17h 3209,SAO 254102,0.0,1.22
ZC 17h 3354,SAO 257558,0.0,0.65
ZC 17h 3353,SAO 254114,0.0,2.34
ZC 17h 3471,SAO 257561,0.0,3.38
ZC 17h 3475,SAO 254127,0.0,0.88
ZC 17h 3874,SAO 254155,0.0,2.34
ZC 17h 3983,SAO 254161,0.0,1.39
ZC 17h 4006,SAO 254165,0.0,2.00
ZC 18h 73,SAO 257579,0.0,1.65
ZC 18h 79,SAO 257578,0.0,0.54
ZC 18h 232,SAO 257580,0.0,1.03
ZC 18h 312,SAO 257582,0.0,1.21
ZC 18h 342,SAO 257583,0.0,2.45
ZC 18h 515,SAO 257585,0.0,1.48
ZC 18h 619,SAO 257589,0.0,2.84
ZC 18h 695,SAO 254224,0.0,1.70
ZC 18h 778,SAO 257591,0.0,0.47
ZC 18h 756,SAO 254229,0.0,0.56
ZC 18h 836,SAO 257595,0.0,2.20
ZC 18h 855,SAO 254241,0.0,3.76
ZC 18h 907,SAO 254243,0.0,1.21
ZC 18h 1136,SAO 257606,0.0,2.33
ZC 18h 1166,SAO 254267,0.0,1.04
ZC 18h 1173,SAO 254274,0.0,0.21
ZC 18h 1379,SAO 254291,0.0,1.27
ZC 18h 1391,SAO 254290,0.0,1.30
ZC 18h 1445,SAO 257610,0.0,0.90
ZC 18h 1541,SAO 257622,0.0,3.65
ZC 18h 1521,SAO 257616,0.0,1.82
ZC 18h 1487,SAO 254307,0.0,1.10
ZC 18h 1694,SAO 254331,0.0,1.34
ZC 18h 1704,SAO 254333,0.0,0.33
ZC 18h 1795,SAO 254347,0.0,1.85
ZC 18h 1844,SAO 254355,0.0,0.85
ZC 18h 1954,SAO 257635,0.0,2.00
ZC 18h 2231,SAO 254391,0.0,0.71
ZC 18h 2360,SAO 257647,0.0,3.59
ZC 18h 2307,SAO 254402,0.0,0.66
ZC 18h 2345,SAO 257641,0.0,0.97
ZC 18h 2374,SAO 257640,0.0,2.16
ZC 18h 2398,SAO 257642,0.0,1.95
ZC 18h 2439,SAO 254409,0.0,1.54
ZC 18h 2593,SAO 254424,0.0,1.22
ZC 18h 2677,SAO 257650,0.0,4.20
ZC 18h 2652,SAO 254437,0.0,0.77
ZC 18h 2655,SAO 257649,0.0,0.76
ZC 18h 2740,SAO 257659,0.0,2.62
ZC 18h 2713,SAO 257651,0.0,4.75
ZC 18h 2788,SAO 254450,0.0,2.26
ZC 18h 2801,SAO 257655,0.0,1.69
ZC 18h 2809,SAO 257657,0.0,0.62
ZC 18h 2854,SAO 257658,0.0,2.90
ZC 18h 2931,SAO 254468,0.0,2.06
ZC 18h 2984,SAO 257663,0.0,1.92
ZC 18h 2976,SAO 254469,0.0,0.29
ZC 18h 3069,SAO 257668,0.0,2.05
ZC 18h 3059,SAO 257666,0.0,4.49
ZC 18h 3133,SAO 257670,0.0,0.90
ZC 19h 4,SAO 254491,0.0,2.75
ZC 19h 62,SAO 257672,0.0,1.66
ZC 19h 80,SAO 257675,0.0,1.88
ZC 19h 180,SAO 257676,0.0,1.18
ZC 19h 178,SAO 254516,0.0,1.81
ZC 19h 239,SAO 257677,0.0,1.14
ZC 19h 257,SAO 257679,0.0,0.96
ZC 19h 288,SAO 257681,0.0,2.65
ZC 19h 252,SAO 254521,0.0,1.90
ZC 19h 406,SAO 257688,0.0,2.06
ZC 19h 402,SAO 254540,0.0,1.56
ZC 19h 455,SAO 254544,0.0,1.42
ZC 19h 553,SAO 254561,0.0,3.42
ZC 19h 603,SAO 257693,0.0,0.77
ZC 19h 673,SAO 257694,0.0,2.35
ZC 19h 764,SAO 254589,0.0,1.34
ZC 19h 814,SAO 257703,0.0,1.76
ZC 19h 857,SAO 257704,0.0,2.49
ZC 19h 930,SAO 257710,0.0,0.34
ZC 19h 944,SAO 257709,0.0,0.64
ZC 19h 965,SAO 257712,0.0,2.65
ZC 19h 1022,SAO 254603,0.0,2.00
ZC 19h 1102,SAO 257715,0.0,2.02
ZC 19h 1108,SAO 257714,0.0,2.65
ZC 19h 1234,SAO 257726,0.0,0.56
ZC 19h 1198,SAO 257721,0.0,2.57
ZC 19h 1200,SAO 257719,0.0,3.97
ZC 19h 1235,SAO 257724,0.0,0.37
ZC 19h 1272,SAO 254629,0.0,0.63
ZC 19h 1286,SAO 254631,0.0,2.47
ZC 19h 1371,SAO 257729,0.0,0.65
ZC 19h 1407,SAO 254640,0.0,1.13
ZC 19h 1467,SAO 257739,0.0,0.90
ZC 19h 1451,SAO 254643,0.0,3.18
ZC 19h 1480,SAO 254646,0.0,1.20
ZC 19h 1521,SAO 257737,0.0,0.65
ZC 19h 1631,SAO 257744,0.0,2.59
ZC 19h 1712,SAO 257748,0.0,2.71
ZC 19h 1775,SAO 254682,0.0,1.92
ZC 19h 1830,SAO 257753,0.0,0.61
ZC 19h 1877,SAO 254686,0.0,0.17
ZC 19h 1913,SAO 257752,0.0,2.65
ZC 19h 1931,SAO 257754,0.0,0.85
ZC 19h 1958,SAO 257763,0.0,2.26
ZC 19h 1988,SAO 257760,0.0,1.53
ZC 19h 2151,SAO 257766,0.0,0.53
ZC 19h 2213,SAO 257773,0.0,0.08
ZC 19h 2265,SAO 254728,0.0,1.74
ZC 19h 2368,SAO 254738,0.0,1.16
ZC 19h 2380,SAO 254739,0.0,0.85
ZC 20h 68,SAO 257791,0.0,1.88
ZC 20h 45,SAO 257785,0.0,1.82
ZC 20h 117,SAO 257786,0.0,1.24
ZC 20h 147,SAO 257787,0.0,0.37
ZC 20h 298,SAO 257805,0.0,3.60
ZC 20h 302,SAO 257798,0.0,1.51
ZC 20h 309,SAO 257800,0.0,1.23
ZC 20h 352,SAO 257801,0.0,2.11
ZC 20h 444,SAO 257811,0.0,1.47
ZC 20h 465,SAO 254789,0.0,2.06
ZC 20h 481,SAO 254793,0.0,0.89
ZC 20h 553,SAO 257812,0.0,2.07
ZC 20h 612,SAO 257822,0.0,1.14
ZC 20h 599,SAO 257817,0.0,1.19
ZC 20h 608,SAO 257818,0.0,1.53
ZC 20h 611,SAO 254801,0.0,1.75
ZC 20h 691,SAO 254807,0.0,1.57
ZC 20h 893,SAO 254838,0.0,2.34
ZC 20h 987,SAO 254851,0.0,0.43
ZC 20h 997,SAO 254853,0.0,1.25
ZC 20h 1163,SAO 257855,0.0,2.45
ZC 20h 1185,SAO 257856,0.0,1.55
ZC 20h 1248,SAO 257858,0.0,1.80
ZC 20h 1263,SAO 257861,0.0,12.20
ZC 20h 1323,SAO 254881,0.0,2.12
ZC 20h 1337,SAO 254886,0.0,1.96
ZC 20h 1357,SAO 257863,0.0,1.91
ZC 20h 1410,SAO 257865,0.0,0.84
ZC 20h 1409,SAO 257864,0.0,3.01
ZC 20h 1504,SAO 257870,0.0,1.26
ZC 20h 1511,SAO 257872,0.0,2.18
ZC 20h 1640,SAO 257881,0.0,4.36
ZC 20h 1629,SAO 257877,0.0,1.71
ZC 20h 1699,SAO 257882,0.0,0.53
ZC 20h 1829,SAO 257891,0.0,1.81
ZC 20h 1906,SAO 257894,0.0,2.92
ZC 21h 31,SAO 257900,0.0,1.60
ZC 21h 27,SAO 257899,0.0,1.27
ZC 21h 29,SAO 254952,0.0,1.15
ZC 21h 64,SAO 257901,0.0,1.24
ZC 21h 63,SAO 254956,0.0,1.16
ZC 21h 95,SAO 254957,0.0,0.65
ZC 21h 118,SAO 254959,0.0,0.85
ZC 21h 173,SAO 257909,0.0,1.43
ZC 21h 204,SAO 257910,0.0,3.92
ZC 21h 182,SAO 257906,0.0,1.85
ZC 21h 199,SAO 254964,0.0,0.33
ZC 21h 239,SAO 254968,0.0,1.33
ZC 21h 262,SAO 254973,0.0,0.97
ZC 21h 330,SAO 254985,0.0,0.95
ZC 21h 475,SAO 257925,0.0,3.10
ZC 21h 474,SAO 257923,0.0,1.22
ZC 21h 486,SAO 257926,0.0,0.95
ZC 21h 539,SAO 257927,0.0,3.07
ZC 21h 555,SAO 257929,0.0,3.00
ZC 21h 613,SAO 257931,0.0,0.79
ZC 21h 699,SAO 255021,0.0,0.64
ZC 21h 736,SAO 257939,0.0,1.34
ZC 21h 726,SAO 257936,0.0,1.60
ZC 21h 749,SAO 255025,0.0,1.25
ZC 21h 765,SAO 255027,0.0,1.08
ZC 21h 776,SAO 257938,0.0,1.39
ZC 21h 838,SAO 257943,0.0,1.81
ZC 21h 817,SAO 255033,0.0,2.05
ZC 21h 830,SAO 255035,0.0,2.78
ZC 21h 839,SAO 255037,0.0,1.97
ZC 21h 889,SAO 255045,0.0,0.42
ZC 21h 926,SAO 255050,0.0,0.60
ZC 21h 945,SAO 257950,0.0,3.67
ZC 21h 962,SAO 257953,0.0,0.51
ZC 21h 964,SAO 257952,0.0,4.00
ZC 21h 1025,SAO 255056,0.0,1.60
ZC 21h 1081,SAO 255064,0.0,1.94
ZC 21h 1119,SAO 257960,0.0,2.26
ZC 21h 1117,SAO 255066,0.0,0.68
ZC 21h 1146,SAO 257959,0.0,1.69
ZC 21h 1187,SAO 257963,0.0,1.84
ZC 21h 1213,SAO 257968,0.0,0.93
ZC 21h 1253,SAO 255088,0.0,0.91
ZC 21h 1261,SAO 257967,0.0,1.25
ZC 21h 1264,SAO 255090,0.0,1.82
ZC 21h 1281,SAO 257969,0.0,5.33
ZC 21h 1397,SAO 255100,0.0,1.29
ZC 21h 1429,SAO 255103,0.0,1.12
ZC 21h 1445,SAO 257984,0.0,0.65
ZC 21h 1493,SAO 255109,0.0,1.00
ZC 21h 1506,SAO 257987,0.0,1.08
ZC 21h 1510,SAO 257988,0.0,15.06
ZC 21h 1548,SAO 255115,0.0,1.24
ZC 21h 1612,SAO 257995,0.0,0.90
ZC 21h 1616,SAO 257994,0.0,0.50
ZC 21h 1782,SAO 258001,0.0,3.32
ZC 21h 1795,SAO 257999,0.0,0.32
ZC 21h 1891,SAO 255157,0.0,1.28
ZC 22h 23,SAO 258007,0.0,1.57
ZC 22h 13,SAO 258004,0.0,0.82
ZC 22h 39,SAO 258010,0.0,0.43
ZC 22h 59,SAO 258014,0.0,6.94
ZC 22h 81,SAO 258012,0.0,1.51
ZC 22h 70,SAO 258008,0.0,0.18
ZC 22h 77,SAO 258009,0.0,1.06
ZC 22h 97,SAO 258015,0.0,1.45
ZC 22h 113,SAO 258013,0.0,0.50
ZC 22h 117,SAO 258016,0.0,1.05
ZC 22h 125,SAO 255172,0.0,1.08
ZC 22h 157,SAO 258018,0.0,2.66
ZC 22h 210,SAO 255182,0.0,1.45
ZC 22h 261,SAO 255184,0.0,3.11
ZC 22h 334,SAO 255198,0.0,3.00
ZC 22h 357,SAO 255202,0.0,0.88
ZC 22h 356,SAO 255201,0.0,0.72
ZC 22h 373,SAO 258026,0.0,0.94
ZC 22h 423,SAO 258045,0.0,1.47
ZC 22h 445,SAO 258038,0.0,0.64
ZC 22h 503,SAO 255215,0.0,1.64
ZC 22h 599,SAO 255228,0.0,2.20
ZC 22h 637,SAO 258046,0.0,1.36
ZC 22h 655,SAO 255239,0.0,1.93
ZC 22h 664,SAO 255240,0.0,1.13
ZC 22h 689,SAO 255242,0.0,3.15
ZC 22h 694,SAO 255243,0.0,2.20
ZC 22h 736,SAO 255250,0.0,1.78
ZC 22h 751,SAO 255254,0.0,1.28
ZC 22h 848,SAO 258055,0.0,1.10
ZC 22h 908,SAO 258057,0.0,1.07
ZC 22h 977,SAO 258059,0.0,2.00
ZC 22h 960,SAO 255278,0.0,2.61
ZC 22h 962,SAO 255275,0.0,4.40
ZC 22h 1014,SAO 258061,0.0,0.29
ZC 22h 1155,SAO 258067,0.0,2.29
ZC 22h 1185,SAO 258072,0.0,1.91
ZC 22h 1208,SAO 258073,0.0,1.82
ZC 22h 1206,SAO 258071,0.0,0.82
ZC 22h 1250,SAO 258074,0.0,2.68
ZC 22h 1266,SAO 255327,0.0,1.88
ZC 22h 1272,SAO 255328,0.0,0.82
ZC 22h 1284,SAO 255332,0.0,4.73
ZC 22h 1319,SAO 258078,0.0,1.35
ZC 22h 1346,SAO 258083,0.0,3.54
ZC 22h 1350,SAO 255342,0.0,2.22
ZC 22h 1360,SAO 258080,0.0,0.72
ZC 22h 1408,SAO 258086,0.0,2.87
ZC 22h 1429,SAO 258088,0.0,1.43
ZC 22h 1428,SAO 258087,0.0,0.29
ZC 22h 1438,SAO 258089,0.0,0.64
ZC 22h 1468,SAO 258091,0.0,1.50
ZC 22h 1484,SAO 255358,0.0,1.43
ZC 22h 1509,SAO 258096,0.0,1.74
ZC 22h 1536,SAO 255371,0.0,0.96
ZC 22h 1553,SAO 258097,0.0,1.56
ZC 22h 1580,SAO 258099,0.0,0.13
ZC 22h 1583,SAO 258098,0.0,1.94
ZC 22h 1697,SAO 258103,0.0,1.45
ZC 22h 1704,SAO 258104,0.0,3.64
ZC 22h 1696,SAO 258101,0.0,1.41
ZC 22h 1706,SAO 258102,0.0,2.55
ZC 22h 1735,SAO 255405,0.0,1.99
ZC 23h 6,SAO 258108,0.0,1.34
ZC 23h 38,SAO 258109,0.0,2.59
ZC 23h 45,SAO 255416,0.0,2.26
ZC 23h 47,SAO 255417,0.0,0.58
ZC 23h 72,SAO 258111,0.0,1.28
ZC 23h 100,SAO 258116,0.0,0.19
ZC 23h 138,SAO 258118,0.0,1.51
ZC 23h 164,SAO 258120,0.0,1.90
ZC 23h 181,SAO 255437,0.0,0.89
ZC 23h 193,SAO 258122,0.0,0.79
ZC 23h 191,SAO 258121,0.0,1.07
ZC 23h 253,SAO 255443,0.0,1.50
ZC 23h 256,SAO 255445,0.0,1.18
ZC 23h 259,SAO 255447,0.0,2.33
ZC 23h 261,SAO 255448,0.0,3.43
ZC 23h 314,SAO 258128,0.0,1.36
ZC 23h 318,SAO 258129,0.0,0.74
ZC 23h 336,SAO 255460,0.0,1.81
ZC 23h 339,SAO 255461,0.0,0.43
ZC 23h 361,SAO 255465,0.0,0.55
ZC 23h 370,SAO 258132,0.0,2.69
ZC 23h 398,SAO 255469,0.0,0.73
ZC 23h 457,SAO 258137,0.0,3.11
ZC 23h 507,SAO 255482,0.0,1.23
ZC 23h 525,SAO 258145,0.0,1.71
ZC 23h 582,SAO 258148,0.0,1.43
ZC 23h 583,SAO 258146,0.0,1.57
ZC 23h 597,SAO 255499,0.0,3.78
ZC 23h 603,SAO 258149,0.0,2.26
ZC 23h 680,SAO 258152,0.0,3.65
ZC 23h 694,SAO 258155,0.0,1.60
ZC 23h 711,SAO 258157,0.0,1.00
ZC 23h 725,SAO 258160,0.0,0.97
ZC 23h 740,SAO 258159,0.0,3.79
ZC 23h 793,SAO 258162,0.0,1.99
ZC 23h 808,SAO 258163,0.0,1.32
ZC 23h 869,SAO 255533,0.0,2.60
ZC 23h 882,SAO 258168,0.0,4.47
ZC 23h 884,SAO 255538,0.0,0.25
ZC 23h 902,SAO 255543,0.0,2.89
ZC 23h 920,SAO 255544,0.0,0.65
ZC 23h 959,SAO 255547,0.0,0.97
ZC 23h 981,SAO 258175,0.0,0.97
ZC 23h 987,SAO 258176,0.0,1.57
ZC 23h 1086,SAO 258185,0.0,1.45
ZC 23h 1105,SAO 255568,0.0,1.07
ZC 23h 1123,SAO 258187,0.0,1.21
ZC 23h 1153,SAO 255577,0.0,0.77
ZC 23h 1159,SAO 258188,0.0,2.65
ZC 23h 1187,SAO 258190,0.0,1.58
ZC 23h 1216,SAO 258191,0.0,3.41
ZC 23h 1252,SAO 255590,0.0,1.40
ZC 23h 1282,SAO 258194,0.0,2.06
ZC 23h 1293,SAO 258196,0.0,1.19
ZC 23h 1312,SAO 258200,0.0,2.41
ZC 23h 1369,SAO 258202,0.0,0.74
ZC 23h 1393,SAO 255611,0.0,0.54
ZC 23h 1403,SAO 258203,0.0,0.98
ZC 23h 1424,SAO 258204,0.0,2.90
ZC 23h 1426,SAO 255616,0.0,2.93
ZC 23h 1480,SAO 255621,0.0,3.81
ZC 23h 1482,SAO 258205,0.0,1.96
ZC 23h 1496,SAO 255622,0.0,1.85
ZC 23h 1516,SAO 255626,0.0,2.07
ZC 23h 1524,SAO 255627,0.0,0.56
ZC 23h 1562,SAO 248108,0.0,1.20
