name,component,gcvs_number,source_line,ra_deg,dec_deg,equinox,coordinate_epoch,coordinate_flag,identification_flag,variability_type,band,mag_bright,mag_faint,mag_faint_truncated,amplitude_full,amplitude_truncated,faint_from_amplitude,bright_uncertain,faint_uncertain,has_gcvs_remarks,reference1,reference2
W Cet,,210006,14790,0.530791667,-14.675861111,J2000,2000.0,,,M,V,7.1,14.8,13,7.7,5.9,0,,,*,00001,00002
V Scl,,740005,53984,2.155583333,-39.218055556,J2000,1991.25,,,M,V,8.7,15.0,13,6.3,4.3,0,,,*,00001,00002
RU Oct,,580013,32006,2.192458333,-86.1885,J2000,2000.0,,,M,p,10.2,15.0,13,4.8,2.8,0,,,,00440,08613
WW Cet,,210045,14829,2.853041667,-11.478611111,J2000,2000.0,,,UG,p,9.3,16.8,13,7.5,3.7,0,,,*,08810,08852
S Scl,,740002,53981,3.842791667,-32.045277778,J2000,2000.0,,,M,V,5.5,13.6,13,8.1,7.5,0,,,*,00001,00002
S Tuc,,820002,58095,5.782,-61.671388889,J2000,2000.0,,,M,V,8.2,15.0,13,6.8,4.8,0,,,,00001,00002
S Cet,,210002,14786,6.014833333,-9.327972222,J2000,2000.0,,,M,V,7.6,14.7,13,7.1,5.4,0,,,,00001,00002
T Scl,,740003,53982,7.300541667,-37.908527778,J2000,2000.0,,,M,V,8.47,13.5,13,5.03,4.53,0,,,*,00001,00002
T Phe,,640003,42190,7.60925,-46.40925,J2000,2000.0,,,M,V,8.7,14.6,13,5.9,4.3,0,,,*,00001,00002
Y Hyi,,430008,25634,11.461208333,-78.821361111,J2000,2000.0,,,EA/SD,p,10.4,14.0,13,3.6,2.6,0,,,*,00193,06286
X Scl,,740007,53986,12.373,-34.912777778,J2000,2000.0,,,M,V,10.1,14.7,13,4.6,2.9,0,,,*,00001,00002
U Tuc,,820004,58097,14.30475,-75.000111111,J2000,2000.0,,,M,V,8.0,14.8,13,6.8,5.0,0,,,*,00001,00002
AD Scl,,740058,54037,16.369666667,-31.693666667,J2000,2000.0,,,M:,p,10.5,13.0,13.0,2.5,2.5,0,,,,00085,08588
Z Cet,,210009,14793,16.688041667,-1.481416667,J2000,2000.0,,,M,V,8.4,14.2,13,5.8,4.6,0,,,,00001,00002
RS Hyi,,430011,25637,17.616,-76.848694444,J2000,1976.654,,,M,p,10.0,16.0,13,6.0,3.0,0,,,*,00193,06286
U Scl,,740004,53983,17.901583333,-30.107916667,J2000,2000.0,,,M,V,8.3,15.21,13,6.91,4.7,0,,,,00001,00002
WX Cet,,210046,14830,19.267416667,-17.939611111,J2000,1988.759,,,UG,p,9.5,18.0,13,8.5,3.5,0,,,,08928,08927
W Phe,,640006,42193,19.969125,-55.917833333,J2000,2000.0,,,M,V,8.1,14.4,13,6.3,4.9,0,,,*,00001,05464
R Scl,,740001,53980,21.742041667,-32.543194444,J2000,2000.0,,,SRB,p,9.1,12.9,12.9,3.8,3.8,0,,,*,00001,00002
UV Cet,,210035,14819,24.755916667,-17.950611111,J2000,2000.0,,,UV,V,6.8,12.95,12.95,6.15,6.15,0,,,*,,00002
WX Hyi,,430046,25672,32.461791667,-63.311083333,J2000,2000.0,,,UGSU,V,9.6,14.85,13,5.25,3.4,0,,,*,09276,08852
omi Cet,,219015,15061,34.836625,-2.977638889,J2000,2000.0,,,M,V,2.0,10.1,10.1,8.1,8.1,0,,,*,00001,00002
VZ Cet,,210044,14828,34.836791667,-2.977694444,J2000,2000.0,,,*,V,9.5,12.0,12.0,2.5,2.5,0,,,*,02115,08953
TY Hor,,410032,24799,35.4505,-63.083861111,J2000,2000.0,,,M:,p,10.5,13.0,13.0,2.5,2.5,0,,,*,00085,06031
R Cet,,210001,14785,36.509625,-0.178277778,J2000,2000.0,,,M,V,7.2,14.0,13,6.8,5.8,0,,,,00001,00002
R For,,370001,22236,37.313791667,-26.098805556,J2000,2000.0,,,M,V,7.5,13.0,13.0,5.5,5.5,0,,,,00001,00002
BP For,,370093,22328,38.158625,-37.298583333,J2000,2000.0,,,UGSU,V,10.5,18.2,13,7.7,2.5,0,,,*,85004,USNO
U Cet,,210004,14788,38.431958333,-13.148444444,J2000,2000.0,,,M,V,6.8,13.4,13,6.6,6.2,0,,,,00001,00002
UU For,,370034,22269,39.345791667,-26.9785,J2000,1979.378,,,M,V,9.8,14.8,13,5.0,3.2,0,,,,68015,GSC
R Hor,,410001,24768,43.469875,-49.889638889,J2000,2000.0,,,M,V,4.7,14.3,13,9.6,8.3,0,,,*,00001,00002
T Hor,,410003,24770,45.217166667,-50.642194444,J2000,2000.0,,,M,V,7.2,13.7,13,6.5,5.8,0,,,,00001,00002
X Cet,,210007,14791,49.858625,-1.065611111,J2000,2000.0,,,M,V,8.4,13.0,13.0,4.6,4.6,0,,,,00001,00002
CQ Eri,,360117,22019,50.293333333,-17.232666667,J2000,2000.0,,,M,p,10.0,12.5,12.5,2.5,2.5,0,,,,00464,08953
RT Eri,,360012,21914,53.552,-16.164055556,J2000,2000.0,,,M,p,8.5,12.9,12.9,4.4,4.4,0,,,,00001,08953
S For,,370002,22237,56.554875,-24.390972222,J2000,2000.0,,,CST:,V,5.6,8.5,8.5,2.9,2.9,0,,,*,,08953
U Eri,,360004,21906,57.621458333,-24.956361111,J2000,2000.0,,,M,V,8.5,14.9,13,6.4,4.5,0,,,,00001,00002
T Eri,,360003,21905,58.807916667,-24.032388889,J2000,2000.0,,,M,V,7.2,13.2,13,6.0,5.8,0,,,,00001,00002
YZ Ret,,700053,43763,59.623125,-54.778111111,J2000,2000.0,,,NA,V,3.7,18.0,13,14.3,9.3,0,,,,82238,2MASS
VW Hyi,,430041,25667,62.297,-71.294833333,J2000,1975.939,,,UGSU,V,8.4,14.4,13,6.0,4.6,0,,,*,09275,08852
U Men,,530004,29717,62.399416667,-81.854888889,J2000,2000.0,,,SRA,p,8.0,10.9,10.9,2.9,2.9,0,,,*,00001,08953
W Eri,,360006,21908,62.87925,-25.133972222,J2000,2000.0,,,M,V,7.5,14.5,13,7.0,5.5,0,,,*,00001,00002
TZ Eri,,360033,21935,65.418041667,-6.019222222,J2000,2000.0,,,EA/SD,V,9.8,12.6,12.6,2.8,2.8,0,,,*,09196,01493
R Ret,,700001,43711,68.386791667,-63.029166667,J2000,2000.0,,,M,V,6.5,14.2,13,7.7,6.5,0,,,*,00001,00002
R Cae,,100001,6802,70.125375,-38.23525,J2000,2000.0,,,M,V,6.7,14.6,13,7.9,6.3,0,,,*,00001,HIP
EO Eri,,360158,22060,71.285125,-23.85525,J2000,1983.864,,,M,p,10.3,18.0,13,7.7,2.7,0,,,,71033,71033
R Pic,,650001,42345,71.539791667,-49.245833333,J2000,2000.0,,,SR,V,6.35,10.1,10.1,3.75,3.75,0,,,*,00001,00002
KT Eri,,360253,22155,71.975833333,-10.178611111,J2000,2000.0,,,NA,V,7.34,15.0,13,7.66,5.66,0,,:,,80215,2MASS
EY Eri,,360168,22070,73.238583333,-10.033027778,J2000,1998.780,,,M,J,6.35,9.03,9.03,2.68,2.68,0,,,,73014,2MASS
EQ Ori,,600160,36747,74.31025,-3.601305556,J2000,2000.0,,,EA/SD,p,10.2,13.3,13,3.1,2.8,0,,,*,00410,08953
UV Eri,,360035,21937,74.633083333,-6.068527778,J2000,2000.0,,,M,p,10.5,17.0,13,6.5,2.5,0,,:,,00001,00975
R Lep,,480001,27412,74.901458333,-14.80625,J2000,2000.0,,,M,V,5.5,11.7,11.7,6.2,6.2,0,,,*,00001,00002
UX Ori,,600037,36624,76.124958333,-3.787305556,J2000,2000.0,,,ISA(YY),p,8.7,12.8,12.8,4.1,4.1,0,,,,05762,08953
T Lep,,480003,27414,76.211833333,-21.904583333,J2000,2000.0,,,M,V,7.4,14.3,13,6.9,5.6,0,,,*,00001,00002
U Dor,,330004,21144,77.536833333,-64.317861111,J2000,2000.0,,,M,p,8.1,14.6,13,6.5,4.9,0,,,,00001,09040
S Pic,,650002,42346,77.738541667,-48.507083333,J2000,2000.0,,,M,V,6.5,14.0,13,7.5,6.5,0,,,*,00001,00002
T Pic,,650003,42347,78.774458333,-46.918,J2000,2000.0,,,M,V,7.9,14.4,13,6.5,5.1,0,,,,00001,00002
T Col,,240003,15495,79.822208333,-33.708083333,J2000,2000.0,,,M,V,6.6,12.7,12.7,6.1,6.1,0,,,*,00001,00002
R Oct,,580001,31994,81.52575,-86.388277778,J2000,2000.0,,,M,V,6.4,13.2,13,6.8,6.6,0,,,,00001,00002
S Ori,,600002,36589,82.25375,-4.692444444,J2000,2000.0,,,M,V,7.2,14.0,13,6.8,5.8,0,,,*,00001,00002
NV Ori,,600297,36884,83.880708333,-5.552472222,J2000,2000.0,,,INSB,V,8.7,11.3,11.3,2.6,2.6,0,,,*,09509,00861
T Ori,,600003,36590,83.960166667,-5.476361111,J2000,2000.0,,,INSA,V,8.7,12.6,12.6,3.9,3.9,0,,,*,00861,04002
V0380 Ori,,600380,36967,84.105958333,-6.716027778,J2000,2000.0,,,INAT,B,8.2,11.1,11.1,2.9,2.9,0,,,*,00861,04002
BF Ori,,600084,36671,84.30525,-6.5835,J2000,2000.0,,,INA,V,9.69,13.47,13,3.78,3.31,0,,,*,09468,00861
R Men,,530001,29714,85.671125,-75.2505,J2000,2000.0,,,SRB,p,9.5,12.0,12.0,2.5,2.5,0,,,*,00353,08953
S Col,,240002,15494,86.734625,-31.691222222,J2000,2000.0,,,M,V,8.9,14.2,13,5.3,4.1,0,,,,00001,00002
R Col,,240001,15493,87.637416667,-29.198583333,J2000,1976.897,,,M,V,7.8,15.0,13,7.2,5.2,0,,,,00001,00002
AA Lep,,480055,27466,88.551458333,-22.6965,J2000,1980.440,,,M:,p,10.4,13.1,13,2.7,2.6,0,,,,75002,GSC
CF Pup,,680107,42896,91.316791667,-49.124388889,J2000,2000.0,,,EA/SD,p,9.4,12.6,12.6,3.2,3.2,0,,,,00016,05464
CG Pup,,680108,42897,91.762291667,-46.746583333,J2000,2000.0,,,EA/SD,p,10.2,13.0,13.0,2.8,2.8,0,,,,00016,CoD
RW Pup,,680015,42804,92.291708333,-50.207694444,J2000,1978.031,,,M,V,8.8,14.5,13,5.7,4.2,0,,,*,08646,05464
EH CMa,,140152,8429,94.302,-31.029666667,J2000,2000.0,,,M,V,9.0,12.1,12.1,3.1,3.1,0,,,,00001,DM
RZ Pic,,650018,42362,94.348583333,-61.902166667,J2000,1979.971,,,M,p,10.0,14.0,13,4.0,3.0,0,,,,08627,02381
V Mon,,550005,29958,95.681583333,-2.195416667,J2000,2000.0,,,M,V,6.0,13.9,13,7.9,7.0,0,,,*,00001,00002
V0636 Mon,,550636,30589,96.255958333,-9.121111111,J2000,1954.008,,,M:,I,6.2,9.8,9.8,3.6,3.6,0,,,,09464,USNO
ST CMa,,140020,8297,98.093375,-22.746055556,J2000,2000.0,,,M,V,9.3,13.9,13,4.6,3.7,0,,,,00001,DM
HS CMa,,140219,8496,98.421916667,-18.127444444,J2000,1979.895,,,M,V,9.9,14.3,13,4.4,3.1,0,,,,00001,GSC
V0365 CMa,,140365,8642,98.824708333,-15.380555556,J2000,2000.0,,,SRA,V,10.5,13.6,13,3.1,2.5,0,,,,00001,GSC
RR Pic,,650010,42354,98.90025,-62.640083333,J2000,2000.0,,,NB,V,1.2,12.52,12.52,11.32,11.32,0,,,*,09624,04787
SY Mon,,550025,29978,99.380541667,-1.395333333,J2000,2000.0,,,M,p,9.6,17.0,13,7.4,3.4,0,,,,00001,05285
GM CMa,,140195,8472,100.312791667,-22.278555556,J2000,1979.933,,,SRB,V,8.4,11.2,11.2,2.8,2.8,0,,,,00001,DM
RV Pup,,680014,42803,100.618375,-42.371333333,J2000,2000.0,,,M,p,9.3,13.0,13.0,3.7,3.7,0,,,,01004,03389
V CMa,,140005,8282,100.919583333,-31.782361111,J2000,2000.0,,,M,V,9.6,13.7,13,4.1,3.4,0,,,,00001,GSC
BT Mon,,550097,30050,100.946833333,-2.020277778,J2000,1955.212,,,NA+EA,p,4.0,18.7,13,14.7,9.0,0,:,,*,09416,05285
HL CMa,,140212,8489,101.32175,-16.859638889,J2000,2000.0,,,UGSS,V,10.5,15.0,13,4.5,2.5,0,,,*,03886,72085
HM CMa,,140213,8490,101.329041667,-16.802611111,J2000,2000.0,,,UV,V,8.9,11.97,11.97,3.07,3.07,0,,,,67056,67056
W Mon,,550006,29959,103.088,-7.147277778,J2000,1991.25,,,LB,V,8.8,12.1,12.1,3.3,3.3,0,,,,00369,08953
GP CMa,,140198,8475,103.191541667,-12.165388889,J2000,1951.910,,,M,V,10.4,13.3,13,2.9,2.6,0,,,,00001,GSC
X Mon,,550007,29960,104.299208333,-9.064472222,J2000,2000.0,,,SRA,V,6.8,10.2,10.2,3.4,3.4,0,,,*,00001,00002
SU CMa,,140021,8298,105.346875,-19.046166667,J2000,2000.0,,,M,V,9.4,14.0,13,4.6,3.6,0,,,,00001,GSC
Z CMa,,140009,8286,105.929833333,-11.551722222,J2000,2000.0,,,INA,V,7.8,11.2,11.2,3.4,3.4,0,,,*,HIP,HIP
V0838 Mon,,550838,30791,106.020208333,-3.847444444,J2000,1969.5,,,NC,V,6.7,16.05,13,9.35,6.3,0,,,,77061,GSC
UV CMa,,140035,8312,106.279208333,-28.308083333,J2000,1979.070,,,M,V,9.6,15.0,13,5.4,3.4,0,,:,,00001,GSC
R Vol,,870001,60209,106.400833333,-73.014444444,J2000,2000.0,,,M,V,8.7,13.9,13,5.2,4.3,0,,,*,00001,00002
V0598 Pup,,680598,43387,106.427125,-38.244277778,J2000,1999.136,,,XN,V,4.1,16.0,13,11.9,8.9,0,,,,79167,
SY CMa,,140025,8302,107.637833333,-19.836305556,J2000,1999.084,,,M,V,8.7,13.0,13.0,4.3,4.3,0,,,*,00001,DM
L 2 Pup,2,689212,43554,108.384666667,-44.63975,J2000,2000.0,,,SRB,V,2.6,6.2,6.2,3.6,3.6,0,,,*,09763,08953
V0435 CMa,,140435,8712,108.441,-21.208694444,J2000,2011.690,,,NA,V,10.0,21.3,13,11.3,3.0,0,,,,82001,
OT CMa,,140307,8584,108.640708333,-32.996583333,J2000,1980.118,,,M,V,10.4,15.5,13,5.1,2.6,0,,:,,00001,GSC
VY CMa,,140043,8320,110.743041667,-25.767555556,J2000,2000.0,,,SRC,V,6.5,9.6,9.6,3.1,3.1,0,,,*,00001,HIP
BX Mon,,550101,30054,111.344875,-3.597388889,J2000,2000.0,,,*,p,9.5,13.4,13,3.9,3.5,0,,,*,09420,06286
GI Mon,,550192,30145,111.696333333,-6.674972222,J2000,1955.886,,,NA,p,5.2,15.1,13,9.9,7.8,0,:,,,09426,00571
KS Car,,170252,9389,111.709625,-61.859583333,J2000,2000.0,,,M,V,9.1,13.7,13,4.6,3.9,0,,,,00001,GSC
S Vol,,870002,60210,112.439916667,-73.378888889,J2000,2000.0,,,M,V,7.7,13.9,13,6.2,5.3,0,,,*,00001,00002
U Mon,,550004,29957,112.697791667,-9.776888889,J2000,2000.0,,,RVB,p,6.1,8.8,8.8,2.7,2.7,0,,,*,08125,00368
Z Pup,,680009,42798,113.158583333,-20.658138889,J2000,2000.0,,,M,V,7.2,15.3,13,8.1,5.8,0,,,*,00001,00002
V0671 Pup,,680671,43460,114.76825,-40.479611111,J2000,2000.0,,,M,V,10.0,14.0,13,4.0,3.0,0,,,,80002,2MASS
V0574 Pup,,680574,43363,115.473291667,-27.110583333,J2000,2004.892,,,NA,V,6.93,18.0,13,11.07,6.07,0,,:,,78320,
SU Mon,,550021,29974,115.57275,-10.879777778,J2000,2000.0,,,SRB,p,9.6,12.4,12.4,2.8,2.8,0,,,*,00374,08953
W Pup,,680006,42795,116.489,-42.195555556,J2000,2000.0,,,M,V,7.15,13.6,13,6.45,5.85,0,,,*,00001,00002
V Cha,,220005,15066,116.645875,-78.0195,J2000,2000.0,,,M,V,9.75,15.2,13,5.45,3.25,0,,,,00001,GSC
TU Mon,,550028,29981,118.332291667,-3.041972222,J2000,2000.0,,,EA/SD,p,9.0,11.7,11.7,2.7,2.7,0,,,*,08608,02532
AO Pup,,680068,42857,118.901125,-39.6065,J2000,1979.000,,,M,p,10.2,15.2,13,5.0,2.8,0,,,,00421,08953
U Pup,,680004,42793,120.210375,-12.841416667,J2000,2000.0,,,M,V,8.5,15.0,13,6.5,4.5,0,,,*,00001,00002
HZ Pup,,680226,43015,120.845166667,-28.474611111,J2000,1998.323,,,NB,p,7.7,18.5,13,10.8,5.3,0,,,,05033,04369
AS Pup,,680072,42861,122.415875,-38.174611111,J2000,2000.0,,,M,p,9.0,12.8,12.8,3.8,3.8,0,,,*,00001,03389
XZ Pup,,680051,42840,123.379416667,-23.953166667,J2000,2000.0,,,EA/SD,V,7.75,10.26,10.26,2.51,2.51,0,,,*,08593,03579
RX Pup,,680016,42805,123.551291667,-41.708055556,J2000,2000.0,,,ZAND+M,B,9.0,14.1,13,5.1,4.0,0,,,*,09518,08953
TU Pup,,680028,42817,124.271166667,-34.590138889,J2000,2000.0,,,M,V,9.3,14.2,13,4.9,3.7,0,,,,00001,06214
R Cha,,220001,15062,125.443583333,-76.355083333,J2000,2000.0,,,M,V,7.5,14.1,13,6.6,5.5,0,,,,00001,DM
V0577 Car,,170577,9714,125.515208333,-60.953472222,J2000,2000.0,,,M,V,10.2,15.0,13,4.8,2.8,0,,,,00001,USNO
RT Hya,,420012,24878,127.421458333,-6.318777778,J2000,2000.0,,,SRB,V,7.0,10.2,10.2,3.2,3.2,0,,,*,03616,00002
IZ Car,,170243,9380,128.105083333,-57.036972222,J2000,2000.0,,,M,V,9.5,14.0,13,4.5,3.5,0,,,,00001,GSC
VW Hya,,420041,24907,128.462625,-14.664972222,J2000,2000.0,,,EA/SD,V,10.5,14.1,13,3.6,2.5,0,,,,00001,00132
KK Car,,170244,9381,129.005375,-59.940777778,J2000,2000.0,,,M,V,9.2,13.8,13,4.6,3.8,0,,,*,00001,GSC
R Pyx,,690001,43555,131.377916667,-28.200777778,J2000,2000.0,,,M,B,10.4,15.1,13,4.7,2.6,0,,,,00001,08613
V0549 Vel,,850549,59419,132.623416667,-47.757861111,J2000,1999.199,,,NA:,V,9.1,16.9,13,7.8,3.9,0,,,,82003,2MASS
V Pyx,,690005,43559,133.356833333,-34.819138889,J2000,2000.0,,,SRD,p,9.0,11.5,11.5,2.5,2.5,0,,,,00693,05625
V0403 Hya,,420403,25269,133.544708333,-13.014277778,J2000,2000.0,,,M,V,8.8,13.6,13,4.8,4.2,0,,,,78130,GSC
T Hya,,420003,24869,133.916,-9.141472222,J2000,2000.0,,,M,V,6.7,13.48,13,6.78,6.3,0,,,*,00001,00002
TU Hya,,420028,24894,134.568375,-0.831277778,J2000,2000.0,,,M,p,10.5,15.8,13,5.3,2.5,0,,,*,00001,01787
CU Vel,,850121,58991,134.637583333,-41.797638889,J2000,1996.199,,,UGSU,V,10.0,15.5,13,5.5,3.0,0,,:,*,08092,08852
T Pyx,,690003,43557,136.172916667,-32.379916667,J2000,1978.188,,,NR,B,7.0,15.77,13,8.77,6.0,0,,,*,00001,08588
S Pyx,,690002,43556,136.269166667,-25.088833333,J2000,2000.0,,,M,V,8.0,14.3,13,6.3,5.0,0,,,*,00001,00002
RX Hya,,420016,24882,136.4215,-8.261055556,J2000,2000.0,,,EA/SD,V,8.9,11.6,11.6,2.7,2.7,0,,,*,09254,00462
CQ Pyx,,690117,43671,138.474791667,-24.857,J2000,1999.216,,,M,K,4.71,7.36,7.36,2.65,2.65,0,,,,77081,2MASS
TX Vel,,850031,58901,138.491041667,-54.836555556,J2000,2000.0,,,I:,p,10.0,13.0,13.0,3.0,3.0,0,,,,00016,08953
UZ Hya,,420039,24905,139.192375,-4.586888889,J2000,2000.0,,,M,V,8.8,14.5,13,5.7,4.2,0,,,,00001,00132
V0487 Vel,,850487,59357,139.506666667,-54.040944444,J2000,2000.0,,,RCB:,V,9.0,13.4,13,4.4,4.0,0,,,*,80001,GSC
RW Car,,170015,9152,139.900375,-68.757805556,J2000,2000.0,,,M,V,8.5,15.0,13,6.5,4.5,0,,,,00001,DM
UU Car,,170034,9171,141.743791667,-73.5435,J2000,2000.0,,,M,V,8.0,13.5,13,5.5,5.0,0,,,,00001,GSC
Y Vel,,850008,58878,142.255916667,-52.181666667,J2000,2000.0,,,M,V,8.0,14.2,13,6.2,5.0,0,,,*,00001,00002
R Car,,170001,9138,143.060833333,-62.788861111,J2000,2000.0,,,M,V,3.9,10.5,10.5,6.6,6.6,0,,,*,00001,HIP
X Hya,,420007,24873,143.876083333,-14.691277778,J2000,2000.0,,,M,V,7.2,13.6,13,6.4,5.8,0,,,*,00001,00002
ST Hya,,420020,24886,144.465833333,-20.653805556,J2000,2000.0,,,M,V,8.8,14.4,13,5.6,4.2,0,,,,00001,02452
V0595 Car,,170595,9732,144.979541667,-74.545166667,J2000,2000.0,,,M,V,10.3,14.3,13,4.0,2.7,0,,,,00001,GSC
KL Car,,170245,9382,145.703375,-63.691972222,J2000,1988.947,,,M,V,9.3,13.8,13,4.5,3.7,0,,,,00001,GSC
RR Hya,,420010,24876,146.245708333,-24.021027778,J2000,2000.0,,,M,V,8.6,14.5,13,5.9,4.4,0,,,*,00001,00002
SU Vel,,850021,58891,147.510666667,-42.020361111,J2000,2000.0,,,SRB,p,9.3,12.2,12.2,2.9,2.9,0,,,,00693,08588
DW Vel,,850145,59015,147.514125,-52.0015,J2000,2000.0,,,M,p,10.0,16.0,13,6.0,3.0,0,,,,00696,00696
Y Hya,,420008,24874,147.7655,-23.017333333,J2000,2000.0,,,SRB,p,8.3,12.0,12.0,3.7,3.7,0,,,*,00693,05151
V0541 Vel,,850541,59411,148.089083333,-43.494555556,J2000,2000.0,,,SRB,V,10.3,13.1,13,2.8,2.7,0,,,,81208,GSC
Z Vel,,850009,58879,148.226166667,-54.179972222,J2000,2000.0,,,M,V,7.8,14.8,13,7.0,5.2,0,,,*,00001,00002
V0366 Car,,170366,9503,148.680625,-57.314583333,J2000,1987.189,,,M+ZAND,J,5.7,8.6,8.6,2.9,2.9,0,,,,09146,GSC
KN Car,,170247,9384,150.702041667,-70.457722222,J2000,2000.0,,,M,V,8.9,14.0,13,5.1,4.1,0,,,,00001,GSC
X Ant,,020007,856,151.676,-30.077222222,J2000,2000.0,,,M,V,8.8,14.0,13,5.2,4.2,0,,,,N0002,02452
S Car,,170002,9139,152.341208333,-61.549,J2000,2000.0,,,M,V,4.5,10.0,10.0,5.5,5.5,0,,,,00001,HIP
BP Ant,,020093,942,152.630958333,-36.537,J2000,2000.0,,,M,V,10.0,14.2,13,4.2,3.0,0,,:,,00001,GSC
CF Vel,,850107,58977,152.739458333,-50.514611111,J2000,2000.0,,,M,p,10.3,15.5,13,5.2,2.7,0,,,,00016,08953
AF Car,,170060,9197,153.471208333,-59.019777778,J2000,1980.274,,,M,p,9.3,13.6,13,4.3,3.7,0,,:,,00001,DM
Z Car,,170009,9146,153.477583333,-58.852361111,J2000,1980.274,,,M,V,9.8,15.2,13,5.4,3.2,0,,,,00001,DM
W Vel,,850006,58876,153.811791667,-54.478333333,J2000,2000.0,,,M,V,8.3,14.0,13,5.7,4.7,0,,,*,00001,00002
V Ant,,020005,854,155.287958333,-34.788555556,J2000,2000.0,,,M,V,8.2,14.0,13,5.8,4.8,0,,,*,01113,06286
X Oct,,580007,32000,156.559375,-84.348305556,J2000,2000.0,,,SRA,p,8.7,12.7,12.7,4.0,4.0,0,,,*,00207,08953
AD Ant,,020058,907,157.54325,-37.314444444,J2000,1981.169,,,M,V,10.4,14.7,13,4.3,2.6,0,,,,00001,02382
V0434 Car,,170434,9571,157.652083333,-57.814666667,J2000,2000.054,,,SR:,J,9.26,12.0,12.0,2.74,2.74,0,,,*,N0405,2MASS
S Sex,,770002,55501,158.733541667,-0.342638889,J2000,2000.0,,,M,V,8.2,13.7,13,5.5,4.8,0,,,*,00001,00002
V0429 Vel,,850429,59299,158.766375,-44.425527778,J2000,2000.0,,,M,V,10.3,14.2,13,3.9,2.7,0,,,,79072,79080
V0906 Car,,170906,10043,159.064291667,-59.59825,J2000,2000.0,,,NA,V,5.8,19.9,13,14.1,7.2,0,,,,82003,Gaia2
X Cha,,220007,15068,159.593708333,-80.779416667,J2000,2000.0,,,M,V,10.17,15.22,13,5.05,2.83,0,,,,00001,DM
V0425 Car,,170425,9562,159.982125,-58.55525,J2000,2000.054,,,M,J,8.61,11.48,11.48,2.87,2.87,0,,,*,N0402,2MASS
V0382 Vel,,850382,59252,161.201666667,-52.425305556,J2000,2000.0,,,NA,V,2.66,16.4,13,13.74,10.34,0,,,,75280,75312
eta Car,,179007,10094,161.26475,-59.684444444,J2000,2000.0,,,SDOR,V,-0.8,9.0,9.0,9.8,9.8,0,,,*,72118,72118
V0434 Vel,,850434,59304,161.802375,-43.918527778,J2000,2000.0,,,SRA,V,10.5,13.1,13,2.6,2.5,0,,,,79100,2MASS
V0663 Car,,170663,9800,162.193291667,-69.297277778,J2000,2000.0,,,M,V,10.5,15.8,13,5.3,2.5,0,,,,79072,GSC
V0664 Car,,170664,9801,162.627958333,-72.743361111,J2000,2000.0,,,M,V,10.3,15.5,13,5.2,2.7,0,,:,,00001,GSC
RS Hya,,420011,24877,162.829375,-28.628138889,J2000,2000.0,,,M,V,9.2,14.4,13,5.2,3.8,0,,,*,00001,00002
AG Car,,170061,9198,164.04825,-60.453555556,J2000,2000.0,,,SDOR,V,6.0,9.0,9.0,3.0,3.0,0,,,*,,HIP
V0671 Car,,170671,9808,164.538833333,-72.246,J2000,2000.0,,,M,V,8.8,12.3,12.3,3.5,3.5,0,,,,78130,DM
V0365 Car,,170365,9502,165.816583333,-58.457638889,J2000,,,,NB,B,10.1,21.6,13,11.5,2.9,0,,,*,72118,72118
V0600 Car,,170600,9737,166.51175,-68.609111111,J2000,2000.0,,,M,V,10.5,14.0,13,3.5,2.5,0,,,,00001,2MASS
V0815 Cen,,190815,12390,166.819541667,-42.638694444,J2000,2000.0,,,ACV,Hp,5.14,15.17,13,10.03,7.86,0,,,*,HIP,HIP
FP Hya,,420179,25045,168.282583333,-28.626444444,J2000,1978.110,,,M,p,10.0,14.2,13,4.2,3.0,0,,,,01111,01111
YY Cha,,220052,15113,168.509791667,-76.909527778,J2000,2000.0,,,M,V,10.4,15.5,13,5.1,2.6,0,,,,00001,04001
DI Car,,170132,9269,168.968375,-69.912972222,J2000,2000.0,,,RV,V,9.63,12.5,12.5,2.87,2.87,0,,,,00001,DM
RS Cen,,190011,11586,170.116208333,-61.876888889,J2000,2000.0,,,M,V,7.6,14.5,13,6.9,5.4,0,,,,00001,GSC
MU Mus,,560283,31284,170.34725,-72.564083333,J2000,2000.0,,,M,V,10.2,14.6,13,4.4,2.8,0,,,,79064,79076
Y Cha,,220008,15069,171.402208333,-77.009722222,J2000,2000.0,,,M,V,9.44,14.5,13,5.06,3.56,0,,,,00001,GSC
SY Mus,,560025,31026,173.041708333,-65.419888889,J2000,2000.0,,,ZAND,V,10.2,12.7,12.7,2.5,2.5,0,,,*,08131,08131
CK Cha,,220111,15172,173.348958333,-77.456027778,J2000,2000.0,,,M:,V,10.3,12.8,12.8,2.5,2.5,0,,,,00001,GSC
QZ Mus,,560334,31335,173.49125,-73.222,J2000,2000.0,,,M,V,9.6,14.3,13,4.7,3.4,0,,,,80002,GSC
V1050 Cen,,191050,12625,174.430125,-44.07525,J2000,2000.0,,,M,V,10.4,14.5,13,4.1,2.6,0,,,,78090,DM
MT Cen,,190282,11857,176.002458333,-60.562972222,J2000,1983.3,,,NA,p,8.4,19.0,13,10.6,4.6,0,,,,72118,72118
VV Cen,,190040,11615,176.621041667,-61.890694444,J2000,1987.226,,,M,V,9.3,14.7,13,5.4,3.7,0,,,,00001,GSC
X Cen,,190007,11582,177.299125,-41.757583333,J2000,2000.0,,,M,V,7.0,13.8,13,6.8,6.0,0,,,*,HIP,HIP
V1375 Cen,,191375,12950,177.80425,-62.624805556,J2000,2000.121,,,XND,V,10.4,16.0,13,5.6,2.6,0,,,*,N0528,81150
V0492 Cen,,190492,12067,178.421041667,-53.223055556,J2000,1976.338,,,M,V,10.3,13.5,13,3.2,2.7,0,,,,00001,GSC
W Cen,,190006,11581,178.755541667,-59.25375,J2000,2000.0,,,M,V,7.6,13.7,13,6.1,5.4,0,,,,00001,HIP
V0586 Cen,,190586,12161,180.880666667,-38.03075,J2000,2000.0,,,M,V,10.4,15.0,13,4.6,2.6,0,,,,00001,GSC
V0597 Cen,,190597,12172,181.322125,-55.187305556,J2000,2000.0,,,M,V,9.5,14.5,13,5.0,3.5,0,,,,00001,2MASS
T Vir,,860003,59449,183.652833333,-6.03575,J2000,2000.0,,,M,V,9.0,14.8,13,5.8,4.0,0,,,*,00001,00002
V0493 Cen,,190493,12068,183.934791667,-51.481,J2000,1981.200,,,M,V,10.1,14.0,13,3.9,2.9,0,,,,00001,GSC
BH Cru,,300086,17323,184.069958333,-56.286,J2000,2000.0,,,M,V,7.2,10.0,10.0,2.8,2.8,0,,,*,09006,06031
R Crv,,280001,17084,184.907791667,-19.256083333,J2000,2000.0,,,M,V,6.7,14.4,13,7.7,6.3,0,,,,00001,00002
V0372 Cen,,190372,11947,185.076375,-44.528194444,J2000,2000.0,,,M,V,9.5,15.0,13,5.5,3.5,0,,,,00001,DM
SX Cen,,190024,11599,185.302375,-49.211388889,J2000,2000.0,,,RVB,V,9.1,12.4,12.4,3.3,3.3,0,,,*,00001,DM
XZ Cen,,190051,11626,186.05,-35.633777778,J2000,2000.0,,,M,V,7.8,10.7,10.7,2.9,2.9,0,,,,00001,HIP
IV Cha,,220239,15300,187.642583333,-77.064638889,J2000,2000.0,,,LB:,V,9.45,12.5,12.5,3.05,3.05,0,,,,00001,GSC
U Cru,,300004,17241,188.098916667,-57.582916667,J2000,2000.0,,,M,p,10.3,14.0,13,3.7,2.7,0,,,*,05344,03389
U Cen,,190004,11579,188.378125,-54.659388889,J2000,2000.0,,,M,V,7.2,14.0,13,6.8,5.8,0,,,,00001,HIP
Y Vir,,860008,59454,188.470791667,-4.422111111,J2000,2000.0,,,M,V,8.3,15.0,13,6.7,4.7,0,,,,00001,00002
BO Cru,,300092,17329,189.162375,-61.680083333,J2000,1987.063,,,M:,I,7.7,12.0,12.0,4.3,4.3,0,,,,04956,04956
FI Hya,,420173,25039,189.983083333,-26.671388889,J2000,1991.25,,,M,p,10.2,17.4,13,7.2,2.8,0,,,*,00001,09268
UW Cen,,190036,11611,190.821625,-54.528027778,J2000,2000.0,,,RCB,V,8.89,17.9,13,9.01,4.11,0,,,*,N0487,HIP
V0455 Cen,,190455,12030,191.004458333,-30.704111111,J2000,2000.0,,,SR,V,10.4,13.7,13,3.3,2.6,0,,,,00001,GSC
EX Hya,,420167,25033,193.100916667,-29.248888889,J2000,2000.0,,,UGSU+E,V,9.6,13.99,13,4.39,3.4,0,,,*,05695,08852
V Cru,,300005,17242,194.148166667,-57.899166667,J2000,2000.0,,,M,B,10.4,13.9,13,3.5,2.6,0,,,,00001,08953
AF Cen,,190060,11635,196.0315,-56.337388889,J2000,1987.460,,,M,V,10.4,14.6,13,4.2,2.6,0,,,,00001,GSC
V0603 Cen,,190603,12178,196.21,-35.590861111,J2000,2000.0,,,M,V,9.7,15.0,13,5.3,3.3,0,,,,00001,DM
KN Hya,,420247,25113,196.388833333,-26.020694444,J2000,2000.0,,,M,p,8.5,11.0,11.0,2.5,2.5,0,,,,00190,CoD
RV Vir,,860014,59460,196.980833333,-13.166361111,J2000,2000.0,,,M,V,10.2,15.1,13,4.9,2.8,0,,,*,00001,00002
UW Vir,,860036,59482,198.836416667,-17.471361111,J2000,2000.0,,,EA/SD,V,8.98,12.3,12.3,3.32,3.32,0,,,*,00001,00318
UY Cen,,190038,11613,199.132625,-44.704361111,J2000,2000.0,,,SRB,V,6.93,9.48,9.48,2.55,2.55,0,,,,00001,HIP
V0397 Cen,,190397,11972,199.434041667,-62.689166667,J2000,1987.082,,,SRB,V,10.4,13.0,13.0,2.6,2.6,0,,,,00001,GSC
V0497 Cen,,190497,12072,199.491875,-41.673944444,J2000,2000.0,,,M,V,9.1,13.8,13,4.7,3.9,0,,,,00001,DM
VY Vir,,860043,59489,199.627125,-4.68425,J2000,2000.0,,,M,p,10.5,14.7,13,4.2,2.5,0,,,,00001,09487
TT Cen,,190027,11602,199.895958333,-60.779527778,J2000,2000.319,,,M,V,9.0,14.0,13,5.0,4.0,0,,,,00001,DM
V0840 Cen,,190840,12415,200.206083333,-55.837416667,J2000,2000.218,,,ZAND,V,7.5,15.0,13,7.5,5.5,0,,,*,72118,72118
T Mus,,560003,31004,200.307708333,-74.441944444,J2000,2000.0,,,SRB,p,9.4,12.0,12.0,2.6,2.6,0,,,*,00003,08953
V0415 Mus,,560415,31416,201.130416667,-72.175083333,J2000,2000.0,,,NA,R,8.6,19.9,13,11.3,4.4,0,,,,85044,GSC23
U Oct,,580004,31997,201.135916667,-84.22525,J2000,2000.0,,,M,V,7.0,14.1,13,7.1,6.0,0,,,*,00001,00002
RR Cha,,220010,15071,201.5995,-82.328722222,J2000,2000.0,,,NA+EA+AM:,p,7.1,18.8,13,11.7,5.9,0,,,*,02736,72118
V Vir,,860005,59451,201.950583333,-3.173,J2000,2000.0,,,M,V,8.1,15.0,13,6.9,4.9,0,,,*,00001,00002
R Hya,,420001,24867,202.42825,-23.281333333,J2000,2000.0,,,M,V,3.5,10.9,10.9,7.4,7.4,0,,,*,00001,00002
S Vir,,860002,59448,203.250458333,-7.194722222,J2000,2000.0,,,M,V,6.3,13.2,13,6.9,6.7,0,,,*,00001,00002
SX Vir,,860024,59470,204.124291667,-19.587722222,J2000,2000.0,,,SRB,p,10.2,13.3,13,3.1,2.8,0,,,,01652,08953
RV Cen,,190014,11589,204.400208333,-56.476388889,J2000,2000.0,,,M,V,7.0,11.2,11.2,4.2,4.2,0,,,,HIP,HIP
V0804 Cen,,190804,12379,204.410416667,-48.578361111,J2000,1975.435,,,M,V,10.1,15.0,13,4.9,2.9,0,,:,,00001,GSC
T Cen,,190003,11578,205.439833333,-33.597388889,J2000,2000.0,,,SR,V,5.5,9.0,9.0,3.5,3.5,0,,,,HIP,HIP
SX Hya,,420024,24890,206.155666667,-26.780111111,J2000,2000.0,,,EA/SD,p,8.6,12.6,12.6,4.0,4.0,0,,,*,00001,08953
RT Cen,,190012,11587,207.087291667,-36.862555556,J2000,2000.0,,,M,V,8.1,13.6,13,5.5,4.9,0,,,*,00001,HIP
W Hya,,420006,24872,207.258333333,-28.367638889,J2000,2000.0,,,SRA,p,7.7,11.6,11.6,3.9,3.9,0,,,*,00001,08953
V0616 Cen,,190616,12191,207.277166667,-35.262722222,J2000,2000.0,,,M,V,8.3,14.8,13,6.5,4.7,0,,,,00001,GSC
Z Cir,,230009,15314,207.760166667,-70.472888889,J2000,2000.0,,,M,V,9.28,14.5,13,5.22,3.72,0,,,,00001,GSC
VX Cen,,190042,11617,207.805583333,-60.410138889,J2000,2000.0,,,SRB,V,7.9,10.7,10.7,2.8,2.8,0,,,,00001,DM
RX Cen,,190016,11591,207.856041667,-36.943805556,J2000,2000.0,,,M,V,8.5,16.0,13,7.5,4.5,0,,,*,00001,HIP
FM Cir,,230176,15481,208.365041667,-67.416916667,J2000,2000.0,,,NA,V,5.8,17.0,13,11.2,7.2,0,,,,84002,
V1369 Cen,,191369,12944,208.688958333,-59.151138889,J2000,2000.0,,,NA,V,3.2,15.5,13,12.3,9.8,0,,:,,81170,USNO
T Aps,,030003,976,208.963291667,-77.802333333,J2000,1977.632,,,M,V,8.4,15.0,13,6.6,4.6,0,,,,00001,DM
TW Cen,,190030,11605,209.429916667,-31.06975,J2000,2000.0,,,M,V,6.7,12.1,12.1,5.4,5.4,0,,,*,00001,DM
SY Vir,,860025,59471,209.656583333,-4.575805556,J2000,2000.0,,,M,V,9.6,13.4,13,3.8,3.4,0,,,,00001,06286
ZZ Cen,,190054,11629,209.994333333,-47.226805556,J2000,1999.366,,,,V,10.5,13.0,13.0,2.5,2.5,0,,,*,00027,2MASS
BC Cen,,190081,11656,210.598083333,-58.570805556,J2000,1980.346,,,M,V,9.8,13.6,13,3.8,3.2,0,,,,00001,2MASS
AQ Cen,,190070,11645,211.249666667,-35.497333333,J2000,2000.0,,,M,V,8.6,13.0,13.0,4.4,4.4,0,,,*,00001,DM
V1334 Cen,,191334,12909,211.654666667,-43.562555556,J2000,2000.0,,,SRA,V,10.2,13.0,13.0,2.8,2.8,0,,,,00001,GSC
Z Vir,,860009,59455,212.589166667,-13.304083333,J2000,2000.0,,,M,V,9.9,15.1,13,5.2,3.1,0,,,*,00001,00002
RU Hya,,420013,24879,212.893333333,-28.885388889,J2000,2000.0,,,M,V,7.2,14.3,13,7.1,5.8,0,,,*,00001,00002
V0835 Cen,,190835,12410,213.539208333,-63.429694444,J2000,1980.253,,,M,J,6.8,9.3,9.3,2.5,2.5,0,,,,69079,2MASS
R Cen,,190001,11576,214.143,-59.913694444,J2000,2000.0,,,M,V,5.2,11.5,11.5,6.3,6.3,0,,,*,00001,HIP
V0337 Aps,,030337,1310,214.962708333,-78.6495,J2000,2000.0,,,M,V,10.4,15.0,13,4.6,2.6,0,,,,00001,GSC
UZ Cir,,230039,15344,215.217208333,-67.515555556,J2000,2000.0,,,M,V,9.48,14.37,13,4.89,3.52,0,,,*,00001,GSC
VX Cir,,230042,15347,215.785208333,-69.959611111,J2000,2000.0,,,SRB:,V,10.3,14.1,13,3.8,2.7,0,,,,00001,GSC
GG Aps,,030190,1163,216.548625,-79.214638889,J2000,1981.378,,,M,V,10.2,15.0,13,4.8,2.8,0,,,,00001,2MASS
RW Lup,,500015,27954,216.588583333,-44.153111111,J2000,2000.0,,,M,p,9.9,13.0,13.0,3.1,3.1,0,,,,00016,06286
V0520 Cen,,190520,12095,217.176041667,-39.332138889,J2000,2000.0,,,M,V,9.5,15.5,13,6.0,3.5,0,,:,,00001,2MASS
RT Lup,,500012,27951,217.684166667,-48.691611111,J2000,2000.0,,,M,p,10.5,16.5,13,6.0,2.5,0,,,,01877,08588
TU Cen,,190028,11603,218.505125,-31.694555556,J2000,2000.0,,,M,V,9.3,15.0,13,5.7,3.7,0,,,,00001,DM
V0854 Cen,,190854,12429,218.705583333,-39.555472222,J2000,1977.429,,,RCB,V,6.84,15.11,13,8.27,6.16,0,,,*,N0514,GSC
V0842 Cen,,190842,12417,218.969083333,-57.626416667,J2000,1980.211,,,NA,V,4.6,20.0,13,15.4,8.4,0,,,,72118,72118
SV Aps,,030022,995,219.683083333,-72.527611111,J2000,2000.0,,,M,V,9.0,15.5,13,6.5,4.0,0,,:,,00001,GSC
V Lib,,490005,27546,220.092458333,-17.657583333,J2000,2000.0,,,M,V,9.0,15.9,13,6.9,4.0,0,,,,00001,00002
BY Cir,,230102,15407,221.222791667,-63.898861111,J2000,2000.0,,,NA+EA,V,7.2,18.85,13,11.65,5.8,0,,,*,N0283,N0595
AR Cir,,230071,15376,222.038583333,-60.006888889,J2000,2000.0,,,NB,p,10.3,18.0,13,7.7,2.7,0,,,*,00303,
S Lup,,500002,27941,223.359833333,-46.615888889,J2000,1982.317,,,M,V,7.8,13.5,13,5.7,5.2,0,,,*,00001,00002
Y Lup,,500008,27947,224.903375,-54.965777778,J2000,1978.346,,,M,V,8.2,15.2,13,7.0,4.8,0,,,*,00001,00002
AO Cen,,190068,11643,225.215291667,-42.493638889,J2000,2000.0,,,M,V,9.0,13.5,13,4.5,4.0,0,,,,00001,DM
AP Cen,,190069,11644,225.292125,-34.475194444,J2000,2000.0,,,M,V,9.9,13.7,13,3.8,3.1,0,,,,00001,DM
BE Cen,,190083,11658,225.442583333,-30.244722222,J2000,2000.0,,,M,V,9.1,14.3,13,5.2,3.9,0,,,,00001,HIP
V0341 Lup,,500341,28280,226.018291667,-41.135333333,J2000,2000.0,,,M,V,9.5,13.0,13.0,3.5,3.5,0,,,,80001,GSC
GI Lup,,500192,28131,226.567958333,-41.470583333,J2000,1980.885,,,M,B,10.4,16.0,13,5.6,2.6,0,,,,00001,05254
RT Lib,,490012,27553,226.609333333,-18.732305556,J2000,2000.0,,,M,V,8.2,14.7,13,6.5,4.8,0,,,*,00001,00002
OV Lup,,500309,28248,227.1985,-41.996888889,J2000,2000.0,,,SRA,V,10.2,14.2,13,4.0,2.8,0,,,,79100,GSC
S Aps,,030002,975,227.35225,-72.062555556,J2000,2000.0,,,RCB,V,9.6,17.0,13,7.4,3.4,0,,,,,HIP
T Lib,,490003,27544,227.684625,-20.019,J2000,2000.0,,,M,V,10.2,15.6,13,5.4,2.8,0,,,,00001,00002
Y Lib,,490008,27549,227.922125,-6.0115,J2000,2000.0,,,M,V,7.6,14.7,13,7.1,5.4,0,,,*,00001,00002
FH Lup,,500172,28111,228.854916667,-35.781722222,J2000,1980.847,,,M,p,10.5,15.2,13,4.7,2.5,0,,,,00085,02385
EV Lup,,500165,28104,229.033333333,-44.322333333,J2000,2000.0,,,EA/DS,p,9.8,12.5,12.5,2.7,2.7,0,,,,00016,06286
DE Cir,,230128,15433,229.469541667,-61.954527778,J2000,2000.0,,,NA,*,7.5,18.0,13,10.5,5.5,0,,,,N0283,Gaia3
GW Lib,,490205,27746,229.980875,-25.006972222,J2000,1981.849,,,NA,p,9.0,18.5,13,9.5,4.0,0,,,,67402,USNO
S Lib,,490002,27543,230.349916667,-20.388444444,J2000,2000.0,,,M,V,7.5,13.0,13.0,5.5,5.5,0,,,*,00001,00002
RW Lib,,490015,27556,230.775875,-24.069583333,J2000,2000.0,,,M,V,8.84,14.26,13,5.42,4.16,0,,,,00001,06286
RS Lib,,490011,27552,231.082458333,-22.911083333,J2000,2000.0,,,M,V,7.0,13.0,13.0,6.0,6.0,0,,,*,00001,00002
RU Lib,,490013,27554,233.31875,-15.326388889,J2000,2000.0,,,M,V,7.2,14.4,13,7.2,5.8,0,,,*,00001,00002
R Nor,,570001,31426,233.988958333,-49.507972222,J2000,2000.0,,,M,p,6.5,13.9,13,7.4,6.5,0,,,*,00001,00002
X Lib,,490007,27548,234.052791667,-21.151055556,J2000,2000.0,,,M,V,10.0,14.5,13,4.5,3.0,0,,,*,00001,00002
W Lib,,490006,27547,234.44975,-16.165944444,J2000,2000.0,,,M,V,10.5,15.5,13,5.0,2.5,0,,,*,00001,00002
V0408 Lup,,500408,28347,234.68275,-47.745027778,J2000,2000.0,,,NA,V,8.98,19.4,13,10.42,4.02,0,,,,82001,Gaia2
V0344 Nor,,570344,31769,235.127666667,-51.215444444,J2000,1981.454,,,M,V,10.5,16.0,13,5.5,2.5,0,,,,68326,USNO
U Lib,,490004,27545,235.513,-21.180722222,J2000,2000.0,,,M,V,9.0,15.0,13,6.0,4.0,0,,,,00001,00002
T Nor,,570003,31428,236.016,-54.986805556,J2000,2000.0,,,M,V,6.2,13.6,13,7.4,6.8,0,,,*,00001,00002
R Lup,,500001,27940,238.370541667,-36.297833333,J2000,2000.0,,,M,V,9.4,14.0,13,4.6,3.6,0,,,,00001,00002
R Lib,,490001,27542,238.400125,-16.2365,J2000,2000.0,,,M,V,9.8,15.9,13,6.1,3.2,0,,,,00001,00002
RR Lib,,490010,27551,239.09875,-18.304138889,J2000,2000.0,,,M,V,7.8,15.0,13,7.2,5.2,0,,,*,00001,00002
RU Lup,,500013,27952,239.176291667,-37.820972222,J2000,2000.0,,,INT,p,9.6,13.4,13,3.8,3.4,0,,,*,,04068
RY Lup,,500017,27956,239.868291667,-40.36425,J2000,2000.0,,,INSB,p,9.9,13.0,13.0,3.1,3.1,0,,,*,02412,03508
EX Lup,,500167,28106,240.772833333,-40.306972222,J2000,1981.378,,,IN(YY),V,8.5,14.3,13,5.8,4.5,0,,,,,01868
RZ Sco,,730018,52264,241.150541667,-24.100194444,J2000,2000.0,,,M,V,8.0,12.8,12.8,4.8,4.8,0,,,*,00001,00002
Z Sco,,730009,52255,241.502916667,-21.733222222,J2000,2000.0,,,M,V,8.7,13.4,13,4.7,4.3,0,,,*,00001,00002
X Sco,,730007,52253,242.132958333,-21.530638889,J2000,1991.222,,,M,V,10.2,15.0,13,4.8,2.8,0,,,,00001,00002
V1543 Sco,,731543,53789,242.677041667,-36.785083333,J2000,2000.0,,,LB,V,8.5,11.5,11.5,3.0,3.0,0,,,,81001,DM
W Sco,,730006,52252,242.940791667,-20.137083333,J2000,1991.222,,,M,V,10.5,15.4,13,4.9,2.5,0,,,,00001,00002
PT Nor,,570318,31743,243.257541667,-54.463583333,J2000,1988.427,,,M,I,8.0,10.6,10.6,2.6,2.6,1,,,*,07819,07819
R Sco,,730001,52247,244.412791667,-22.944555556,J2000,2000.0,,,M,V,9.8,15.5,13,5.7,3.2,0,,,*,00001,00002
S Sco,,730002,52248,244.417541667,-22.893277778,J2000,2000.0,,,M,V,9.5,15.5,13,6.0,3.5,0,,,*,00001,00002
X Ser,,760007,54811,244.823583333,-2.491361111,J2000,2000.0,,,NB,p,9.0,18.3,13,9.3,4.0,0,,,*,00303,09472
W Oph,,590006,32218,245.351916667,-7.699888889,J2000,1982.995,,,M,V,9.3,14.9,13,5.6,3.7,0,,,*,00001,00002
U Sco,,730004,52250,245.62825,-17.878555556,J2000,1995.614,,,NR,V,8.7,19.3,13,10.6,4.3,0,,,*,09564,09564
V Oph,,590005,32217,246.682125,-12.426611111,J2000,2000.0,,,M,V,7.3,11.6,11.6,4.3,4.3,0,,,*,00001,00002
WW Aps,,030045,1018,247.879833333,-74.995638889,J2000,1976.243,,,M,V,8.6,14.6,13,6.0,4.4,0,,:,,00001,GSC
S Oph,,590002,32214,248.563416667,-17.160888889,J2000,2000.0,,,M,V,8.9,14.7,13,5.8,4.1,0,,,,00001,00002
X Ara,,060007,4108,249.102791667,-55.414777778,J2000,2000.0,,,M,V,8.4,13.5,13,5.1,4.6,0,,,,N0002,00002
ST Sco,,730020,52266,249.150916667,-31.234,J2000,2000.0,,,SRA,p,10.4,13.9,13,3.5,2.6,0,,,,00236,08953
YY Sco,,730052,52298,249.554458333,-28.569388889,J2000,1999.214,,,M,p,10.4,17.0,13,6.6,2.6,0,,,,00001,02452
EF TrA,,810150,57878,250.141958333,-68.251583333,J2000,2000.0,,,M,V,9.2,11.9,11.9,2.7,2.7,0,,:,,00001,08661
OY Ara,,060312,4413,250.210125,-52.430722222,J2000,1992.64,,,NA+EA,p,6.0,17.5,13,11.5,7.0,0,,,*,72118,N0010
KX TrA,,810257,57985,251.147791667,-62.620583333,J2000,2000.0,,,ZAND:,B,10.1,13.6,13,3.5,2.9,0,,,*,07930,08077
V0630 Ara,,060630,4731,252.087625,-49.697777778,J2000,1978.812,,,M,V,9.5,13.5,13,4.0,3.5,0,,,,00001,2MASS
RR Oph,,590010,32222,252.26025,-19.464527778,J2000,2000.0,,,M,V,8.0,14.9,13,6.9,5.0,0,,,*,00001,00002
W TrA,,810006,57734,253.002666667,-67.987194444,J2000,2000.0,,,M,p,9.4,12.5,12.5,3.1,3.1,0,,,,00031,09611
V1006 Sco,,731006,53252,253.270291667,-43.546472222,J2000,1999.389,,,SR,J,7.8,10.4,10.4,2.6,2.6,0,,,,72036,2MASS
V0988 Sco,,730988,53234,253.519083333,-31.428694444,J2000,1998.525,,,M,J,9.46,13.19,13,3.73,3.54,0,,,,71144,2MASS
AK Sco,,730064,52310,253.686875,-36.8885,J2000,2000.0,,,INSB,p,8.7,11.7,11.7,3.0,3.0,0,,,,00082,00263
RS Sco,,730011,52257,253.907541667,-45.103,J2000,2000.0,,,M,V,6.2,13.0,13.0,6.8,6.8,0,,,,00001,00002
RR Sco,,730010,52256,254.157666667,-30.580055556,J2000,2000.0,,,M,V,5.0,12.4,12.4,7.4,7.4,0,,,*,00001,00002
UU Oph,,590034,32246,254.344333333,-25.799583333,J2000,2000.0,,,EA/SD,p,10.0,12.5,12.5,2.5,2.5,0,,,*,09486,00261
SS Oph,,590019,32231,254.462458333,-2.761777778,J2000,2000.0,,,M,V,7.8,14.5,13,6.7,5.2,0,,,*,00001,00002
V2585 Oph,,592585,34797,254.547166667,-23.51875,J2000,1979.957,,,M,*,9.8,12.6,12.6,2.8,2.8,0,,,,78006,USNO
V0841 Oph,,590841,33053,254.876541667,-12.890888889,J2000,2000.0,,,NB,V,4.3,13.5,13,9.2,8.7,0,,,*,00488,09472
V2587 Oph,,592587,34799,254.924875,-22.836944444,J2000,1979.957,,,M,I,10.5,13.1,13,2.6,2.5,0,,,,78006,USNO
RT Sco,,730012,52258,255.885666667,-36.920472222,J2000,2000.0,,,M,V,7.0,15.2,13,8.2,6.0,0,,,,00001,00002
V1008 Sco,,731008,53254,255.983208333,-41.400222222,J2000,1999.356,,,M,L',3.0,5.85,5.85,2.85,2.85,0,,,,72036,2MASS
UX Oph,,590037,32249,256.237416667,-12.201472222,J2000,2000.0,,,M,V,9.4,13.6,13,4.2,3.6,0,,,*,00001,00002
V2255 Oph,,592255,34467,256.544416667,-28.089444444,J2000,1998.523,,?,M,K,8.23,11.38,11.38,3.15,3.15,0,,,,71144,2MASS
V1725 Sco,,731725,53971,256.693916667,-35.468555556,J2000,2024.70,,,NA,V,10.0,22.0,13,12.0,3.0,0,,,,86002,86007
V0992 Sco,,730992,53238,256.82275,-43.256138889,J2000,1992.50,,,NA,V,7.26,18.0,13,10.74,5.74,0,,:,,71145,71146
V2256 Oph,,592256,34468,256.853708333,-28.629944444,J2000,1998.523,,,M,H,9.36,12.31,12.31,2.95,2.95,0,,,,71144,2MASS
R Oph,,590001,32213,256.940916667,-16.092833333,J2000,2000.0,,,M,V,7.0,13.8,13,6.8,6.0,0,,,*,00001,00002
V1011 Sco,,731011,53257,257.718458333,-39.980555556,J2000,1999.604,,,M,J,7.53,10.25,10.25,2.72,2.72,1,,,,72036,2MASS
SZ Ara,,060026,4127,257.78075,-61.954222222,J2000,2000.0,,,SRA,V,9.0,11.5,11.5,2.5,2.5,0,,,*,00001,06286
AH Sco,,730062,52308,257.820916667,-32.325194444,J2000,2000.0,,,SRC,p,8.1,12.0,12.0,3.9,3.9,0,,,*,00001,00261
V2214 Oph,,592214,34426,258.007041667,-29.625972222,J2000,1988.287,,,NB,V,9.4,21.0,13,11.6,3.6,0,,,,69207,
CW Ara,,060123,4224,258.605833333,-62.308083333,J2000,1978.576,,,M,V,10.1,15.0,13,4.9,2.9,0,,,,N0002,GSC
V4341 Oph,,594341,36553,258.677583333,-29.729222222,J2000,2000.0,,,UGSU,V,9.95,16.8,13,6.85,3.05,0,,:,*,85004,USNO
RW Sco,,730015,52261,258.715333333,-33.431833333,J2000,2000.0,,,M,V,8.8,15.5,13,6.7,4.2,0,,,*,00001,00002
DS Aps,,030141,1114,259.665916667,-71.277083333,J2000,2000.0,,,M,V,8.7,14.9,13,6.2,4.3,0,,,,00001,GSC
V1015 Sco,,731015,53261,259.871833333,-37.359916667,J2000,1999.362,,,SR,H,10.47,13.15,13,2.68,2.53,1,,,,72036,2MASS
RY Ara,,060017,4118,260.269125,-51.120666667,J2000,2000.0,,,RVA:,V,8.71,11.51,11.51,2.8,2.8,0,,,,N0004,CPD
V1716 Sco,,731716,53962,260.687708333,-41.621194444,J2000,2000.0,,,NA,V,7.0,19.6,13,12.6,6.0,0,,,,85046,USNO
V2552 Oph,,592552,34764,260.810666667,-22.868444444,J2000,2000.0,,,RCB,V,10.5,13.6,13,3.1,2.5,0,,,,77004,GSC
V2309 Oph,,592309,34521,261.003291667,-29.325055556,J2000,1991.25,,,M,R,9.2,18.0,13,8.8,3.8,0,:,:,,73212,73212
V3664 Oph,,593664,35876,261.1665,-24.363166667,J2000,2000.0,,,N:,V,9.6,16.7,13,7.1,3.4,0,,,,82001,Gaia2
V2267 Oph,,592267,34479,261.492458333,-21.030555556,J2000,1998.452,,,M,J,9.66,12.39,12.39,2.73,2.73,0,,,,71144,2MASS
V1723 Sco,,731723,53969,261.575291667,-38.160083333,J2000,2016.0,,,NA,V,6.8,20.6,13,13.8,6.2,0,,:,,86002,86005
XX Aps,,030049,1022,262.008666667,-69.339527778,J2000,2000.0,,,M,V,10.1,13.2,13,3.1,2.9,0,,,,00001,HIP
RU Ara,,060013,4114,262.275875,-60.899027778,J2000,1976.632,,,M,V,8.6,13.0,13.0,4.4,4.4,0,,,,00001,CPD
V1187 Sco,,731187,53433,262.328416667,-31.767138889,J2000,1980.499,,,NA,V,9.6,18.0,13,8.4,3.4,0,,,,78212,78213
V2275 Oph,,592275,34487,262.442583333,-21.418722222,J2000,1998.604,,?,M,K,9.8,12.61,12.61,2.81,2.81,0,,,,71144,2MASS
V2311 Oph,,592311,34523,262.516416667,-26.4675,J2000,1997.326,,,M,R,9.0,17.0,13,8.0,4.0,0,:,,,73213,73213
V1016 Sco,,731016,53262,262.614833333,-34.462361111,J2000,1998.605,,,SR,K,9.44,12.23,12.23,2.79,2.79,1,,,,72036,2MASS
V2487 Oph,,592487,34699,262.999208333,-19.232111111,J2000,1980.860,,,NA,p,9.5,17.7,13,8.2,3.5,0,,,,75189,USNO
V2488 Oph,,592488,34700,263.383208333,-29.963388889,J2000,1996.678,,,M,R,10.5,17.1,13,6.6,2.5,0,,,,75183,75184
V1163 Sco,,731163,53409,263.4045,-36.259666667,J2000,2000.0,,,M,V,9.9,12.4,12.4,2.5,2.5,0,,,,76054,UCAC2
RW Ara,,060015,4116,263.705125,-57.147361111,J2000,2000.0,,,EA,V,8.85,11.45,11.45,2.6,2.6,0,,,*,00001,CPD
V0389 Aps,,030389,1362,263.960375,-68.358194444,J2000,2000.0,,,SRA,V,10.4,13.2,13,2.8,2.6,0,,,,81001,GSC
V1019 Sco,,731019,53265,264.812208333,-30.240083333,J2000,1998.616,,,SR,J,8.11,11.5,11.5,3.39,3.39,1,,,,72036,2MASS
V0534 Ara,,060534,4635,264.828666667,-66.916611111,J2000,1978.576,,,M,V,10.1,15.0,13,4.9,2.9,0,,:,,00001,08661
V0862 Sco,,730862,53108,265.004333333,-32.201055556,J2000,2000.0,,,GCAS:,V,2.0,8.5,8.5,6.5,6.5,0,,,*,05922,05922
V0337 Ara,,060337,4438,265.518916667,-51.022305556,J2000,1980.493,,,M,V,10.4,14.2,13,3.8,2.6,0,,:,,N0002,02386
RU Sco,,730013,52259,265.605041667,-43.750361111,J2000,2000.0,,,M,V,7.8,13.7,13,5.9,5.2,0,,,*,00001,00002
V4447 Sgr,,724447,48700,266.019541667,-29.331611111,J2000,1998.500,,,M,K,9.3,11.9,11.9,2.6,2.6,0,,,,75191,2MASS
V4462 Sgr,,724462,48715,266.165291667,-29.279527778,J2000,1998.500,,,M,K,10.0,12.6,12.6,2.6,2.6,0,,,,75191,2MASS
V4471 Sgr,,724471,48724,266.240583333,-29.345111111,J2000,1998.500,,,M,K,10.1,12.6,12.6,2.5,2.5,0,,,,75191,2MASS
V4480 Sgr,,724480,48733,266.293333333,-29.303416667,J2000,1998.500,,,M,K,10.2,13.1,13,2.9,2.8,0,,,,75191,2MASS
V4485 Sgr,,724485,48738,266.308291667,-29.257638889,J2000,1998.500,,,M,K,10.2,13.3,13,3.1,2.8,0,,,,75191,2MASS
V4822 Sgr,,724822,49075,266.309166667,-28.945805556,J2000,1998.500,,,M,K,10.2,13.0,13.0,2.8,2.8,0,,,,77133,2MASS
V4865 Sgr,,724865,49118,266.366875,-28.90925,J2000,2000.0,,,M,K,10.0,13.0,13.0,3.0,3.0,0,,,,77133,UCAC2
V4893 Sgr,,724893,49146,266.387666667,-29.019361111,J2000,1995.,,,SR:,K,9.4,12.0,12.0,2.6,2.6,0,,,,77133,
V4518 Sgr,,724518,48771,266.444041667,-28.544305556,J2000,2000.770,,,M,K,8.5,11.0,11.0,2.5,2.5,0,,,,75191,2MASS
V4529 Sgr,,724529,48782,266.47575,-28.529444444,J2000,2000.770,,,M,K,8.7,11.7,11.7,3.0,3.0,0,,,,75191,2MASS
V4531 Sgr,,724531,48784,266.482625,-28.755277778,J2000,2000.770,,,M,L',5.81,8.48,8.48,2.67,2.67,0,,,,75226,2MASS
V4534 Sgr,,724534,48787,266.495416667,-28.976388889,J2000,2000.770,,,M,K,9.7,12.2,12.2,2.5,2.5,0,,,,75191,2MASS
V4544 Sgr,,724544,48797,266.530333333,-29.233194444,J2000,1985.503,,,M,K,10.1,12.9,12.9,2.8,2.8,0,,,,75191,
V5077 Sgr,,725077,49330,266.611541667,-28.899083333,J2000,2000.770,,,M,K,9.7,12.4,12.4,2.7,2.7,0,,,,77133,2MASS
SV Sco,,730022,52268,267.083333333,-35.701305556,J2000,2000.0,,,M,V,8.7,14.9,13,6.2,4.3,0,,,*,00001,00002
RZ Pav,,610018,39485,267.222958333,-58.745416667,J2000,2000.0,,,M,p,9.6,16.3,13,6.7,3.4,0,,,,00251,08588
V0723 Sco,,730723,52969,267.522083333,-35.399444444,J2000,1952.6,:,,NA,B,9.0,22.2,13,13.2,4.0,0,,:,*,03522,03522
RS Oph,,590011,32223,267.554875,-6.707944444,J2000,2000.0,,,NR,V,4.3,12.5,12.5,8.2,8.2,0,,,*,,09472
W Pav,,610006,39473,267.61225,-62.409166667,J2000,2000.0,,,M,V,8.1,14.6,13,6.5,4.9,0,,,*,00001,00002
WY Aps,,030047,1020,268.097458333,-77.225444444,J2000,1976.250,,,M,V,10.4,14.4,13,4.0,2.6,0,,,,00001,GSC
V6598 Sgr,,726598,50850,268.205458333,-20.404277778,J2000,2000.0,,,NA,V,10.23,19.8,13,9.57,2.77,0,,,,85052,
U Ara,,060004,4105,268.40675,-51.687305556,J2000,2000.0,,,M,V,7.7,14.1,13,6.4,5.3,0,,,,00001,00002
V4092 Sgr,,724092,48345,268.425416667,-29.035666667,J2000,1984.726,,,NA,V,9.7,15.3,13,5.6,3.3,0,,,,68338,68339
V4643 Sgr,,724643,48896,268.668375,-26.237527778,J2000,1996.686,,,NA,V,8.1,16.0,13,7.9,4.9,0,,,,76275,GSC22
AI Sco,,730063,52309,269.077416667,-33.812027778,J2000,2000.0,,,RVB,p,9.3,12.9,12.9,3.6,3.6,0,,,*,00236,00272
V4335 Sgr,,724335,48588,269.573041667,-29.1535,J2000,1998.539,,?,M,K,8.01,10.57,10.57,2.56,2.56,0,,,,73281,2MASS
V3889 Sgr,,723889,48142,269.589583333,-28.364888889,J2000,1992.421,,,NA,p,8.4,20.0,13,11.6,4.6,0,,:,,07480,09910
V5172 Sgr,,725172,49425,269.606,-27.098472222,J2000,1998.539,,,M:,*,10.3,13.7,13,3.4,2.7,0,,,,78006,2MASS
XZ Pav,,610051,39518,269.62775,-59.182638889,J2000,2000.0,,,M,p,10.5,16.0,13,5.5,2.5,0,,,,00251,06286
V4337 Sgr,,724337,48590,269.821666667,-29.272638889,J2000,1998.539,,?,M,J,8.67,12.64,12.64,3.97,3.97,0,,,,73281,2MASS
V0999 Sgr,,720999,45252,270.023666667,-27.553916667,J2000,1977.534,,,NB,p,7.5,16.6,13,9.1,5.5,0,:,,,00303,00478
V5357 Sgr,,725357,49610,270.136625,-24.271944444,J2000,1999.508,,,M,I,7.7,10.8,10.8,3.1,3.1,0,,,,78006,2MASS
V1944 Sgr,,721944,46197,270.153541667,-27.287361111,J2000,1996.686,,,N,p,7.0,15.0,13,8.0,6.0,0,:,,,04214,08953
V1946 Sgr,,721946,46199,270.500708333,-23.558222222,J2000,1998.451,,,M,I,9.0,13.3,13,4.3,4.0,0,,,*,03815,04407
V1950 Sgr,,721950,46203,270.663625,-23.367527778,J2000,1998.451,,,M,I,7.0,14.2,13,7.2,6.0,0,,,*,04407,06378
V1951 Sgr,,721951,46204,270.8755,-22.997472222,J2000,1999.333,,,M,I,8.3,14.8,13,6.5,4.7,0,,,*,04407,06378
TT Ara,,060027,4128,270.982208333,-47.233222222,J2000,2000.0,,,M,V,9.4,14.2,13,4.8,3.6,0,,,,N0002,GSC
V4154 Sgr,,724154,48407,271.318125,-36.085083333,J2000,1998.689,,,M,J,8.93,11.95,11.95,3.02,3.02,0,,,,71144,2MASS
V0895 Ara,,060895,4996,271.50725,-47.524194444,J2000,2000.0,,,RVA,V,9.84,12.76,12.76,2.92,2.92,0,,,,79123,DM
VX Sgr,,720042,44295,272.016875,-22.224055556,J2000,2000.0,,,SRC,V,6.52,14.0,13,7.48,6.48,0,,,*,01007,00002
V5792 Sgr,,725792,50045,272.134166667,-32.031444444,J2000,1998.569,,,M,I,9.8,14.3,13,4.5,3.2,0,,,,81043,2MASS
S Oct,,580002,31995,272.1855,-86.798777778,J2000,2000.0,,,M,V,7.2,14.0,13,6.8,5.8,0,,,,00001,00002
V0630 Sgr,,720630,44883,272.202166667,-34.339138889,J2000,1996.683,,,NA,p,1.6,14.4,13,12.8,11.4,0,,,,09834,02447
GR Ser,,760200,55004,272.351625,-15.326777778,J2000,2000.0,,,M,I,10.1,13.4,13,3.3,2.9,0,,,,07779,UCAC2
AG Pav,,610061,39528,273.106833333,-62.556055556,J2000,2000.0,,,E,p,10.2,13.0,13.0,2.8,2.8,0,,,,00001,06286
R Pav,,610001,39468,273.220708333,-63.615916667,J2000,2000.0,,,M,V,7.5,13.8,13,6.3,5.5,0,,,*,00001,00002
V3908 Sgr,,723908,48161,273.394708333,-16.230416667,J2000,2000.0,,,M,I,8.4,11.0,11.0,2.6,2.6,0,,,,07779,UCAC2
V4074 Sgr,,724074,48327,274.023,-30.85375,J2000,2000.0,,,ZAND,p,8.6,12.3,12.3,3.7,3.7,0,,,,67231,HIP
V4162 Sgr,,724162,48415,274.250416667,-33.042583333,J2000,1998.569,,,M,J,8.87,11.83,11.83,2.96,2.96,0,,,,71144,2MASS
FM Sgr,,720176,44429,274.326083333,-23.641083333,J2000,1980.485,,?,NA,p,8.2,16.5,13,8.3,4.8,0,:,,,01625,05464
V2905 Sgr,,722905,47158,274.334583333,-28.163777778,J2000,1987.482,,,ZAND,p,10.0,14.6,13,4.6,3.0,0,:,,*,06293,08953
V4328 Sgr,,724328,48581,274.472291667,-31.147277778,J2000,1998.569,,,M,H,9.32,12.73,12.73,3.41,3.41,0,,,,72147,2MASS
RS Tel,,790011,57082,274.713416667,-46.548166667,J2000,2000.0,,,RCB,V,9.0,15.34,13,6.34,4.0,0,,,*,00017,CoD
V4641 Sgr,,724641,48894,274.839916667,-25.407111111,J2000,1996.697,,,XN,V,9.0,13.8,13,4.8,4.0,0,,,,75309,75310
V1016 Sgr,,721016,45269,274.990125,-25.187388889,J2000,1999.626,,,NA,p,7.0,15.0,13,8.0,6.0,0,:,,,03517,03517
V4166 Sgr,,724166,48419,275.041416667,-30.080916667,J2000,1998.569,,,M,J,9.16,11.97,11.97,2.81,2.81,0,,,,71144,2MASS
AR Pav,,610071,39538,275.116166667,-66.078611111,J2000,2000.0,,,EA+ZAND,B,7.4,13.62,13,6.22,5.6,0,,,*,06915,09560
TY Tel,,790032,57103,275.478916667,-52.807583333,J2000,2000.0,,,M,p,10.5,16.0,13,5.5,2.5,0,,,*,00001,2MASS
V0441 Sgr,,720441,44694,275.533708333,-25.479833333,J2000,1996.697,,,NA,p,8.7,16.5,13,7.8,4.3,0,,,,09829,05464
V1977 Sgr,,721977,46230,275.612666667,-16.289194444,J2000,1999.333,,,M,I,9.5,14.6,13,5.1,3.5,0,,,*,04407,04407
GR Sgr,,720200,44453,275.743916667,-25.579722222,J2000,1980.485,,,NA:,p,7.5,16.6,13,9.1,5.5,0,:,,,01629,08953
V4171 Sgr,,724171,48424,275.922583333,-22.991222222,J2000,1992.783,,,NA,V,7.49,20.5,13,13.01,5.51,0,,:,,71168,71252
V0376 Sct,,750376,54513,276.091333333,-12.86525,J2000,2000.743,,,M:,I,10.4,15.4,13,5.0,2.6,0,,,,07779,2MASS
V0655 CrA,,260655,16756,276.1865,-36.995027778,J2000,1992.410,,,N,p,8.0,17.0,13,9.0,5.0,0,:,:,,05537,05537
V4172 Sgr,,724172,48425,276.23025,-29.079722222,J2000,1998.547,,,M,J,8.35,11.03,11.03,2.68,2.68,0,,,,71144,2MASS
V5666 Sgr,,725666,49919,276.2865,-22.600722222,J2000,2014.07,,,NB,V,9.9,20.0,13,10.1,3.1,0,,:,,81223,81224
RZ Tel,,790018,57089,276.55625,-56.038638889,J2000,2000.0,,,M,V,10.5,14.2,13,3.7,2.5,0,,,,N0002,06286
RV Sgr,,720014,44267,276.983666667,-33.324805556,J2000,2000.0,,,M,V,7.2,14.8,13,7.6,5.8,0,,,*,00001,00002
HS Sgr,,720219,44472,277.014708333,-21.573722222,J2000,1975.200,,,NB,p,10.0,16.5,13,6.5,3.0,0,:,,,01629,08588
V0441 Sct,,750441,54578,277.131666667,-9.969638889,J2000,1999.324,,?,M,L,5.2,8.1,8.1,2.9,2.9,0,,,,68345,2MASS
V0431 Tel,,790431,57502,277.13725,-45.991,J2000,2000.0,,,SR,V,10.3,12.8,12.8,2.5,2.5,0,,,,82105,82105
V0435 Sct,,750435,54572,277.369625,-12.631333333,J2000,1996.708,,?,M,L,4.7,7.2,7.2,2.5,2.5,0,,,,67012,GSC22
V3890 Sgr,,723890,48143,277.680333333,-24.019138889,J2000,1998.489,,,ZAND,p,8.4,17.2,13,8.8,4.6,0,:,,,09472,09472
V4331 Sgr,,724331,48584,277.7655,-27.094694444,J2000,1998.489,,,M,J,9.61,12.2,12.2,2.59,2.59,0,,,,72147,2MASS
V0424 Sct,,750424,54561,277.901125,-15.449472222,J2000,1998.336,,,M,I,10.0,15.5,13,5.5,3.0,0,,,,07779,2MASS
V2572 Sgr,,722572,46825,277.903583333,-32.59975,J2000,1980.975,,,NA,B,6.5,14.83,13,8.33,6.5,0,,,,06619,05754
V0612 Sct,,750612,54749,277.941208333,-14.315527778,J2000,2015.5,,,NB,V,8.4,19.0,13,10.6,4.6,0,,,,82003,Gaia2
V4183 Sgr,,724183,48436,277.960041667,-26.147027778,J2000,1998.489,,?,M,H,9.38,12.53,12.53,3.15,3.15,0,,,,71144,2MASS
V1017 Sgr,,721017,45270,278.018625,-29.386833333,J2000,1998.489,,,ZAND:,B,6.2,14.94,13,8.74,6.8,0,,,*,09847,07103
SS Tel,,790019,57090,278.069708333,-56.617333333,J2000,2000.0,,,M,V,9.1,13.3,13,4.2,3.9,0,,,*,00001,06286
V3876 Sgr,,723876,48129,278.302958333,-20.097277778,J2000,2000.0,,,M,p,9.4,15.2,13,5.8,3.6,0,,,*,09908,06279
FV Sct,,750185,54322,278.715208333,-12.924138889,J2000,1996.615,,,N,p,7.0,21.0,13,14.0,6.0,0,:,,,04228,04228
V3645 Sgr,,723645,47898,278.955708333,-18.694027778,J2000,1998.478,,,NB,p,8.0,18.0,13,10.0,5.0,0,:,,*,06437,06437
V5668 Sgr,,725668,49921,279.236833333,-28.927722222,J2000,1999.442,,,N,V,4.2,16.0,13,11.8,8.8,0,,,,81226,2MASS
V0437 Sct,,750437,54574,279.385458333,-5.399777778,J2000,1998.766,,,M,K,6.9,10.8,10.8,3.9,3.9,0,,,,67012,2MASS
V4192 Sgr,,724192,48445,279.451458333,-23.81175,J2000,1998.478,,,M,J,8.41,11.53,11.53,3.12,3.12,0,,,,71144,2MASS
U CrA,,260004,16105,280.27925,-37.836388889,J2000,2000.0,,,M,p,9.9,14.3,13,4.4,3.1,0,,,,01004,08613
V0438 Sct,,750438,54575,280.309333333,-6.25,J2000,1999.511,,?,M,K,8.3,11.5,11.5,3.2,3.2,0,,,,67012,2MASS
AM CrA,,260066,16167,280.314375,-37.484694444,J2000,2000.0,,,SR,p,8.6,12.7,12.7,4.1,4.1,0,,,,00235,08613
V0368 Sct,,750368,54505,281.43175,-8.550027778,J2000,1967.8,,,NA,p,7.7,19.3,13,11.6,5.3,0,,,,07334,06790
AC Sct,,750057,54194,281.506125,-10.248861111,J2000,2000.0,,,EA/SD,V,10.0,12.6,12.6,2.6,2.6,0,,,*,01386,04231
V0440 Sct,,750440,54577,281.611666667,-6.676055556,J2000,1999.634,,,M,H,9.4,12.0,12.0,2.6,2.6,0,,,,67012,2MASS
V1361 Aql,,051361,3405,281.791041667,-2.593333333,J2000,1999.604,,,M,H,8.5,12.2,12.2,3.7,3.7,0,,,*,68345,2MASS
R Sct,,750001,54138,281.870625,-5.705138889,J2000,2000.0,,,RVA,V,4.2,8.6,8.6,4.4,4.4,0,,,*,00001,00002
BK Tel,,790088,57159,281.918791667,-46.138166667,J2000,2000.0,,,M,V,10.4,13.0,13.0,2.6,2.6,0,,,,10201,02339
V6594 Sgr,,726594,50846,282.271125,-19.0345,J2000,2000.0,,,NA,V,9.3,20.0,13,10.7,3.7,0,,,,84002,84007
V4332 Sgr,,724332,48585,282.652916667,-21.391361111,J2000,1998.377,,,*,V,8.0,17.0,13,9.0,5.0,0,,,,72149,2MASS
V0384 CrA,,260384,16485,282.907,-38.137583333,J2000,1991.25,,,M,p,10.3,15.0,13,4.7,2.7,0,,,,00256,08613
CI Aql,,050110,2154,283.014833333,-1.477472222,J2000,1950.547,,,NR+EA,V,8.5,16.2,13,7.7,4.5,0,,,*,00001,79229
V1365 Aql,,051365,3409,283.092875,-0.236472222,J2000,,,,M,L,3.9,7.2,7.2,3.3,3.3,0,,,*,68345,
FN Sgr,,720177,44430,283.478333333,-18.994666667,J2000,1987.589,,,ZAND,p,9.0,13.9,13,4.9,4.0,0,,,,01060,06478
V0486 Tel,,790486,57557,283.813708333,-48.131083333,J2000,2000.0,,,M,V,10.2,15.3,13,5.1,2.8,0,,,,82001,2MASS
V0373 Sct,,750373,54510,283.861833333,-7.718083333,J2000,1971.9,,,NA,p,6.0,18.5,13,12.5,7.0,0,,,,09973,09746
EL Aql,,050155,2199,284.008291667,-3.322083333,J2000,1954.418,,,NA,p,6.4,20.0,13,13.6,6.6,0,,,,72118,79229
EU Sct,,750164,54301,284.055,-4.208333333,J2000,1949.607,:,,NA,p,8.0,17.0,13,9.0,5.0,0,,,*,04231,08953
FS Sct,,750182,54319,284.570416667,-5.401333333,J2000,1996.708,,,N,p,10.1,16.6,13,6.5,2.9,0,,,,09962,03151
AR Sgr,,720071,44324,284.925625,-23.707388889,J2000,2000.0,,,RVA,p,9.1,13.5,13,4.4,3.9,0,,,*,06107,09467
VX Aql,,050042,2086,285.039791667,-1.582527778,J2000,1986.665,,,M,V,9.9,13.6,13,3.7,3.1,0,,,*,00001,06286
S CrA,,260002,16103,285.285875,-36.955472222,J2000,2000.0,,,INT,V,10.49,13.2,13,2.71,2.51,0,,,*,08962,08961
V4743 Sgr,,724743,48996,285.288875,-22.001611111,J2000,1998.537,,,NA,V,5.0,16.8,13,11.8,8.0,0,,:,,77163,77224
ST Sgr,,720020,44273,285.37175,-12.759444444,J2000,1986.643,,,M,V,7.2,16.0,13,8.8,5.8,0,,,*,00001,00002
V1059 Sgr,,721059,45312,285.460666667,-13.161666667,J2000,2000.595,,,NA,p,4.5,16.5,13,12.0,8.5,0,:,,,00303,06067
V0710 CrA,,260710,16811,285.461166667,-36.969333333,J2000,1999.480,,,INB,K,5.84,9.13,9.13,3.29,3.29,0,,,,73121,73122
R CrA,,260001,16102,285.473541667,-36.952111111,J2000,2000.0,,,INSA,B,10.0,14.36,13,4.36,3.0,0,,,*,08962,08961
V0604 Aql,,050604,2648,285.525875,-4.445805556,J2000,,,,NA,p,7.6,19.9,13,12.3,5.4,0,:,,,,N0266
AM Aql,,050066,2110,285.574583333,-6.118472222,J2000,1986.649,,,M,V,10.5,14.6,13,4.1,2.5,0,,,,00001,04231
V0969 Sgr,,720969,45222,285.629291667,-31.521138889,J2000,2000.0,,,M,p,9.6,16.0,13,6.4,3.4,0,,,,00256,02386
V0971 Sgr,,720971,45224,286.981041667,-32.653888889,J2000,2000.551,,,M,p,10.0,16.5,13,6.5,3.0,0,,,,00256,2MASS
U Tel,,790004,57075,287.009458333,-48.903361111,J2000,2000.0,,,M,V,9.1,14.4,13,5.3,3.9,0,,,*,N0002,2MASS
RU Tel,,790013,57084,287.029375,-48.264472222,J2000,2000.0,,,M,V,9.5,15.0,13,5.5,3.5,0,,,,00001,CoD
BN Tel,,790091,57162,287.457916667,-48.156277778,J2000,2000.0,,,M,V,10.3,14.1,13,3.8,2.7,0,,,,10201,CoD
RW Sgr,,720015,44268,288.4775,-18.861694444,J2000,2000.0,,,SRA,V,9.0,11.7,11.7,2.7,2.7,0,,,*,00001,00002
RX Sgr,,720016,44269,288.636041667,-18.811916667,J2000,2000.0,,,M,V,9.0,14.4,13,5.4,4.0,0,,,*,00001,00002
W Aql,,050006,2050,288.847416667,-7.047305556,J2000,1987.411,,,M,V,7.0,14.6,13,7.6,6.0,0,,,*,00001,GSC
WW Aql,,050045,2089,289.035791667,-8.082194444,J2000,1987.411,,,M,V,10.3,14.3,13,4.0,2.7,0,,,,00001,06286
V0344 Sgr,,720344,44597,289.050583333,-31.277027778,J2000,1974.557,,,M,V,10.5,14.2,13,3.7,2.5,0,,,,00001,00245
T Sgr,,720003,44256,289.060166667,-16.971416667,J2000,2000.0,,,M,V,7.1,12.9,12.9,5.8,5.8,0,,,*,00001,00002
RY Sgr,,720017,44270,289.136541667,-33.522333333,J2000,2000.0,,,RCB,V,5.8,14.0,13,8.2,7.2,0,,,*,09797,00002
R Sgr,,720001,44254,289.174166667,-19.307694444,J2000,2000.0,,,M,V,6.7,12.83,12.83,6.13,6.13,0,,,*,00001,00002
FP Aql,,050179,2223,289.331791667,-0.147805556,J2000,1980.526,,,M,V,9.5,14.0,13,4.5,3.5,0,,,,00001,06286
RU CrA,,260013,16114,289.347541667,-39.612972222,J2000,1974.970,,,L:,p,9.8,12.4,12.4,2.6,2.6,0,,,,00016,08953
TY Sgr,,720032,44285,289.428416667,-23.940166667,J2000,2000.0,,,M,V,9.1,15.2,13,6.1,3.9,0,,,,00001,00002
AL Sgr,,720065,44318,289.432333333,-17.479138889,J2000,2000.0,,,M,p,10.5,14.7,13,4.2,2.5,0,,,*,00001,01400
CU Aql,,050121,2165,289.619041667,-10.693277778,J2000,2000.0,,,M,V,9.5,14.0,13,4.5,3.5,0,,,,00001,06286
S Sgr,,720002,44255,289.857958333,-19.023472222,J2000,1998.400,,,M,V,9.5,16.0,13,6.5,3.5,0,,,*,00001,00002
Z Sgr,,720009,44262,289.930125,-20.926333333,J2000,2000.0,,,M,V,8.4,16.0,13,7.6,4.6,0,,,,00001,00002
SW Sgr,,720023,44276,289.968583333,-31.714972222,J2000,2000.0,,,M,V,9.4,14.8,13,5.4,3.6,0,,,*,00001,00002
BL Pav,,610089,39556,289.989291667,-67.116416667,J2000,2000.0,,,M,p,10.4,13.3,13,2.9,2.6,0,,,,01003,08953
V0606 Aql,,050606,2650,290.101041667,-0.133861111,J2000,1951.645,,,NA,p,5.5,17.3,13,11.8,7.5,0,:,:,,72118,72118
AM Sgr,,720066,44319,290.679083333,-32.134083333,J2000,2000.0,,,M,p,10.3,14.0,13,3.7,2.7,0,,,,00017,08667
AN Sgr,,720067,44320,291.760583333,-18.513972222,J2000,1998.400,,,M,p,9.9,15.0,13,5.1,3.1,0,,,*,00001,02446
SW Tel,,790023,57094,291.915,-45.875361111,J2000,2000.0,,,M,V,10.4,14.3,13,3.9,2.6,0,,,,00001,CoD
DO Aql,,050137,2181,292.8575,-6.427388889,J2000,,,,NB+EA,p,8.7,18.8,13,10.1,4.3,0,,,*,72118,72118
BT Aql,,050097,2141,293.097416667,-8.108,J2000,2000.0,,,M,V,9.9,14.4,13,4.5,3.1,0,,,,00001,GSC
V1414 Aql,,051414,3458,293.666208333,-7.572138889,J2000,1983.660,,,M,V,9.0,14.4,13,5.4,4.0,0,,,,00001,GSC
V0339 Aql,,050339,2383,294.63675,-9.953944444,J2000,1951.576,,,M,V,10.3,15.0,13,4.7,2.7,0,,:,,00001,00464
V1163 Sgr,,721163,45416,294.93475,-22.301,J2000,1976.402,,,M,p,10.5,14.0,13,3.5,2.5,0,,,,00001,00190
GY Aql,,050207,2251,297.526416667,-7.614583333,J2000,2000.0,,,M,V,8.0,15.0,13,7.0,5.0,0,,:,*,00001,HIP
W Tel,,790006,57077,297.644375,-50.009361111,J2000,2000.0,,,M,V,9.4,14.0,13,4.6,3.6,0,,,,N0002,GSC
T Pav,,610003,39470,297.681166667,-71.771472222,J2000,2000.0,,,M,V,7.0,14.0,13,7.0,6.0,0,,,*,00001,00002
S Pav,,610002,39469,298.808166667,-59.195638889,J2000,2000.0,,,SRA,V,6.6,10.4,10.4,3.8,3.8,0,,,*,00001,00002
RR Sgr,,720010,44263,298.985125,-29.190027778,J2000,2000.0,,,M,V,5.4,14.0,13,8.6,7.6,0,,,*,00001,00002
RR Aql,,050010,2054,299.40025,-1.886472222,J2000,2000.0,,,M,V,8.2,15.0,13,6.8,4.8,0,,,*,00001,HIP
RU Sgr,,720013,44266,299.678625,-41.849416667,J2000,2000.0,,,M,V,6.0,13.8,13,7.8,7.0,0,,,*,00001,00002
RS Aql,,050011,2055,299.777333333,-7.883777778,J2000,1951.511,,,M,V,9.2,15.4,13,6.2,3.8,0,,,*,00001,00002
RR Tel,,790010,57081,301.07725,-55.725888889,J2000,2000.0,,,NC,p,6.5,16.5,13,10.0,6.5,0,,,*,N0031,72118
SS Cap,,160019,8960,302.113458333,-9.235055556,J2000,1982.532,,,SRA,V,9.7,12.9,12.9,3.2,3.2,0,,,,00001,GSC
BR Pav,,610095,39562,302.320125,-57.33175,J2000,2000.0,,,M,p,9.8,15.3,13,5.5,3.2,0,,,,00001,05474
V1300 Aql,,051300,3344,302.616125,-6.270444444,J2000,1999.579,,,M,J,3.17,8.44,8.44,5.27,5.27,0,,,*,77081,2MASS
R Cap,,160001,8942,302.826541667,-14.267416667,J2000,1982.707,,,M,V,9.4,14.9,13,5.5,3.6,0,,,,00001,DM
W Cap,,160006,8947,303.620875,-21.979194444,J2000,2000.0,,,M,V,10.2,15.4,13,5.2,2.8,0,,,,00001,DM
R Tel,,790001,57072,303.688,-46.981944444,J2000,2000.0,,,M,V,7.6,14.8,13,7.2,5.4,0,,,,00001,00002
Z Aql,,050009,2053,303.796,-6.151083333,J2000,2000.0,,,M,V,8.8,14.5,13,5.7,4.2,0,,,*,00001,BD
V0516 Tel,,790516,57587,304.031125,-50.860138889,J2000,2000.0,,,M,V,10.5,15.0,13,4.5,2.5,0,,,,82001,DM
RT Sgr,,720012,44265,304.431875,-39.112777778,J2000,2000.0,,,M,V,6.0,14.1,13,8.1,7.0,0,,,*,00001,00002
V2023 Aql,,052023,4067,305.948291667,-3.861361111,J2000,2000.0,,,M,V,10.2,15.5,13,5.3,2.8,0,,,,82001,GSC
TV Cap,,160029,8970,305.992041667,-11.826194444,J2000,2000.0,,,SRA,V,8.9,11.7,11.7,2.8,2.8,0,,,,00001,BD
EP Aql,,050159,2203,306.3615,-8.087305556,J2000,2000.0,,,M,V,10.1,14.5,13,4.4,2.9,0,,,,00001,06286
RS Mic,,540011,29810,307.268125,-28.518277778,J2000,1983.560,,,M,p,10.0,15.5,13,5.5,3.0,0,,,,06298,02386
U Mic,,540004,29803,307.31575,-40.417027778,J2000,2000.0,,,M,V,7.0,14.4,13,7.4,6.0,0,,,*,00001,00002
RU Cap,,160013,8954,308.14175,-21.690416667,J2000,2000.0,,,M,V,9.2,15.2,13,6.0,3.8,0,,,*,00001,DM
R Mic,,540001,29800,310.012458333,-28.792,J2000,2000.0,,,M,V,8.3,13.8,13,5.5,4.7,0,,,*,00001,00002
MV Pav,,610284,39751,310.7935,-69.712666667,J2000,1993.690,,,UV,B,10.0,16.5,13,6.5,3.0,0,:,,,05722,02384
Y Aqr,,040008,1496,311.104458333,-4.8335,J2000,2000.0,,,M,V,8.1,15.5,13,7.4,4.9,0,,,,00001,00002
W Aqr,,040006,1494,311.604208333,-4.083444444,J2000,2000.0,,,M,V,8.3,15.2,13,6.9,4.7,0,,,*,00001,00002
U Cap,,160004,8945,312.035833333,-14.783611111,J2000,1954.574,,,M,V,10.4,15.7,13,5.3,2.6,0,,,,00001,DM
T Aqr,,040003,1491,312.485041667,-5.146666667,J2000,2000.0,,,M,V,7.0,14.2,13,7.2,6.0,0,,,,00001,00002
S Ind,,440002,25772,314.097,-54.324111111,J2000,2000.0,,,M,p,7.9,17.0,13,9.1,5.1,0,,,,00001,00002
RR Cap,,160010,8951,315.586583333,-27.087472222,J2000,2000.0,,,M,V,7.8,15.5,13,7.7,5.2,0,,,,00001,DM
VX Aqr,,040042,1530,315.636,-6.605944444,J2000,2000.0,,,M,V,10.0,14.5,13,4.5,3.0,0,,,,00001,06286
V Cap,,160005,8946,316.902708333,-23.920416667,J2000,2000.0,,,M,V,8.1,15.3,13,7.2,4.9,0,,,,00001,HIP
X Cap,,160007,8948,317.137583333,-21.347722222,J2000,2000.0,,,M,V,10.2,15.8,13,5.6,2.8,0,,,,00001,DM
Z Cap,,160009,8950,317.656333333,-16.173666667,J2000,2000.0,,,M,V,8.6,15.0,13,6.4,4.4,0,,,,00001,DM
RS Aqr,,040011,1499,317.742166667,-4.027833333,J2000,2000.0,,,M,V,9.3,15.0,13,5.7,3.7,0,,,,00001,00002
VY Aqr,,040043,1531,318.038333333,-8.826944444,J2000,2000.0,,,UGSU,V,10.0,17.52,13,7.52,3.0,0,,,*,N0054,72085
T Oct,,580003,31996,318.506333333,-82.109361111,J2000,2000.0,,,M,V,8.8,14.8,13,6.0,4.2,0,,,,00001,00002
RR Aqr,,040010,1498,318.755333333,-2.895888889,J2000,2000.0,,,M,V,9.1,14.7,13,5.6,3.9,0,,,,00001,00002
T Cap,,160003,8944,320.503416667,-15.159194444,J2000,2000.0,,,M,V,8.7,14.8,13,6.1,4.3,0,,,,00001,HIP
W Mic,,540006,29805,320.757958333,-41.966611111,J2000,1979.150,,,M,p,10.3,15.5,13,5.2,2.7,0,,,,00359,04001
V Mic,,540005,29804,320.953291667,-40.701416667,J2000,2000.0,,,M,p,9.4,14.0,13,4.6,3.6,0,,,*,00001,08953
S Mic,,540002,29801,321.68375,-29.851305556,J2000,2000.0,,,M,V,7.8,14.8,13,7.0,5.2,0,,,*,00001,00002
FH Gru,,390172,23045,322.505458333,-36.975277778,J2000,2000.0,,,M,V,8.87,12.82,12.82,3.95,3.95,0,,,*,82001,DM
Y Cap,,160008,8949,323.595333333,-13.974944444,J2000,2000.0,,,M,V,10.0,15.0,13,5.0,3.0,0,,,*,00001,USNO
R Gru,,390001,22874,327.132333333,-46.914,J2000,1993.614,,,M,V,7.4,14.9,13,7.5,5.6,0,,,,00001,00002
SY Aqr,,040025,1513,327.685625,-5.118055556,J2000,2000.0,,,SRB,V,9.1,11.6,11.6,2.5,2.5,0,,,,00001,BD
S PsA,,670002,42717,330.941,-28.051166667,J2000,2000.0,,,M,V,8.0,14.5,13,6.5,5.0,0,,,*,00001,00002
SS Ind,,440019,25789,332.029166667,-67.139416667,J2000,2000.0,,,M,V,9.1,14.3,13,5.2,3.9,0,,,,06455,05474
R PsA,,670001,42716,334.501,-29.603833333,J2000,2000.0,,,M,V,8.3,14.7,13,6.4,4.7,0,,,*,00001,00002
X Aqr,,040007,1495,334.663833333,-20.901138889,J2000,2000.0,,,M,V,7.2,15.0,13,7.8,5.8,0,,,,00001,00002
SS Aqr,,040019,1507,334.97675,-14.401888889,J2000,2000.0,,,M,V,9.2,13.6,13,4.4,3.8,0,,,,N0002,BD
UU Tuc,,820034,58127,335.579333333,-60.870694444,J2000,2000.0,,,M,p,10.4,13.6,13,3.2,2.6,0,,,,00210,05232
RT Aqr,,040012,1500,335.803625,-22.056611111,J2000,2000.0,,,M,V,8.8,13.1,13,4.3,4.2,0,,,,N0002,00002
T Gru,,390003,22876,336.420541667,-37.569222222,J2000,2000.0,,,M,p,7.8,12.3,12.3,4.5,4.5,0,,,,00001,00002
S Gru,,390002,22875,336.522791667,-48.438555556,J2000,2000.0,,,M,V,6.0,15.0,13,9.0,7.0,0,,,,00001,00002
R Ind,,440001,25771,339.001625,-67.28775,J2000,2000.0,,,M,V,8.2,14.6,13,6.4,4.8,0,,,,00001,00002
T Tuc,,820003,58096,340.1395,-61.553777778,J2000,2000.0,,,M,V,7.5,13.8,13,6.3,5.5,0,,,*,00001,00002
DS Gru,,390141,23014,340.798125,-41.532916667,J2000,2000.0,,,M,V,9.6,15.0,13,5.4,3.4,0,,,,78090,GSC
FW Gru,,390186,23059,341.915208333,-36.381555556,J2000,2000.0,,,UGSU,CV,10.2,20.5,13,10.3,2.8,0,,,*,85004,USNO
S Aqr,,040002,1490,344.277041667,-20.343194444,J2000,2000.0,,,M,V,7.6,15.0,13,7.4,5.4,0,,,,00001,00002
RT Oct,,580012,32005,345.275791667,-87.053055556,J2000,2000.0,,,M,p,10.4,14.6,13,4.2,2.6,0,,,,00001,08613
AF Psc,,660060,42491,352.937083333,-2.744138889,J2000,2000.0,,,UV,p,8.5,16.2,13,7.7,4.5,0,,,,08248,08248
V Phe,,640005,42192,353.113541667,-45.988638889,J2000,1977.682,,,M,V,8.5,14.4,13,5.9,4.5,0,,,,00001,00002
R Aqr,,040001,1489,355.956083333,-15.2845,J2000,2000.0,,,M+ZAND,V,5.2,12.4,12.4,7.2,7.2,0,,,*,00001,00002
SV Phe,,640022,42209,357.321041667,-43.111444444,J2000,1978.769,,,M,p,10.2,15.0,13,4.8,2.8,0,,,,00016,08953
Z Aqr,,040009,1497,358.060916667,-15.854611111,J2000,2000.0,,,SRA,V,7.4,10.2,10.2,2.8,2.8,0,,,,00001,HIP
R Phe,,640001,42188,359.114833333,-49.786833333,J2000,2000.0,,,M,V,7.5,14.4,13,6.9,5.5,0,,,*,00001,00002
R Tuc,,820001,58094,359.359833333,-65.384666667,J2000,2000.0,,,M,V,8.5,15.2,13,6.7,4.5,0,,,,00001,00002
V Cet,,210005,14789,359.475166667,-8.9585,J2000,2000.0,,,M,V,8.6,14.8,13,6.2,4.4,0,,,,00001,00002
