StarNumber,Magnitude,Reference,PageIndex,Validation_Note
1,9,ZC 1,20,OK
2,8.5,ZC 3,20,OK
3,8.7,ZC 4,20,OK
4,9,ZC 5,20,OK
5,7.2,L 9723,20,OK
6,8.5,OA 23240,20,OK
7,6.3,L 9724,20,OK
8,6.7,L 9725,20,OK
9,8,ZC 16,20,OK
10,8,L 9726,20,OK
11,9,ZC 22,20,OK
12,8.5,ZC 24,20,OK
13,8.5,L 9728,20,OK
14,6.3,Ll 47280,20,OK
15,6.9,L 9729,20,OK
16,8,L 9727,20,OK
17,7.7,L 9730,20,OK
18,8.5,OA 23250,20,OK
19,8,L 9731,20,OK
20,8.2,ZC 37,20,OK
21,7.2,L 9733,20,OK
22,6.5,Ll 47300,20,OK
23,8.5,ZC 39,20,OK
24,8.5,ZC 40,20,OK
25,8.5,ZC 41,20,OK
26,8.5,ZC 42,20,OK
27,5.9,L 9732,20,OK
28,7,Melb I 2,20,OK
29,8.2,ZC 45,20,OK
30,5.7,L 9735,20,OK
31,6.4,By 3214,20,OK
32,8,L 9736,20,OK
33,9.5,,21,OK
34,6.2,Ll 47318,21,OK
35,7.2,L (9734),21,OK
36,8,ZC 51,21,OK
37,7.7,OA 10,21,OK
38,7.7,L 9745,21,OK
39,8.2,OA 11,21,OK
40,6.2,Ll 47332,21,OK
41,7.5,Ll 47333,21,OK
42,7.7,L 9737,21,OK
43,8.5,ZC 59,21,OK
44,7.7,ZC 60,21,OK
45,8,L (9743),21,OK
46,7.5,L 9738,21,OK
47,8.7,L 9739,21,OK
48,8,,21,OK
49,7.7,ZC 69,21,OK
50,6.4,L 9740,21,OK
51,9.5,,21,OK
52,8.7,ZC 72,21,OK
53,7.5,UA 38.5 Î±,21,OK
54,10,ZC 76,21,OK
55,7,UA 38.5 b,21,OK
56,5.5,,21,OK
57,3.8,ZC 83,21,OK
58,9,ZC 88,21,OK
59,9.5,L 9746,21,OK
60,8.5,,21,OK
61,8.5,L 9744,21,OK
62,9.2,ZC 99,21,OK
63,8.7,Ll 47374,21,OK
64,7.5,ZC 102,21,OK
65,7.7,L 9747,21,OK
66,7.2,L 9749,21,OK
67,6.6,L 9748,21,OK
68,8,ZC 106,21,OK
69,8.7,Ll 1,21,OK
70,6.1,L 9750,21,OK
71,8.5,Ll 6,21,OK
72,7.5,L 9752,21,OK
73,8,,21,OK
74,8.7,OA 36,21,OK
75,8.5,L 9751,21,OK
76,7,,21,OK
77,5.9,Ll 19,21,OK
78,5.6,,22,OK
79,8.5,ZC 122,22,OK
80,8,ZC 123,22,OK
81,8.2,L 9754,22,OK
82,7.2,L 9755,22,OK
83,6.9,ZC 127,22,OK
84,9.2,ZC 129,22,OK
85,9.5,ZC 131,22,OK
86,8.5,Ll 32,22,OK
87,7.5,F 6,22,OK
88,5.1,L 9757,22,OK
89,7.5,Ll 48,22,OK
90,7,OA 42,22,OK
91,5.4,ZC 145,22,OK
92,8.5,L 9759,22,OK
93,8.5,OA 45,22,OK
94,8.5,ZC 154,22,OK
95,5.4,L 9761,22,OK
96,8,Ll 67,22,OK
97,8.2,L 9762,22,OK
98,6.6,Ll 72,22,OK
99,6.8,L 9763,22,OK
100,8,ZC 158,22,OK
101,5.4,L 9764,22,OK
102,8,L 9765,22,OK
103,8.5,Ll 85,22,OK
104,7.7,L 9766,22,OK
105,7.5,L 1,22,OK
106,8.5,ZC 172,22,OK
107,7.7,ZC 173,22,OK
108,7.5,OA 53,22,OK
109,8.2,OA 54,22,OK
110,9,OA 55,22,OK
111,8.5,L 3,22,OK
112,8.5,L 2,22,OK
113,7.5,P 10,22,OK
114,6.9,L 4,22,OK
115,8,L 5,22,OK
116,7.2,,22,OK
117,7.7,,22,OK
118,7.0,L 6,23,OK
119,8.7,OA 59,23,OK
120,8.5,OA 62,23,OK
121,9,Melb.I 10,23,OK
122,6.0,L 7,23,OK
123,7.0,L 8,23,OK
124,6.3,L 9,23,OK
125,6.9,L 10,23,OK
126,8.7,ZC 203,23,OK
127,7.2,L 11,23,OK
128,9.2,ZC 208,23,OK
129,7.2,L 12,23,OK
130,9,ZC 214,23,OK
131,8,Ll 156,23,OK
132,7.0,Ll 155,23,OK
133,7,L 13,23,OK
134,6.6,Ll 158,23,OK
135,5.4,OA (70),23,OK
136,9,Ll 162,23,OK
137,7.7,L 14,23,OK
138,8,L 15,23,OK
139,7.5,UA 48,23,OK
140,7.0,,23,OK
141,8.5,ZC 226,23,OK
142,4.3,F 7,23,OK
143,6.8,Ll 167,23,OK
144,7,Ll 179,23,OK
145,7.2,L 16,23,OK
146,5.9,Ll 183,23,OK
147,6.4,L 23,23,OK
148,7.2,L 17,23,OK
149,6.4,L 18,23,OK
150,7.7,ZC 234,23,OK
151,9,OA 80,23,OK
152,8.7,OA 82,23,OK
153,8.2,P 21,23,OK
154,8.7,OA 83,23,MISMATCH_REF_8.2
155,7.5,L 19,23,OK
156,10,,23,OK
157,8,Y 91,23,OK
158,8.5,ZC 246,23,OK
159,8.5,ZC 247,23,OK
160,7.5,L 20,23,OK
161,9.2,OA 85,23,OK
162,8,L 21,23,OK
163,9.2,ZC 254,23,OK
164,8.5,ZC 255,23,OK
165,8.5,ZC 257,24,OK
166,8,ZC 261,24,OK
167,5.9,L 22,24,OK
168,9,Ll 222,24,OK
169,8.7,OA 89,24,OK
170,9.5,Melb I 11,24,OK
171,8.5,OA 91,24,OK
172,8.2,L 25,24,OK
173,8,ZC 273,24,OK
174,8,L 30,24,OK
175,6.7,ZC 275,24,OK
176,9,Ll 224,24,OK
177,8,L 26,24,OK
178,7.5,ZC 282,24,OK
179,9,Ll 234,24,OK
180,6.5,L 28,24,OK
181,8,L 29,24,OK
182,7.0,L 27,24,OK
183,6.5,L 32,24,OK
184,7.4,ZC 288,24,OK
185,8,ZC 289,24,OK
186,10,L 31,24,OK
187,7,P 29,24,OK
188,9,ZC 295,24,OK
189,8.7,ZC 296,24,MISMATCH_REF_9.0
190,7.5,ZC 298,24,OK
191,8.5,ZC 299,24,OK
192,8.2,ZC 300,24,MISMATCH_REF_8.7
193,9.5,Ll 257,24,OK
194,6.6,L 33,24,OK
195,7.0,ZC 303,24,OK
196,9.5,Melb I 13,24,OK
197,8.5,Ll 265,24,OK
198,7.7,,24,OK
199,10.2,,24,OK
200,8.7,Ll 275,24,OK
201,6.7,Melb I 14,24,OK
202,8.5,OA 102,24,OK
203,8.5,Ll 276,24,OK
204,7.5,Ll 291,24,OK
205,6.6,L 34,24,OK
206,6.6,ZC 325,24,OK
207,8.5,OA 107,24,OK
208,8.7,L 36,24,OK
209,7.7,OA 108,24,OK
210,8.5,Ll 305,24,OK
211,7,L 35,24,OK
212,7.2,,24,OK
213,9,L 37,24,OK
214,7.5,,24,OK
215,8,L 39,24,OK
216,8,Ll 309,24,OK
217,8.5,,24,OK
218,6.6,L 38,25,OK
219,8.2,Melb I 16,25,OK
220,8.7,OA 111,25,OK
221,8.7,OA 113,25,OK
222,7.3,,25,OK
223,3.5,,25,OK
224,8,L 41,25,OK
225,7.2,L 42,25,OK
226,7.2,WB 199,25,OK
227,7.5,L 43,25,OK
228,8,Melb I 17,25,OK
229,8.2,L 44,25,OK
230,8.7,,25,OK
231,7.2,L 45,25,OK
232,7.0,Ll 341,25,OK
233,4.1,,25,OK
234,8,L 47,25,OK
235,8,ZC 360,25,OK
236,8.5,ZC 361,25,OK
237,7.5,P 44,25,OK
238,9,ZC 363,25,OK
239,7.5,L 46,25,OK
240,9.5,,25,OK
241,9.5,ZC 367,25,OK
242,8.5,OA 124,25,OK
243,9,ZC 370,25,OK
244,9,ZC 371,25,OK
245,8.5,OA 125,25,OK
246,8.2,ZC 377,25,OK
247,7.0,L 48,25,OK
248,8,L 49,25,OK
249,7.2,Ll 390,25,OK
250,6.7,L 50,25,OK
251,7.7,L 51,25,OK
252,9.2,OA 130,25,OK
253,5.7,L 57,25,OK
254,8,,25,OK
255,9,ZC 389,25,OK
256,8.2,B 30,25,OK
257,9,ZC 391,25,OK
258,7.5,L 52,25,OK
259,8.7,ZC 393,26,OK
260,9,ZC 394,26,OK
261,9,ZC 395,26,OK
262,9.2,ZC 396,26,OK
263,5.3,P 49,26,OK
264,8.5,OA 135,26,OK
265,8.7,Ll 405,26,OK
266,var.,L 56,26,OK
267,8.7,,26,OK
268,7.7,OA 139,26,OK
269,7.5,,26,OK
270,8.5,ZC 412,26,OK
271,8,OA 140,26,OK
272,8.7,ZC 416,26,OK
273,9,L 58,26,OK
274,7.2,,26,OK
275,8.5,OA 142,26,OK
276,7.7,ZC 422,26,OK
277,8.5,ZC 424,26,OK
278,8.5,OA 143,26,OK
279,6.4,L 64,26,OK
280,8.5,OA 144,26,OK
281,8.5,ZC 430,26,OK
282,8,L 59,26,OK
283,6.7,F 9,26,OK
284,6.4,ZC 435,26,OK
285,8.5,ZC 436,26,OK
286,7.7,L 60,26,OK
287,7.5,ZC 438,26,OK
288,9.2,L 61,26,OK
289,6.6,L 63,26,OK
290,7.2,ZC 442,26,OK
291,9.5,L 62,26,OK
292,6.9,Ll 434,26,OK
293,7.2,OA 150,26,OK
294,9.2,L 65,26,OK
295,8.5,ZC 452,26,OK
296,6.6,ZC 454,26,OK
297,8.2,L 67,26,OK
298,8.7,L 66,26,OK
299,7.5,,26,OK
300,6.8,ZC 458,26,OK
301,8.5,ZC 459,26,OK
302,9,ZC 460,26,OK
303,8,L 68,26,OK
304,10,L 69,26,OK
305,7.5,L 70,26,OK
306,8,L 71,26,OK
307,7.5,,26,OK
308,var.,Melb I 22,27,OK
309,8.2,L 72,27,OK
310,7.7,OA 159,27,MISMATCH_REF_7.2
311,7.7,L 76,27,OK
312,8,OA 163,27,OK
313,8.5,OA 161,27,OK
314,8,ZC 481,27,OK
315,8.5,Ll 477,27,OK
316,6.4,L 73,27,OK
317,7.7,,27,MISMATCH_REF_7.2
318,8.2,OA 165,27,OK
319,8.7,B 37,27,OK
320,8.5,OA 167,27,OK
321,9,P 62,27,OK
322,4.5,cumulus,27,OK
323,8.5,OA 169,27,OK
324,6.8,L 75;P 63,27,OK
325,8.2,,27,OK
326,9.7,,27,OK
327,7.5,L 77,27,OK
328,8.7,B 41,27,OK
329,8.7,L 79,27,OK
330,8,L 78,27,OK
331,8,,27,OK
332,8.5,ZC 504,27,OK
333,7.5,Ll (518),27,OK
334,8.7,ZC 505,27,OK
335,9,Melb I 25,27,OK
336,2.7,L 81,27,OK
337,6.8,OA 176,27,OK
338,8.5,ZC 515;L 82;L 83;B 42,27,OK
339,9,Ll 537,27,OK
340,7.5,L 85,27,OK
341,6.8,ZC 522;L 84,27,OK
342,8.7,OA 182,27,OK
343,8,,27,OK
344,8,,27,OK
345,9.5,,27,OK
346,7.2,,27,OK
347,8.7,,27,OK
348,8.5,ZC 531,28,OK
349,8.5,L 86,28,OK
350,7.5,,28,OK
351,3.9,Ll 552,28,OK
352,6.7,L 88,28,OK
353,9,,28,OK
354,7.0,F 10,28,OK
355,2.4,OA 186,28,OK
356,6.2,OA 188,28,OK
357,9,ZC 543,28,OK
358,8.5,ZC 546,28,OK
359,8.5,ZC 549,28,OK
360,8.7,Ll 573,28,OK
361,9.5,L 90,28,OK
362,7.5,ZC 555,28,OK
363,6.5,ZC 557,28,OK
364,8.5,L 93,28,OK
365,8.5,ZC 562,28,OK
366,7.2,L 91,28,OK
367,8,L 92,28,OK
368,6.8,,28,OK
369,7.5,Ll 599,28,OK
370,6.8,Ll 594,28,OK
371,8,ZC 573,28,OK
372,8.7,OA 204,28,OK
373,8.7,OA 205,28,OK
374,8.7,Ll 611,28,MISMATCH_REF_8.2
375,8,OA 206,28,OK
376,9.2,,28,OK
377,5.2,Melb I 30,28,OK
378,8.7,ZC 585,28,OK
379,9.2,L 96,28,OK
380,8.5,L 97,28,OK
381,6.7,,28,OK
382,7.5,Ll 629,28,OK
383,6.4,OA 212,28,OK
384,8.5,B 48,28,OK
385,8.5,Ll 635,28,OK
386,7,L 98,28,OK
387,6.9,St 167,28,OK
388,7.5,B 47,28,OK
389,8.7,L 99,28,OK
390,5.9,ZC 597,28,OK
391,9,ZC 600,28,OK
392,8.5,ZC 605,28,OK
393,9.5,L 100,28,OK
394,9,ZC 608,28,OK
395,8,L 101,28,OK
396,7,L 102,28,OK
397,9.5,Ll 644,28,OK
398,6.5,,28,OK
399,7.5,,28,OK
400,8.2,,28,OK
401,8.2,OA 222,29,OK
402,8.2,Ll 647,29,OK
403,7.5,L 113,29,OK
404,8.7,ZC 620,29,OK
405,8.5,B 51,29,OK
406,8,P 83,29,OK
407,9,Melb I 31,29,OK
408,9.7,ZC 625,29,OK
409,7.7,WB 366,29,MISMATCH_REF_7.2
410,7.1,L 104,29,OK
411,7.5,L 103,29,OK
412,8,F 11,29,OK
413,6.2,Ll 666,29,OK
414,6.5,L 105,29,OK
415,6.0,F 12,29,OK
416,8.7,ZC 632,29,MISMATCH_REF_8.2
417,8.7,ZC 636,29,OK
418,8.5,B 53,29,MISMATCH_REF_8.2
419,5.2,L 106,29,OK
420,7.7,L 107,29,OK
421,9.2,ZC 643,29,OK
422,9.5,L 108,29,OK
423,8.5,L 109,29,OK
424,6.8,L 110,29,OK
425,6.5,OA 237,29,OK
426,9,OA 238,29,OK
427,5.7,ZC 650,29,OK
428,8.7,Ll 718,29,OK
429,8.5,L 111,29,OK
430,9,Ll 722,29,OK
431,7.5,WB 391,29,OK
432,7,ZC 656,29,OK
433,8.7,ZC 657,29,OK
434,7.7,ZC 659,29,OK
435,9,L 112,29,OK
436,8.7,ZC 665,29,OK
437,8.7,WB 398,29,MISMATCH_REF_8.2
438,8,L 114,29,OK
439,7.5,ZC 671,29,OK
440,8.5,L 116,29,OK
441,6.8,ZC 672,29,OK
442,7.7,ZC 673,29,OK
443,4.6,,29,OK
444,9,ZC 674,29,OK
445,8.5,ZC 675,29,OK
446,8.7,L 117,29,OK
447,8.7,L 118,29,OK
448,9,L 119,29,OK
449,7.5,L 117,30,OK
450,8.2,Ll 759,30,OK
451,4.3,,30,OK
452,4.7,,30,OK
453,9,B 60,30,OK
454,7.3,L 118,30,OK
455,8.7,ZC 685,30,OK
456,8.2,ZC 686,30,OK
457,8.2,OA 250,30,OK
458,8.5,ZC 691,30,OK
459,9,ZC 693,30,OK
460,9.2,ZC 692,30,OK
461,6.9,L 121,30,OK
462,8.5,ZC 701,30,OK
463,8.7,ZC 704,30,OK
464,8,Ll 797,30,OK
465,8.5,ZC 709,30,OK
466,8.7,OA 260,30,OK
467,5.5,L 123,30,OK
468,7.7,Ll 806,30,OK
469,8,ZC 714,30,OK
470,9.2,ZC 716,30,OK
471,8,ZC 718,30,OK
472,7.5,L 122,30,OK
473,7,L 122,30,OK
474,6.8,L 124,30,OK
475,9,OA 267,30,OK
476,5.8,L 125,30,OK
477,8,L 126,30,OK
478,7,L 127,30,OK
479,8.7,ZC 731,30,OK
480,7,L 130,30,OK
481,8.5,Ll 830,30,OK
482,8,L 128,30,OK
483,8.2,ZC 732,30,OK
484,8.2,ZC 733,30,OK
485,8,L 129,30,OK
486,8,L 132,30,OK
487,8,OA 270,30,OK
488,7.7,L 131,30,OK
489,9,ZC 738,30,OK
490,8.7,ZC 739,30,OK
491,6.4,Ll 840,30,OK
492,6.8,Ll 837,30,OK
493,8,,30,OK
494,9.2,,30,OK
495,7.7,L 135,30,OK
496,6.9,L 133,31,OK
497,8,ZC 744,31,OK
498,9.2,ZC 746,31,OK
499,8.5,OA 273,31,OK
500,7.0,L 134,31,OK
501,5.7,L 137,31,OK
502,7.0,L 136,31,OK
503,9.2,ZC 754,31,OK
504,9,OA 276,31,OK
505,5.7,F 13,31,OK
506,9,OA 277,31,OK
507,7.5,L 138,31,OK
508,6.0,F 14,31,OK
509,8.7,ZC 764,31,OK
510,8.5,ZC 766,31,OK
511,9,OA 283,31,OK
512,8.2,L 141,31,OK
513,8,,31,OK
514,8.7,ZC 774,31,OK
515,9.2,L 140,31,OK
516,7.2,WB 488,31,OK
517,6.7,L 144,31,OK
518,6.2,L 144,31,OK
519,5.6,Ll 911,31,OK
520,7.5,ZC 785,31,OK
521,8.2,ZC 786,31,OK
522,8.5,ZC 788,31,OK
523,8.2,L 142,31,OK
524,6.1,OA 295,31,OK
525,8.2,L 145,31,OK
526,8,ZC 795,31,OK
527,8.7,Melb I 39,31,OK
528,8.5,ZC 796,31,OK
529,8.2,ZC 797,31,OK
530,8.5,L 146,31,OK
531,8.5,OA 301,31,OK
532,6.9,B 73,31,OK
533,8.5,OA 302,31,OK
534,9,OA 303,31,OK
535,8.2,Ll 933,31,OK
536,7.7,L 936,31,OK
537,9,L 148,31,OK
538,9,OA 304,31,OK
539,6.9,ZC 813,31,OK
540,8.5,B 74,31,OK
541,8.7,ZC 815,31,OK
542,8,L 147,31,OK
543,8.5,,31,OK
544,5.8,L 147,31,OK
545,8.7,ZC 820,32,OK
546,6.8,L 151,32,OK
547,8.7,B 76,32,MISMATCH_REF_8.2
548,8.5,L 150,32,OK
549,8.2,OA 306,32,OK
550,7,L 149,32,OK
551,8.5,ZC 825,32,OK
552,8.5,ZC 828,32,OK
553,7.7,L 154,32,OK
554,8.5,OA 308,32,OK
555,6.5,L 152,32,OK
556,8.7,Ll 969,32,OK
557,9.7,F 15,32,OK
558,6.8,L 153,32,OK
559,7.7,ZC 836,32,OK
560,9,Melb I 42,32,OK
561,8.7,OA 315,32,OK
562,8,L 155,32,OK
563,7.5,L 161,32,OK
564,6.8,L 156,32,OK
565,8,Y 305,32,OK
566,8.7,ZC 850,32,OK
567,9,Ll 988,32,OK
568,7,ZC 853,32,OK
569,9,OA 319,32,OK
570,7.5,L 158,32,OK
571,7.5,L 157,32,OK
572,6.5,ZC 860,32,OK
573,8.7,OA 325,32,OK
574,9,L 168,32,OK
575,7.5,Melb I 43,32,OK
576,7.5,OA 326,32,OK
577,8.7,ZC 870,32,OK
578,8.7,ZC 872,32,OK
579,9.7,ZC 874,32,OK
580,8,ZC 875,32,OK
581,8.2,L 159,32,OK
582,7.7,L 160,32,OK
583,7,ZC 883,32,OK
584,8.2,ZC 884,32,OK
585,8,ZC 886,32,OK
586,9,ZC 887,32,OK
587,8.5,ZC 888,32,OK
588,9.2,ZC 889,32,OK
589,8.5,OA 335,32,OK
590,8.7,Ll 1031,32,OK
591,7.7,L 163,32,OK
592,6.9,L 171,32,OK
593,6.7,,32,OK
594,7.5,,32,OK
595,9,OA 337,33,OK
596,9,ZC 895,33,OK
597,8.2,Y 316,33,OK
598,7.5,L 164,33,OK
599,6.8,,33,OK
600,8.5,L 173,33,OK
601,7.5,ZC 902,33,OK
602,6.4,L 162,33,OK
603,8.5,OA 340,33,OK
604,8,L 165,33,OK
605,10,ZC 912,33,OK
606,9.5,ZC 912,33,OK
607,6.7,Ll 1064,33,OK
608,6.3,L 167,33,OK
609,8.5,L 170,33,OK
610,10,ZC 916,33,OK
611,9,Ll 1069,33,OK
612,6.0,OA 348,33,OK
613,9,OA 349,33,OK
614,8.7,ZC 919,33,OK
615,8.7,L 169,33,OK
616,6.6,L 172,33,OK
617,6.0,L 174,33,OK
618,7.8,L 175,33,OK
619,8,ZC 931,33,OK
620,8.5,L 171,33,OK
621,7,L 176,33,OK
622,8.5,B (88),33,OK
623,7.7,Ll 1105,33,OK
624,8.5,ZC 939,33,OK
625,6.8,Ll 1107,33,OK
626,4.7,ZC 941,33,OK
627,9,OA 360,33,OK
628,8.5,L 179,33,OK
629,8.5,ZC 948,33,OK
630,8.5,Ll 1119,33,OK
631,7.7,L 178,33,OK
632,7,,33,OK
633,5.9,OA 365,33,OK
634,9,L 197,33,OK
635,8.2,ZC 954,33,OK
636,8.2,L 182,33,OK
637,8.5,,33,OK
638,9.2,L 228,33,OK
639,8,Ll 1135,33,OK
640,8,Ll 1137,33,OK
641,6.6,,33,OK
642,7.2,L 181,34,OK
643,8.5,ZC 961,34,OK
644,7.0,Ll 1138,34,OK
645,6.0,L 212,34,OK
646,9.5,,34,OK
647,8.2,,34,OK
648,8,L 184,34,OK
649,9,ZC 971,34,OK
650,7.0,Ll 1148,34,OK
651,8.5,L 186,34,OK
652,6.1,L 185,34,OK
653,5.7,B 91,34,OK
654,7.5,WB 622,34,OK
655,8.2,,34,OK
656,8,,34,OK
657,2.3,L 191,34,OK
658,7.0,L 187,34,OK
659,7.0,ZC 988,34,OK
660,7.7,Ll 1168,34,OK
661,6.2,,34,OK
662,4.5,L 189,34,OK
663,8,,34,OK
664,5.1,ZC 1001,34,OK
665,8.5,OA 388,34,OK
666,5.8,L 195,34,OK
667,8,L 193,34,OK
668,6.9,L 196,34,OK
669,5.3,L 194,34,OK
670,7.5,B 95,34,OK
671,7.7,Ll 1204,34,OK
672,7.5,L 198,34,OK
673,7.7,Ll 1199,34,OK
674,8,ZC 1022,34,OK
675,8,L 199,34,OK
676,9.5,L 242,34,OK
677,7.7,,34,OK
678,8.2,B 98,34,OK
679,8.7,,34,OK
680,9,L 200,35,OK
681,6.4,,35,OK
682,9,,35,OK
683,6.6,OA 395,35,OK
684,6.7,Ll 1216,35,OK
685,6.3,UA 64,35,OK
686,6.4,F 18,35,OK
687,6.6,L 201,35,OK
688,6.6,L 206,35,OK
689,8.7,Ll 1228,35,OK
690,8,OA 399,35,OK
691,7.5,L (209),35,OK
692,7.5,L 202,35,OK
693,8,Melb I 53,35,OK
694,7.7,L 211,35,OK
695,8.2,L 204,35,OK
696,9,B 102,35,OK
697,8.5,ZC 1044,35,OK
698,9,L 205,35,OK
699,8.5,,35,OK
700,7,L 208,35,OK
701,8,L (248),35,OK
702,6.2,ZC 1049,35,OK
703,8.2,L 207,35,OK
704,5.8,ZC 1052,35,OK
705,8.5,L 203,35,OK
706,8,ZC 1059,35,OK
707,8.5,OA 408,35,OK
708,9.5,ZC 1063,35,OK
709,9,L 210,35,OK
710,9.5,ZC 1065,35,OK
711,6.5,L 221,35,OK
712,8.5,ZC 1065,35,OK
713,6.9,OA 417,35,OK
714,7.7,L 215,35,OK
715,7,ZC 1074,35,OK
716,8,ZC 1076,35,OK
717,8.5,L 213,35,OK
718,7.7,ZC 1079,35,OK
719,8,L 214,35,OK
720,7.7,B 104,35,OK
721,9.2,OA 419,35,OK
722,9.2,ZC 1090,35,OK
723,8.5,OA 422,35,OK
724,9,Ll 1294,35,OK
725,6.1,Ll 1293,35,OK
726,8.5,,35,OK
727,8.5,L 216,36,OK
728,9,ZC 1098,36,OK
729,6.8,L 217,36,OK
730,8.5,B 105,36,OK
731,5.8,L 218,36,OK
732,7.2,L 219,36,OK
733,9.5,ZC 1108,36,OK
734,8.7,OA 429,36,MISMATCH_REF_9.2
735,8.2,ZC 1115,36,OK
736,8.5,L 220,36,OK
737,6.5,,36,OK
738,9.7,OA 435,36,OK
739,8.2,OA 438,36,OK
740,8.5,L (222),36,OK
741,7.2,L (227),36,OK
742,7.5,L 223,36,OK
743,6.1,ZC 1130,36,OK
744,8.2,L 226,36,OK
745,6.6,Ll 1349,36,OK
746,5.9,L 225,36,OK
747,7.5,Ll 1353,36,OK
748,7.2,L 224,36,OK
749,6.5,Ll 1360,36,OK
750,8,Melb I 56,36,OK
751,8.7,Ll 1362,36,MISMATCH_REF_8.2
752,7.5,ZC 1146,36,MISMATCH_REF_7.7
753,7.5,Melb I 57,36,OK
754,9,,36,OK
755,8.5,OA 451,36,MISMATCH_REF_8.2
756,8.5,OA 452,36,OK
757,5.5,L 229,36,OK
758,8,L 231,36,OK
759,6.7,L 230,36,OK
760,8,OA 455,36,OK
761,9,,36,OK
762,5.6,,36,OK
763,7.7,L 232,37,MISMATCH_REF_7.2
764,9,OA 458,37,OK
765,7.2,Ll 1405,37,OK
766,8.7,ZC 1173,37,OK
767,8.7,ZC 1175,37,OK
768,8.2,B 110,37,OK
769,5.6,Ll 1421,37,OK
770,6.9,Ll 1424,37,OK
771,7,B 111,37,OK
772,8.7,OA 464,37,OK
773,9.7,L 234,37,OK
774,8,ZC 1191,37,OK
775,6.9,OA 468,37,OK
776,9,ZC 1199,37,OK
777,8,ZC 1201,37,OK
778,9.5,L 236,37,OK
779,8.7,ZC 1206,37,OK
780,6.9,L 293,37,OK
781,8.2,,37,OK
782,7.5,OA 474,37,OK
783,9.5,L 237,37,OK
784,8.7,ZC 1208,37,OK
785,7.7,OA 475,37,OK
786,9,L 244,37,OK
787,8.5,L 240,37,OK
788,6.8,,37,OK
789,8,L 238,37,OK
790,9,F 20,37,OK
791,5.7,L 239,37,OK
792,5.2,ZC 1222,37,OK
793,6.8,OA 484,37,OK
794,8.7,ZC 1224,37,OK
795,9,L 243,37,OK
796,9.5,ZC 1225,37,OK
797,7.2,L 241,37,OK
798,9.5,,37,OK
799,6.7,ZC 1227,37,OK
800,8.5,ZC 1228,37,OK
801,8.7,ZC 1229,37,OK
802,9,ZC 1230,37,OK
803,8.5,Ll 1499,37,OK
804,9,L 246,37,OK
805,6.5,,37,OK
806,7.0,,37,OK
807,8,P 219,38,OK
808,8.5,ZC 1237,38,OK
809,8.5,ZC 1238,38,OK
810,6.5,,38,OK
811,7.7,,38,OK
812,8.5,L 247,38,OK
813,7.7,ZC 1247,38,OK
814,8.7,OA 495,38,OK
815,8.5,,38,OK
816,8,F 21,38,OK
817,8.7,ZC 1257,38,OK
818,6.2,L 245,38,OK
819,9.5,,38,OK
820,8,,38,OK
821,9,ZC 1260,38,OK
822,6.7,UA 77,38,OK
823,8.7,L 249,38,OK
824,7.5,L 253,38,OK
825,6.0,ZC 1268,38,OK
826,9,ZC 1269,38,OK
827,9.5,ZC 1270,38,OK
828,8.7,OA 502,38,OK
829,8,ZC 1272,38,OK
830,8.2,L 251,38,OK
831,7.5,L 254,38,OK
832,7,L 261,38,OK
833,7.7,ZC 1278,38,OK
834,9.2,ZC 1280,38,OK
835,7.7,L 252,38,OK
836,7.3,ZC 1282,38,OK
837,9,Ll 1572,38,OK
838,8,Melb I 62,38,OK
839,8.7,Ll 1575,38,OK
840,6.0,ZC 1283,38,OK
841,8.2,ZC 1284,38,OK
842,9,B 120,38,OK
843,8.7,L 255,38,MISMATCH_REF_8.2
844,6.8,OA 512,38,OK
845,9,,38,OK
846,9.7,L 258,38,OK
847,8.5,,38,OK
848,9.2,,38,OK
849,9.2,ZC 1293,38,OK
850,9.7,ZC 1294,38,OK
851,7,Ll 1594,38,MISMATCH_REF_5.7
852,7,L 256,38,OK
853,9.7,,38,OK
854,6.3,,38,OK
855,9.5,,38,OK
856,9.7,ZC 1297,38,OK
857,9.2,Y 487,38,OK
858,8.7,ZC 1302,38,OK
859,8.7,,38,MISMATCH_REF_8.2
860,5.5,L 229,39,OK
861,6.9,L 259,39,OK
862,9,ZC 1307,39,OK
863,6.9,Ll 1617,39,OK
864,8.7,ZC 1308,39,OK
865,8,OA 520,39,OK
866,8,L 263,39,OK
867,7.2,L 257,39,OK
868,9.2,ZC 1315,39,OK
869,6.6,L 267,39,OK
870,8.7,ZC 1318,39,OK
871,9,ZC 1320,39,OK
872,9.5,OA 528,39,OK
873,9,ZC 1324,39,OK
874,8.7,ZC 1325,39,MISMATCH_REF_8.2
875,7.2,L 264,39,OK
876,9.5,Melb I 63,39,OK
877,8.7,ZC 1329,39,OK
878,9,OA 529,39,OK
879,9,ZC 1331,39,OK
880,9.7,,39,OK
881,7,OA 531,39,OK
882,6.8,Ll 1643,39,OK
883,8,ZC 1337,39,OK
884,8.2,ZC 1339,39,OK
885,8.7,ZC 1340,39,OK
886,8.7,OA 536,39,OK
887,8.2,ZC 1342,39,OK
888,8.5,Ll 1662,39,OK
889,7.7,Ll 1662,39,OK
890,7.7,B (124),39,OK
891,neb.,ZC 1345,39,OK
892,9.2,L 265,39,OK
893,7.7,B 126,39,OK
894,9,Ll 1672,39,OK
895,7.0,OA 542,39,OK
896,8.2,ZC 1352,39,OK
897,8.5,ZC 1353,39,OK
898,8.5,Ll 1681,39,OK
899,6.7,L 268,39,OK
900,5.9,ZC 1360,39,OK
901,9,ZC 1361,39,OK
902,4.2,ZC 1363,39,OK
903,9,ZC 1366,39,OK
904,9,ZC 1370,39,OK
905,8.7,L 272,39,OK
906,8.2,ZC 1372,39,OK
907,9,L 271,39,OK
908,7.2,L 270,39,OK
909,8.7,ZC 1376,39,OK
910,6.3,ZC 1379,39,OK
911,7.2,ZC 1381,39,OK
912,9,ZC 1383,39,OK
913,8.2,L 269,39,OK
914,9.2,ZC 1387,39,OK
915,8.7,ZC 1388,39,OK
916,7.2,,39,OK
917,9,,39,OK
918,8,,39,OK
919,8,OA 554,40,OK
920,7.5,L 281,40,OK
921,9,ZC 1394,40,OK
922,8,ZC 1396,40,OK
923,8.5,ZC 1397,40,MISMATCH_REF_9.7
924,9.5,ZC 1398,40,OK
925,9.5,ZC 1400,40,OK
926,7.5,L 273,40,OK
927,7.0,Ll 1741,40,OK
928,8,OA 569,40,OK
929,8.5,ZC 1405,40,OK
930,8.2,OA 571,40,OK
931,7.2,L 275,40,OK
932,8.7,OA 572,40,OK
933,6.9,L 274,40,OK
934,10,B 131 neb,40,OK
935,8,L 279,40,OK
936,7.7,L 278,40,OK
937,7,Melb I 65,40,OK
938,8.5,ZC 1423,40,OK
939,8.2,L 276,40,OK
940,7.6,Ll 1787,40,OK
941,6.8,ZC 1426,40,OK
942,9,ZC 1427,40,OK
943,5.6,OA 582,40,OK
944,9,ZC 1435,40,OK
945,8.2,,40,OK
946,8,,40,OK
947,6.6,L 280,40,OK
948,8,L 295,40,OK
949,8.2,,40,OK
950,6.9,L 285,40,OK
951,8.5,ZC 1446,40,OK
952,8.2,L 283,40,OK
953,5.6,L 284,40,OK
954,8,,40,OK
955,8.5,ZC 1459,40,OK
956,9,ZC 1460,40,OK
957,8.7,ZC 1461,40,MISMATCH_REF_8.2
958,5.8,F 25,40,OK
959,6.3,L 288,40,OK
960,8,L (292) B 139,40,OK
961,7.7,L 286,40,OK
962,8.5,ZC 1473,40,OK
963,8.7,OA 592,40,OK
964,8,ZC 1476,40,OK
965,5.9,L 289,41,OK
966,8.5,OA 595,41,OK
967,8.2,OA 596,41,OK
968,6.5,L 287,41,OK
969,8,L 299,41,OK
970,7,L 290,41,OK
971,8.5,ZC 1487,41,OK
972,7.0,L 291,41,OK
973,7.7,Melb I 70,41,OK
974,8.5,ZC 1490,41,OK
975,9,ZC 1492,41,OK
976,9,ZC 1493,41,OK
977,9,ZC 1494,41,OK
978,6.7,L 298,41,OK
979,8.7,ZC 1498,41,OK
980,10,L 294,41,OK
981,7.0,L 297,41,OK
982,7.5,L 297,41,OK
983,7.5,UA 83 a,41,OK
984,7,ZC 1510,41,OK
985,8.7,ZC 1514,41,OK
986,8.5,L 296,41,OK
987,6.5,OA 609,41,OK
988,8,OA 611,41,OK
989,8.5,R 43,41,OK
990,7,ZC 1523,41,OK
991,9,ZC 1524,41,OK
992,8,B (143),41,OK
993,8.5,L 306,41,OK
994,neb.,L 308,41,OK
995,8.7,ZC 1526,41,OK
996,9.5,ZC 1527,41,OK
997,7.5,L 300,41,OK
998,6.5,F 27,41,OK
999,9.5,ZC 1533,41,OK
1000,8,OA 613,41,OK
1001,8,L 301,41,OK
1002,7.5,L 313,41,OK
1003,7.0,L (302),41,OK
1004,8.5,OA 617,41,OK
1005,7.7,ZC 1539,41,OK
1006,8.7,OA 620,41,OK
1007,9,ZC 1541,41,OK
1008,8.7,OA 621,41,OK
1009,5.7,F 28,41,OK
1010,8.5,OA 622,41,OK
1011,7.5,WB 1037,41,OK
1012,8.5,ZC 1546,41,OK
1013,8.5,OA 623,41,OK
1014,8.5,ZC 2,41,OK
1015,8.2,ZC 1,41,OK
1016,9.5,ZC 4,41,OK
1017,6.3,L 303,41,OK
1018,8.2,ZC 5,41,OK
1019,7.5,Ll 1946,41,OK
1020,8.7,ZC 6,42,OK
1021,8.5,B 146,42,OK
1022,8.7,ZC 10,42,OK
1023,7.5,L 304,42,OK
1024,3.3,L 305,42,OK
1025,7.0,L (309),42,MISMATCH_REF_6.5
1026,7.0,Melb I 73,42,OK
1027,7.7,ZC 24,42,MISMATCH_REF_9.0
1028,7.5,Ll 1965,42,OK
1029,8.5,Ll 1965,42,OK
1030,7.5,OA 632,42,OK
1031,8.7,ZC 25,42,OK
1032,8,ZC 27,42,OK
1033,8.5,L 314,42,OK
1034,7,ZC 30,42,OK
1035,7.5,L 320,42,OK
1036,8.7,OA 636,42,MISMATCH_REF_8.2
1037,8,L 310,42,OK
1038,6.4,ZC 33,42,OK
1039,9,ZC 34,42,OK
1040,8.7,ZC 35,42,OK
1041,8.7,L 315,42,OK
1042,7.5,B 150,42,OK
1043,8,F 30,42,OK
1044,5.8,OA 641,42,OK
1045,8.7,R 45,42,MISMATCH_REF_8.2
1046,8.5,ZC 49,42,OK
1047,8.7,L 311,42,OK
1048,7.0,OA 647,42,OK
1049,8.5,ZC 53,42,OK
1050,8.5,ZC 55,42,OK
1051,8.7,Ll 2013,42,OK
1052,5.4,L 322,42,OK
1053,8,ZC 59,42,OK
1054,8.5,,42,OK
1055,8.5,OA 651,42,OK
1056,3.5,ZC 64,42,OK
1057,5.6,ZC 67,42,OK
1058,9.5,ZC 69,42,OK
1059,8.7,L 324,42,MISMATCH_REF_8.2
1060,9,ZC 75,42,OK
1061,8.5,L 317,42,OK
1062,9,OA 656,42,OK
1063,8.2,,42,MISMATCH_REF_8.0
1064,9,,42,OK
1065,7,B 157,42,OK
1066,8.7,,42,OK
1067,8,,42,OK
1068,7.7,,42,OK
1069,4.2,,42,OK
1070,8.5,ZC 83,42,OK
1071,9,ZC 86,43,OK
1072,8.5,ZC 88,43,OK
1073,9.7,ZC 92,43,MISMATCH_REF_9.2
1074,9.7,ZC 91,43,OK
1075,8.5,L 342,43,OK
1076,9,ZC 94,43,OK
1077,9,ZC 98,43,OK
1078,8.7,F 32,43,OK
1079,6.5,ZC 101,43,OK
1080,8.2,ZC 104,43,OK
1081,7.7,L (319),43,OK
1082,9.2,ZC 106,43,OK
1083,6.8,L 321,43,OK
1084,8.2,ZC 109,43,OK
1085,9,B 161,43,OK
1086,8.5,L 330,43,OK
1087,9,ZC 116,43,OK
1088,9,ZC 115,43,OK
1089,8.5,B (159),43,OK
1090,7.5,Melb I 81,43,OK
1091,8.5,ZC 122,43,OK
1092,8.7,B 164,43,OK
1093,8.5,ZC 124,43,OK
1094,9,ZC 125,43,OK
1095,9.7,ZC 126,43,OK
1096,8.5,ZC 127,43,OK
1097,6.6,L 323,43,OK
1098,8.5,ZC 129,43,OK
1099,8,ZC 130,43,OK
1100,6.8,L 325,43,OK
1101,8.7,ZC 132,43,OK
1102,8,R 50,43,OK
1103,9,ZC 137,43,OK
1104,6.1,F 34,43,OK
1105,8.5,OA 675,43,OK
1106,9.5,ZC 141,43,OK
1107,8.5,ZC 142,43,OK
1108,9.2,ZC 149,43,OK
1109,8.2,ZC 150,43,OK
1110,8,L 350,43,OK
1111,9,ZC 152,43,OK
1112,9.2,,43,OK
1113,9.5,L 360,43,OK
1114,7.5,,43,OK
1115,9,ZC 155,43,OK
1116,8,OA 683,43,OK
1117,8.7,ZC 158,43,OK
1118,8.5,ZC 159,43,OK
1119,8.5,ZC 160,43,OK
1120,8.7,ZC 162,43,OK
1121,6.7,L 332,43,OK
1122,9,ZC 163,43,OK
1123,6.6,L 326,43,OK
1124,6.9,F 36,43,OK
1125,8.5,ZC 168,43,OK
1126,7.7,OA 689,43,OK
1127,9.2,ZC 174,43,OK
1128,9,ZC 175,43,OK
1129,8.7,ZC 176,43,OK
1130,8.2,ZC 177,43,OK
1131,10,G 35,43,OK
1132,6.9,L 327,44,OK
1133,6.1,L 328,44,OK
1134,7.7,L 329,44,OK
1135,9.5,L 343,44,OK
1136,8.2,,44,OK
1137,9.5,B 170,44,OK
1138,8.5,ZC 195,44,OK
1139,9.5,ZC 196,44,OK
1140,8.7,ZC 197,44,OK
1141,9.2,Ll 2204,44,OK
1142,8.5,L 331,44,OK
1143,7.7,,44,MISMATCH_REF_7.2
1144,7.0,Ll 2209,44,OK
1144,7.0,ZC 202,44,OK
1144,7.0,Melb I 85,44,OK
1145,8,ZC 204,44,OK
1146,8.7,Ll 2215,44,MISMATCH_REF_8.2
1147,9.2,,44,OK
1148,8,F 37,44,OK
1149,5.3,ZC 206,44,OK
1150,8.5,ZC 209,44,OK
1151,10.5,OA 704,44,OK
1152,8.7,L 334,44,OK
1153,9,ZC 214,44,OK
1154,7.7,F 38,44,OK
1155,8,Ll 2235,44,OK
1155,8,L 333,44,OK
1156,5.8,ZC 223,44,OK
1157,8.7,OA 708,44,MISMATCH_REF_8.2
1158,8,L 345,44,OK
1158,8,ZC 225,44,OK
1159,8.7,ZC 226,44,OK
1160,8,ZC 227,44,OK
1161,7.5,L 335,44,OK
1162,8.5,ZC 232,44,OK
1163,9,ZC 233,44,OK
1164,7.7,L 336,44,OK
1165,8.7,Ll 2265,44,OK
1166,9.2,ZC 237,44,OK
1167,7.5,L (349),44,OK
1168,9,OA 716,44,OK
1169,7.7,OA 717,44,OK
1170,8.5,,44,OK
1171,8.5,,44,OK
1172,9.2,,44,OK
1173,8.5,,44,OK
1174,5.3,ZC 244,44,OK
1174,5.3,ZC 245,44,OK
1174,5.3,L 340,44,OK
1175,8.7,ZC 247,44,OK
1176,7.5,ZC 248,44,OK
1176,7.5,B 175,44,OK
1177,9,L 341,44,OK
1178,8.5,L 338,44,OK
1179,9.2,,44,OK
1180,7,,44,OK
1181,7.2,,44,OK
1182,9,ZC 252,44,OK
1183,8.5,OA 720,44,OK
1184,9,ZC 255,45,OK
1185,9,ZC 254,45,OK
1186,8.2,ZC 258,45,OK
1187,5.5,F 39,45,OK
1188,7.7,L 339,45,OK
1189,8.5,ZC 265,45,OK
1190,8.7,ZC 266,45,OK
1191,8.5,ZC 267,45,OK
1192,8.2,L 346,45,OK
1193,6.9,F 40,45,OK
1194,6.7,L 344,45,OK
1195,8,ZC 273,45,OK
1196,8.2,ZC 276,45,OK
1197,7.3,L 353,45,OK
1198,8.5,L 348,45,OK
1199,8.5,ZC 279,45,OK
1200,7.7,ZC 280,45,OK
1201,9.5,ZC 282,45,OK
1202,9.7,OA 730,45,OK
1203,9,OA 730,45,OK
1204,7.7,L (347),45,OK
1205,8.7,ZC 287,45,OK
1206,8.2,ZC 286,45,OK
1207,9.5,ZC 289,45,OK
1208,7.1,L 351,45,OK
1209,7.0,F 41,45,OK
1210,5.5,ZC 292,45,OK
1211,8.5,L 352,45,OK
1212,7,ZC 302,45,OK
1213,7.7,ZC 303,45,MISMATCH_REF_7.2
1214,8.2,ZC 304,45,OK
1215,9.2,,45,OK
1216,8.5,L 359,45,OK
1217,6.9,OA 745,45,OK
1218,9,ZC 309,45,OK
1219,9,ZC 308,45,OK
1220,7.7,ZC 310,45,OK
1221,7.5,ZC 311,45,OK
1222,9.2,OA 746,45,OK
1223,8,ZC 317,45,OK
1224,7.5,L 355,45,OK
1225,7.2,L 354,45,OK
1226,7.0,ZC 319,45,OK
1227,8.5,ZC 320,45,OK
1228,8.5,ZC 323,45,OK
1229,9,OA 752,45,OK
1230,8,L 361,45,OK
1231,6.5,L 357,45,OK
1232,8.5,ZC 334,45,MISMATCH_REF_7.5
1233,8.5,,45,OK
1234,9.2,ZC 338,45,OK
1235,8.5,ZC 342,45,OK
1236,9.5,L 363,45,OK
1237,7.1,,45,OK
1238,6.9,L 358,46,OK
1239,8.7,ZC 347,46,OK
1240,8.7,OA 758,46,OK
1241,6.1,F 42,46,OK
1242,8.5,OA 759,46,OK
1243,9.5,ZC 350,46,OK
1244,8,ZC 351,46,OK
1245,8,L 366,46,OK
1246,9,ZC 353,46,OK
1247,8.5,ZC 354,46,OK
1248,8.2,ZC 356,46,OK
1249,9.5,Ll 2408,46,OK
1250,6.7,Ll 2416,46,OK
1251,6.7,,46,OK
1252,8.5,OA 763,46,OK
1253,8.5,ZC 362,46,OK
1254,7.7,ZC 364,46,OK
1255,8.5,ZC 370,46,OK
1256,7.7,L 365,46,OK
1257,7.5,Ll 2424,46,OK
1258,6.4,Ll 2426,46,OK
1259,6.3,B 183,46,OK
1260,8.5,ZC 373,46,OK
1261,8.7,L 362,46,OK
1262,7,Ll 2436,46,OK
1263,7,OA 774,46,OK
1264,8.5,,46,OK
1265,7,L 364,46,OK
1266,9,ZC 383,46,OK
1267,9,ZC 385,46,OK
1268,8,OA 776,46,OK
1269,8.7,ZC 387,46,OK
1270,7.7,ZC 390,46,OK
1271,9,B (184),46,OK
1272,9.7,Ll 2441,46,OK
1273,6.6,L 368,46,OK
1274,7,L 380,46,OK
1275,7.7,L 367,46,OK
1276,6.6,ZC 395,46,MISMATCH_REF_8.0
1277,8.5,ZC 397,46,OK
1278,8.5,Melb I 89,46,OK
1279,7.5,L 369,46,OK
1280,6.8,OA 781,46,OK
1281,8.5,ZC 401,46,OK
1282,9,ZC 404,46,OK
1283,9,ZC 405,46,OK
1284,8.7,OA 784,46,OK
1285,8.2,L 383,46,OK
1286,7.2,L (370),46,OK
1287,6.9,ZC 412,46,OK
1288,8.5,ZC 416,46,OK
1289,7.5,,46,OK
1290,7,L 372,47,OK
1291,7,L 371,47,OK
1292,8.2,ZC 419,47,OK
1293,6.4,L 374,47,OK
1294,6.7,F 43,47,OK
1295,8.7,B 189,47,OK
1296,8.7,ZC 421,47,OK
1297,9.2,B 191,47,OK
1298,8.5,ZC 423,47,OK
1299,6.5,Ll 2498,47,OK
1300,8.7,,47,OK
1301,6.6,L 373,47,OK
1302,7.2,L 377,47,OK
1303,7.7,L 397,47,OK
1304,7.7,L 420,47,OK
1305,7.7,L (379),47,OK
1306,8,L 398,47,OK
1307,6.8,L 378,47,OK
1308,8.2,L 375,47,OK
1309,7.5,L 393,47,OK
1310,6.6,L 376,47,OK
1311,8.7,ZC 443,47,OK
1312,7.5,L 389,47,OK
1313,8.7,ZC 445,47,OK
1314,7.4,L 382,47,OK
1315,9.5,ZC 447,47,OK
1316,8,ZC 449,47,OK
1317,6.7,L (385),47,OK
1318,8.7,ZC 451,47,OK
1319,9.2,ZC 452,47,OK
1320,6.5,L 381,47,OK
1321,8.5,,47,OK
1322,6.9,L 391,47,OK
1323,6.1,L 384,47,OK
1324,7.7,ZC 456,47,OK
1325,7,F 44,47,OK
1326,var.,,47,OK
1327,8.2,ZC 461,48,OK
1328,8.5,B 198,48,OK
1329,8,,48,OK
1330,5.9,WB 271,48,OK
1331,7.7,L 387,48,OK
1332,7,L 388,48,OK
1333,7.2,L 399,48,OK
1334,6.9,L 386,48,OK
1335,8.2,B 197,48,OK
1336,6.4,Ll 2574,48,OK
1337,8.5,ZC 478,48,OK
1338,8.2,OA 818,48,OK
1339,6.4,Ll 2581,48,OK
1340,9,ZC 481,48,OK
1341,9.5,Ll 2582,48,OK
1342,6.5,L 401,48,OK
1343,7.5,L (390),48,OK
1344,6.6,L 392,48,OK
1345,5.8,L 394,48,OK
1346,8,L 395,48,OK
1347,6.4,ZC 496,48,OK
1348,8,F 46,48,OK
1349,5.1,ZC 504,48,OK
1350,8.5,Ll 2598,48,OK
1351,var.,OA 827,48,OK
1352,8.5,OA 830,48,OK
1353,8.7,OA 831,48,OK
1354,8.7,Ll 2606,48,OK
1355,7.5,B (202),48,OK
1356,8.5,ZC 512,48,OK
1357,8.5,L 396,48,OK
1358,8,ZC 514,48,OK
1359,9,ZC 516,48,OK
1360,8.7,Ll 2614,48,OK
1361,6.6,Ll 2628,48,OK
1362,7.7,ZC 522,48,OK
1363,9,ZC 524,48,OK
1364,9.2,L 405,48,OK
1365,7.2,L 402,48,OK
1366,9.2,L 417,48,OK
1367,7.2,L 400,48,OK
1368,8.5,,48,OK
1369,7.5,,48,OK
1370,5.5,F 47,49,OK
1371,9,B 206,49,OK
1372,8,L 421,49,OK
1373,6.3,L 409,49,OK
1374,8.7,OA 838,49,OK
1375,8.5,L 429,49,OK
1376,8,ZC 543,49,OK
1377,var.,Ll 2662,49,OK
1378,6.7,L 404,49,OK
1379,7,Ll 2671,49,OK
1380,10,L 403,49,OK
1381,6.9,L 406,49,OK
1382,6.6,,49,OK
1383,6.8,ZC 551,49,OK
1384,8.7,Ll 2675,49,OK
1385,6.2,Ll 2666,49,OK
1386,9,Ll (2670),49,OK
1387,6.8,L 411,49,OK
1388,8,L 413,49,OK
1389,7.2,Ll 2686,49,OK
1390,8.5,L 407,49,OK
1391,6.7,Ll 2692,49,OK
1392,8,B 208,49,OK
1393,7.7,ZC 567,49,OK
1394,8.5,L 412,49,OK
1395,7.1,L 408,49,OK
1396,7.5,ZC 570,49,OK
1397,8.7,L 410,49,OK
1398,8,ZC 572,49,OK
1399,8.5,L 415,49,OK
1400,7.5,ZC 574,49,OK
1401,8.7,ZC 576,49,MISMATCH_REF_8.2
1402,8.5,ZC 579,49,OK
1403,8.5,ZC 580,49,OK
1404,9.5,L 414,49,OK
1405,7.6,ZC 587,49,OK
1406,9,OA 860,49,OK
1407,8.5,L 416,49,OK
1408,6.9,Ll 2722,49,OK
1409,6.5,,49,OK
1410,8.5,R 63,50,OK
1411,3.4,,50,OK
1412,8,ZC 596,50,OK
1413,8.7,L 418,50,OK
1414,6.7,L 424,50,OK
1415,7,ZC 509,50,OK
1416,8.7,L 422,50,OK
1417,7.2,WB 371,50,OK
1418,6.9,B 211,50,OK
1419,9,Ll 2739,50,OK
1420,7.7,F 48,50,OK
1421,5.3,ZC 607,50,OK
1422,8.7,ZC 609,50,OK
1423,8.7,ZC 610,50,OK
1424,8.7,L 425,50,OK
1425,6.6,OA 872,50,OK
1426,8.5,,50,OK
1427,9.2,ZC 613,50,OK
1428,8,Ll 2753,50,OK
1429,8.5,ZC 618,50,OK
1430,6.6,L 428,50,OK
1431,8.2,ZC 624,50,OK
1432,7.6,L 443,50,OK
1433,8,OA 879,50,OK
1434,8.7,ZC 630,50,OK
1435,6.2,L 427,50,OK
1436,7.5,L 430,50,OK
1437,9,ZC 636,50,OK
1438,8.7,OA 882,50,MISMATCH_REF_8.2
1439,8,L 432,50,OK
1440,7,L 461,50,OK
1441,7,Ll 2766,50,OK
1442,8.7,ZC 643,50,OK
1443,7.7,ZC 647,50,OK
1444,9,OA 887,50,OK
1445,8.7,ZC 652,50,OK
1446,7.7,L 431,50,OK
1447,7.2,L 455,50,OK
1448,7.1,L 434,50,OK
1449,9,B 218,50,OK
1450,8.5,ZC 664,50,OK
1451,8.7,OA 892,50,OK
1452,6.9,Ll 2787,50,OK
1453,8.5,ZC 668,50,OK
1454,6.5,Ll 2791,50,OK
1455,9.5,ZC 670,50,OK
1456,7.5,Ll 2799,50,OK
1457,6.8,B 214,50,OK
1458,8.2,ZC 672,50,OK
1459,7,Ll 2798,51,OK
1460,8.2,ZC 677,51,OK
1461,6.0,B 215,51,OK
1462,8,L 435,51,MISMATCH_REF_4.0
1463,7.5,ZC 682,51,OK
1464,9.2,B 217,51,OK
1465,7,,51,OK
1466,8,L 439,51,OK
1467,7.0,L 436,51,OK
1468,8.5,ZC 688,51,OK
1469,6.3,L 442,51,OK
1470,9,OA 905,51,OK
1471,9.5,ZC 691,51,OK
1472,9.2,ZC 692,51,OK
1473,7.7,L 438,51,OK
1474,7.7,UA 10,51,OK
1475,9.2,ZC 695,51,OK
1476,9.5,ZC 696,51,OK
1477,7.5,,51,OK
1478,8,L 446,51,OK
1479,9.2,ZC 699,51,OK
1480,8.5,ZC 701,51,OK
1481,8,L 441,51,OK
1482,6.5,Ll 2834,51,OK
1483,8.5,L 448,51,OK
1484,8,ZC 707,51,OK
1485,8.5,ZC 708,51,OK
1486,7.2,L 471,51,OK
1487,7.2,Ll 2842,51,OK
1488,7.0,UA 10,51,OK
1489,8.5,ZC 711,51,OK
1490,9.5,ZC 712,51,OK
1491,7.5,L 454,51,OK
1492,7.0,L 444,51,OK
1493,5.8,L 447,51,OK
1494,8.2,OA 917,51,OK
1495,7.2,L 449,51,OK
1496,8.2,B 223,51,OK
1497,5.9,Ll 2848,51,OK
1498,8.7,ZC 725,51,OK
1499,6.4,L 450,51,OK
1500,9,ZC 727,51,OK
1501,9,ZC 728,51,OK
1502,8.2,OA 919,51,OK
1503,9.5,ZC 732,51,OK
1504,8.5,ZC 738,52,OK
1505,8,ZC 739,52,OK
1506,8.7,ZC 740,52,MISMATCH_REF_8.0
1507,8.2,ZC 741,52,OK
1508,8.5,OA 925,52,OK
1509,8.7,ZC 744,52,OK
1510,7.5,L 451,52,OK
1511,9,ZC 750,52,OK
1512,8.7,OA 926,52,OK
1513,9,L 452,52,OK
1514,5.7,F 49,52,MISMATCH_REF_8.2
1515,6.5,Ll (2897),52,MISMATCH_REF_5.7
1516,8.5,ZC 755,52,MISMATCH_REF_6.5
1517,7,L 453,52,MISMATCH_REF_8.5
1518,8.5,ZC 761,52,MISMATCH_REF_7.0
1519,8,ZC 762,52,MISMATCH_REF_8.5
1520,8,ZC 763,52,OK
1521,9.2,ZC 765,52,MISMATCH_REF_8.0
1522,6.7,L 456,52,MISMATCH_REF_9.2
1523,8.7,ZC 768,52,MISMATCH_REF_6.7
1524,7.0,L 460,52,MISMATCH_REF_8.7
1525,7.5,L 459,52,MISMATCH_REF_7.0
1526,6.4,L 457,52,MISMATCH_REF_7.5
1527,8,Y 745,52,MISMATCH_REF_6.4
1528,8,L 458,52,OK
1529,7.5,Ll 2926,52,MISMATCH_REF_8.0
1530,8.7,OA 938,52,MISMATCH_REF_7.5
1531,8.7,ZC 777,52,MISMATCH_REF_8.2
1532,8.5,ZC 778,52,OK
1533,8.7,ZC 779,52,MISMATCH_REF_8.5
1534,8.2,ZC 780,52,MISMATCH_REF_8.7
1535,6.3,L 464,52,MISMATCH_REF_8.2
1536,7.7,L 463,52,MISMATCH_REF_6.3
1537,6.8,L 467,52,MISMATCH_REF_7.7
1538,9.7,ZC 788,52,MISMATCH_REF_6.8
1539,5.5,F 50,52,MISMATCH_REF_9.7
1540,9,ZC 790,52,MISMATCH_REF_5.5
1541,9.7,ZC 793,52,MISMATCH_REF_9.0
1542,8,B 230,52,MISMATCH_REF_9.7
1543,8.2,OA 950,52,MISMATCH_REF_8.0
1544,8.7,L 465,52,MISMATCH_REF_8.2
1545,7.5,ZC 806,52,MISMATCH_REF_8.7
1546,6.5,ZC 809,52,OK
1547,6.6,L 468,52,MISMATCH_REF_7.5
1548,7.7,ZC 811,52,MISMATCH_REF_6.6
1549,8.5,ZC 812,52,MISMATCH_REF_7.7
1550,6.0,L 491,52,MISMATCH_REF_8.5
1551,8.7,ZC 815,52,MISMATCH_REF_6.0
1552,9.2,L 469,52,MISMATCH_REF_8.7
1553,7.5,Ll 2983,52,MISMATCH_REF_9.2
1554,8.5,,52,MISMATCH_REF_7.5
1555,7.7,,52,MISMATCH_REF_8.5
1556,8,,52,MISMATCH_REF_7.7
1557,8,,52,OK
1558,8,ZC 819,53,OK
1559,7,L 470,53,OK
1560,9,ZC 824,53,OK
1561,7,L 466,53,OK
1562,8.7,ZC 827,53,OK
1563,9.5,,53,OK
1564,8.5,P 134,53,OK
1565,8.5,ZC 829,53,OK
1566,8.5,OA 963,53,OK
1567,8,L 474,53,OK
1568,8,ZC 832,53,OK
1569,6.2,Ll 2999,53,OK
1570,9.7,,53,OK
1571,10.7,,53,MISMATCH_REF_10.2
1572,6.6,Ll 3005,53,OK
1573,9.2,ZC 838,53,OK
1574,9.2,ZC 840,53,OK
1575,6.9,L 473,53,OK
1576,8.7,ZC 842,53,OK
1577,8.7,ZC 845,53,MISMATCH_REF_8.2
1578,8.7,OA 967,53,OK
1579,7.2,L 472,53,OK
1580,6.2,L 479,53,OK
1581,8.7,ZC 856,53,OK
1582,9.5,ZC 861,53,OK
1583,7.7,ZC 862,53,OK
1584,9,ZC 866,53,OK
1585,7,L 478,53,OK
1586,6.3,C L 5,53,OK
1587,9,ZC 869,53,OK
1588,5.7,Ll 3047,53,OK
1589,8.7,ZC 870,53,OK
1590,6.2,L 476,53,OK
1591,7.2,L 477,53,OK
1592,9,ZC 876,53,OK
1593,6.6,L 475,53,OK
1594,1,,53,OK
1595,9,OA 977,53,OK
1596,6.7,L 481,53,OK
1597,7.1,L 510,53,OK
1598,8,OA 984,53,OK
1599,9,ZC 885,53,OK
1600,8.7,L 483,53,OK
1601,7.2,L 480,53,OK
1602,6.9,L 487,53,OK
1603,7.5,ZC 891,53,OK
1604,9,L 482,53,OK
1605,6.6,,53,OK
1606,7,L 489,54,OK
1607,7.5,,54,OK
1608,7.7,Ll 3086,54,OK
1609,9.5,ZC 899,54,OK
1610,7.5,L 486,54,OK
1611,9,ZC 901,54,OK
1612,8,ZC 902,54,OK
1613,7.5,L 485,54,OK
1614,9.2,ZC 904,54,OK
1615,9.2,ZC 905,54,OK
1616,7.5,L 497,54,OK
1617,8.5,ZC 909,54,OK
1618,8.2,ZC 910,54,OK
1619,6.8,Ll 3091,54,OK
1620,7.1,B 241,54,OK
1621,8.5,ZC 913,54,OK
1622,9,ZC 914,54,OK
1623,7.7,L 488,54,OK
1624,8.7,ZC 916,54,OK
1625,7.2,L 499,54,OK
1626,9,OA 999,54,OK
1627,8.5,ZC 919,54,OK
1628,8.2,ZC 920,54,OK
1629,9.2,OA 1002,54,MISMATCH_REF_9.7
1630,9.2,UA 118,54,OK
1631,7.3,L 490,54,OK
1632,7.2,,54,OK
1633,6.2,,54,OK
1634,6.2,L 494,54,OK
1635,7,ZC 929,54,OK
1636,8.5,ZC 930,54,OK
1637,10,P 153,54,OK
1638,8.7,ZC 932,54,OK
1639,8,ZC 933,54,OK
1640,9,L 492,54,OK
1641,8.7,Ll 3137,54,OK
1642,7,ZC 939,54,OK
1643,5.8,ZC 940,54,OK
1644,8.5,ZC 941,54,OK
1645,9.5,ZC 942,54,MISMATCH_REF_8.5
1646,8.2,L 496,54,MISMATCH_REF_9.2
1647,8.5,OA 1011,54,OK
1648,6.4,ZC 946,54,OK
1649,8.5,L 503,54,OK
1650,8.7,ZC 948,54,OK
1651,8,,54,OK
1652,9.2,,54,OK
1653,8.5,ZC 949,55,OK
1654,9.2,ZC 950,55,OK
1655,8,L 498,55,OK
1656,5.2,Ll 3159,55,OK
1657,8.2,ZC 952,55,OK
1658,8.5,ZC 953,55,OK
1659,8.5,Melb I 107,55,OK
1660,5.6,,55,OK
1661,5.9,L 501,55,OK
1662,8.2,OA 1015,55,OK
1663,8.7,ZC 958,55,MISMATCH_REF_8.2
1664,6.7,ZC 959,55,MISMATCH_REF_8.7
1665,6.7,L 502,55,OK
1666,9.2,OA 1017,55,OK
1667,8.7,L 504,55,MISMATCH_REF_8.2
1668,8.5,ZC 963,55,OK
1669,10,,55,OK
1670,8.7,ZC 966,55,OK
1671,8.7,ZC 968,55,OK
1672,9,ZC 971,55,OK
1673,9,ZC 974,55,OK
1674,8.5,ZC 976,55,OK
1675,8.5,R 70,55,OK
1676,8.7,ZC 978,55,OK
1677,6.0,L 507,55,OK
1678,9.2,OA 1028,55,OK
1679,6.5,Ll 3186,55,OK
1680,8.5,ZC 982,55,OK
1681,5.9,L 521,55,OK
1682,8.2,ZC 987,55,OK
1683,9,L 517,55,OK
1684,8.7,,55,MISMATCH_REF_8.2
1685,9.5,ZC 989,55,OK
1686,8.7,ZC 991,55,OK
1687,8.2,ZC 992,55,OK
1688,3.4,,55,OK
1689,8.7,ZC 995,55,OK
1690,9.2,ZC 997,55,OK
1691,9,OA 1036,55,OK
1692,6.4,Ll 3205,55,OK
1693,8.7,ZC 999,55,MISMATCH_REF_8.2
1694,9,ZC 1001,55,OK
1695,8.7,ZC 1000,55,OK
1696,8,L 512,55,OK
1697,8,ZC 1006,55,OK
1698,8.7,L 508,55,OK
1699,6.8,L 509,55,OK
1700,10,ZC 1015,55,OK
1701,7.5,OA 1047,55,OK
1702,8.5,ZC 1019,55,OK
1703,8.2,L 534,55,OK
1704,8.5,,55,OK
1705,8,,55,OK
1706,9.7,,55,OK
1707,8.5,L 533,56,OK
1708,8,ZC 1025,56,OK
1709,5.5,Ll 3244,56,OK
1710,8.5,L 514,56,OK
1711,8.2,OA 1052,56,OK
1712,8.7,ZC 1029,56,OK
1713,5.4,L 561,56,OK
1714,8.7,,56,MISMATCH_REF_8.2
1715,8.7,ZC 1033,56,OK
1716,8.5,OA 1056,56,OK
1717,8.5,ZC 1037,56,MISMATCH_REF_8.2
1718,9.5,ZC 1038,56,OK
1719,8.7,L 513,56,MISMATCH_REF_8.2
1720,6.4,ZC 1040,56,OK
1721,8.7,L 516,56,OK
1722,6.9,ZC 1042,56,OK
1723,8.7,ZC 1043,56,OK
1724,9,G 49,56,OK
1725,8.7,ZC 1046,56,OK
1726,8.7,OA 1062,56,OK
1727,8,WB 719,56,OK
1728,6.6,L 515,56,OK
1729,8,ZC 1053,56,OK
1730,8.5,ZC 1055,56,OK
1731,9,ZC 1056,56,OK
1732,8.5,L 520,56,OK
1733,5.8,ZC 1060,56,OK
1734,10,,56,OK
1735,8.5,L 576,56,OK
1736,6.5,OA 1067,56,OK
1737,5.4,L 518,56,OK
1738,6.2,L 519,56,OK
1739,8.7,Melb I 109,56,OK
1740,8,ZC 1072,56,OK
1741,7.5,Ll 3301,56,OK
1742,9,OA 1072,56,OK
1743,8.5,ZC 1077,56,OK
1744,6.8,ZC 1078,56,OK
1745,8.7,OA 1079,56,MISMATCH_REF_8.2
1746,8.5,L 522,56,OK
1747,8,L 524,56,OK
1748,8.5,L 525,56,OK
1749,8.7,ZC 1084,56,OK
1750,6.4,OA 1081,56,OK
1751,7,L 558,56,OK
1752,9.2,ZC 1086,56,OK
1753,9.2,L 526,56,OK
1754,8.5,L 592,56,OK
1755,8.7,,56,OK
1756,6.5,,56,OK
1757,7.2,,56,OK
1803,7.5,L 540,58,OK
1804,9.2,ZC 1165,58,OK
1805,3.5,,58,OK
1806,6.4,L 542,58,OK
1807,9,OA 1122,58,OK
1808,6.4,Ll 3419,58,OK
1809,7.7,L 544,58,OK
1810,9,OA 1125,58,OK
1811,8.7,ZC 1173,58,OK
1812,7.0,L 541,58,OK
1813,6.7,Ll 3436,58,OK
1814,9.2,OA 1130,58,OK
1815,7.5,L 553,58,OK
1816,6.1,L 547,58,OK
1817,7.2,ZC 1187,58,MISMATCH_REF_7.7
1818,6.7,L 543,58,OK
1819,8.7,ZC 1190,58,OK
1820,8.7,ZC 1193,58,OK
1821,7.1,L 549,58,OK
1822,7.2,L 552,58,OK
1823,9,ZC 1197,58,OK
1824,7.5,L 545,58,OK
1825,8.5,ZC 1200,58,OK
1826,7.7,L 548,58,OK
1827,8,ZC 1201,58,OK
1828,8.5,OA 1135,58,OK
1829,9.2,ZC 1203,58,OK
1830,9.2,OA 1136,58,OK
1831,8.5,ZC 1206,58,OK
1832,8.7,OA 1137,58,OK
1833,5.8,Ll 3479,58,OK
1834,7.5,L 554,58,OK
1835,8,B 269,58,OK
1836,8.2,ZC 1219,58,OK
1837,8,L 567,58,OK
1838,7.2,ZC 1221,58,OK
1839,8.5,L 550,58,OK
1840,7.7,OA 1146,58,OK
1841,8.5,ZC 1229,58,OK
1842,8.7,ZC 1232,58,MISMATCH_REF_8.5
1843,8.2,,58,OK
1844,9.5,ZC 1234,58,OK
1845,8.2,OA 1148,58,OK
1846,8,ZC 1236,58,OK
1847,8.2,ZC 1237,58,OK
1848,8.2,L 623,58,OK
1849,7.5,,58,OK
1850,8.2,ZC 1239,58,OK
1851,9.5,ZC 1241,58,OK
1852,9.5,ZC 1243,59,OK
1853,8,ZC 1244,59,OK
1854,6.3,L 555,59,OK
1855,8.5,ZC 1246,59,OK
1856,7.2,L 557,59,OK
1857,8.2,OA 1155,59,MISMATCH_REF_8.7
1858,9,ZC 1251,59,OK
1859,7.2,L 560,59,MISMATCH_REF_7.7
1860,8.5,ZC 1252,59,OK
1861,9,L 581,59,OK
1862,9,ZC 1255,59,OK
1863,9,ZC 1257,59,OK
1864,4.8,B 273,59,OK
1865,8,ZC 1263,59,OK
1866,9,ZC 1266,59,OK
1867,9.2,ZC 1267,59,OK
1868,8.5,,59,OK
1869,6.1,,59,OK
1870,9.2,ZC 1270,59,OK
1871,5.5,,59,OK
1872,9.5,ZC 1273,59,OK
1873,6.9,L (562),59,OK
1874,8.2,ZC 1276,59,OK
1875,8.5,ZC 1278,59,OK
1876,8.2,ZC 1279,59,MISMATCH_REF_8.7
1877,8.2,ZC 1280,59,OK
1878,var.,,59,OK
1879,8.5,OA 1164,59,OK
1880,8.5,ZC 1287,59,OK
1881,8,OA 1167,59,OK
1882,7.5,L 572,59,OK
1883,9,ZC 1294,59,OK
1884,9,ZC 1295,59,OK
1885,7,L 566,59,OK
1886,8.7,ZC 1297,59,OK
1887,10.2,ZC 1298,59,OK
1888,8.5,OA 1179,59,OK
1889,8,OA 1180,59,OK
1890,7.7,L 569,59,OK
1891,7.5,ZC 1302,59,OK
1892,9.2,L 633,59,OK
1893,8.5,,59,OK
1894,8.7,ZC 1306,59,OK
1895,5.0,L 568,59,OK
1896,9.5,ZC 1308,59,OK
1897,8,ZC 1309,59,OK
1898,10,OA 1185,59,OK
1899,8,OA 1184,59,OK
1900,8.5,OA 1187,59,OK
1901,8.2,ZC 1319,59,OK
1902,9,L 571,59,OK
1903,6.6,,59,OK
1904,6.4,Ll 3620,59,OK
1905,3.9,,59,OK
1906,8.5,ZC 1324,59,OK
1907,7.2,L (570),59,OK
1908,7,L 584,59,OK
