index,decl,num,ref,dist10
1,-22,117,CPD -22°32,3963
2,-22,1702,CPD -22°567,8654
3,-22,1731,CPD -22°579,4883
4,-22,1855,CPD -22°634,5580
5,-22,2111,CPD -22°767,10337
6,-22,2126,CPD -22°770,12240
7,-22,3329,CPD -22°1382,1920
8,-22,4023,CPD -22°1775,29192
9,-22,4685,CPD -22°2315,1869
10,-22,5030,CPD -22°2608,18362
11,-22,5031,CPD -22°2609,14885
12,-22,5046,CPD -22°2622,2001
13,-22,5935,CPD -22°3328,17701
14,-22,6375,CPD -22°3699,4093
15,-22,6402,CPD -22°3721,24060
16,-22,6531,CPD -22°3833,2278
17,-22,6590,CPD -22°3890,5236
18,-22,6630,CPD -22°3914,1836
19,-22,6803,CPD -22°4013,9430
20,-22,7061,CPD -22°4143,2460
21,-22,7233,CPD -22°4281,4621
22,-22,7342,CPD -22°4348,17283
23,-22,8901,CPD -22°4975,33083
24,-22,8976,CPD -22°5022,2708
25,-22,9019,CPD -22°5044,6737
26,-22,9402,CPD -22°5311,11940
27,-22,9451,CPD -22°5350,14101
28,-22,10397,CPD -22°5737,23522
29,-22,10566,CPD -22°5806,6004
30,-22,12674,CPD -22°6783,3110
31,-22,12733,CPD -22°6845,2841
32,-22,12856,CPD -22°6935,2820
33,-22,13069,CPD -22°7059,16980
34,-22,13081,CPD -22°7065,6242
35,-22,13149,CPD -22°7099,2640
36,-22,14048,CPD -22°7508,3125
37,-22,14478,CPD -22°7638,4234
38,-22,14816,CPD -22°7814,2823
39,-22,15184,CPD -22°7957,25988
40,-22,15597,CPD -22°8086,23702
41,-22,15867,CPD -22°8204,14379
42,-23,613,CPD -23°196,4292
43,-23,2116,CPD -23°602,2522
44,-23,2467,CPD -23°724,2491
45,-23,2613,CPD -23°776,27672
46,-23,3312,CPD -23°1005,1861
47,-23,4206,CPD -23°1411,2048
48,-23,4333,CPD -23°1467,5821
49,-23,4347,CPD -23°1471,2255
50,-23,4698,CPD -23°1677,2160
51,-23,4864,CPD -23°1800,21914
52,-23,4939,CPD -23°1851,2281
53,-23,5341,CPD -23°2118,1813
54,-23,5446,CPD -23°2199,3180
55,-23,5473,CPD -23°2221,20821
56,-23,5503,CPD -23°2252,1801
57,-23,5828,CPD -23°2524,1863
58,-23,6125,CPD -23°2827,1804
59,-23,6135,CPD -23°2838,1861
60,-23,6360,CPD -23°3035,28800
61,-23,6942,CPD -23°3445,5820
62,-23,7042,CPD -23°3543,5340
63,-23,7086,CPD -23°3589,1981
64,-23,7351,CPD -23°3826,1863
65,-23,7352,CPD -23°3827,2649
66,-23,7624,CPD -23°4030,1922
67,-23,8124,CPD -23°4328,4990
68,-23,8606,CPD -23°4634,7082
69,-23,8777,CPD -23°4721,2042
70,-23,10852,CPD -23°5683,5402
71,-23,12414,CPD -23°6228,21060
72,-23,13929,CPD -23°6848,2941
73,-23,14097,CPD -23°6960,32522
74,-23,14102,CPD -23°6964,2460
75,-23,14136,CPD -23°6997,2005
76,-24,14202,CPD -23°7045,28200
77,-23,14929,CPD -23°7340,18672
78,-23,15338,CPD -23°7448,22347
79,-23,15509,CPD -23°7508,19140
80,-23,15515,CPD -23°7512,3256
81,-23,15639,CPD -23°7551,5761
82,-23,15854,CPD -23°7609,5820
83,-23,16523,CPD -23°7865,21441
84,-23,17089,CPD -23°8029,10807
85,-23,17252,CPD -23°8094,12727
86,-23,17400,CPD -23°8161,23646
87,-23,18057,CPD -23°8354,3540
88,-24,156,CPD -24°35,2341
89,-24,404,CPD -24°95,2316
90,-25,858,CPD -24°259,24069
91,-25,1692,CPD -24°502,35581
92,-24,2404,CPD -24°636,17659
93,-24,2427,CPD -24°641,7741
94,-24,2783,CPD -24°800,6240
95,-24,2970,CPD -24°888,1982
96,-24,3857,CPD -24°1334,1923
97,-24,4311,CPD -24°1592,13146
98,-24,4399,CPD -24°1641,2226
99,-24,4476,CPD -24°1686,2825
100,-24,4619,CPD -24°1782,1800
101,-24,4840,CPD -24°1937,6420
102,-24,4851,CPD -24°1948,3060
103,-24,5128,CPD -24°2156,2160
104,-24,5164,CPD -24°2191,14506
105,-24,5354,CPD -24°2396,19560
106,-24,5356,CPD -24°2397,17521
107,-24,5357,CPD -24°2398,24903
108,-24,5373,CPD -24°2409,3606
109,-24,5409,CPD -24°2433,3241
110,-24,5419,CPD -24°2435,7740
111,-24,5524,CPD -24°2512,31745
112,-24,5627,CPD -24°2582,3363
113,-24,5665,CPD -24°2610,1891
114,-24,5666,CPD -24°2612,3000
115,-23,5996,CPD -24°2676,21285
116,-24,5836,CPD -24°2746,16440
117,-24,5837,CPD -24°2747,15840
118,-24,5907,CPD -24°2829,34021
119,-24,5920,CPD -24°2837,2160
120,-24,6252,CPD -24°3163,2193
121,-24,6376,CPD -24°3258,2701
122,-24,6461,CPD -24°3323,8402
123,-24,6583,CPD -24°3407,1992
124,-24,6789,CPD -24°3552,2086
125,-24,7005,CPD -24°3694,2163
126,-24,7309,CPD -24°3808,35100
127,-24,7526,CPD -24°3875,3309
128,-24,7639,CPD -24°3935,3001
129,-24,8748,CPD -24°4317,1922
130,-24,8799,CPD -24°4353,23721
131,-24,8825,CPD -24°4370,21180
132,-24,8922,CPD -24°4432,11768
133,-24,9611,CPD -24°4624,35760
134,-24,10273,CPD -24°4818,10137
135,-23,10510,CPD -24°4825,14004
136,-24,10562,CPD -24°4935,22743
137,-24,11406,CPD -24°5278,8268
138,-24,11535,CPD -24°5333,17700
139,-24,11611,CPD -24°5355,4548
140,-24,11870,CPD -24°5447,1863
141,-24,12487,CPD -24°5637,17041
142,-24,13475,CPD -24°5953,11880
143,-24,13520,CPD -24°5966,14643
144,-24,13579,CPD -24°5993,7620
145,-24,13821,CPD -24°6151,2280
146,-24,13951,CPD -24°6239,2653
147,-24,13955,CPD -24°6241,21720
148,-24,14154,CPD -24°6341,8040
149,-24,14381,CPD -24°6409,2400
150,-24,14386,CPD -24°6412,11941
151,-24,14557,CPD -24°6480,16020
152,-24,14808,CPD -24°6542,6994
153,-24,14937,CPD -24°6569,11760
154,-24,15184,CPD -24°6666,3241
155,-24,15524,CPD -24°6791,5976
156,-24,16260,CPD -24°7076,23932
157,-24,16690,CPD -24°7228,27185
158,-24,16996,CPD -24°7313,13083
159,-24,17044,CPD -24°7330,3662
160,-24,17622,CPD -24°7447,2162
161,-24,17745,CPD -24°7467,10269
162,-24,17893,CPD -24°7496,24300
163,-25,20,CPD -25°8,6259
164,-25,191,CPD -25°53,8214
165,-25,850,CPD -25°251,8445
166,-25,916,CPD -25°265,14317
167,-25,921,CPD -25°266,17088
168,-25,922,CPD -25°267,23531
169,-25,926,CPD -25°268,30240
170,-25,1588,CPD -25°472,18060
171,-25,1820,CPD -25°558,5941
172,-25,2350,CPD -25°882,3963
173,-25,2622,CPD -25°1054,5520
174,-25,2741,CPD -25°1103,15025
175,-25,2778,CPD -25°1125,4802
176,-25,3080,CPD -25°1360,6061
177,-25,3082,CPD -25°1361,2511
178,-25,3456,CPD -25°1563,4148
179,-25,3478,CPD -25°1571,6061
180,-25,3881,CPD -25°1798,2165
181,-25,4007,CPD -25°1907,2016
182,-26,3968,CPD -25°2028,2641
183,-25,4177,CPD -25°2057,10167
184,-25,4326,CPD -25°2166,2041
185,-25,4808,CPD -25°2604,9081
186,-25,4875,CPD -25°2659,1980
187,-25,5051,CPD -25°2851,22981
188,-25,5060,CPD -25°2858,2580
189,-26,5127,CPD -25°3021,1982
190,-25,5289,CPD -25°3103,2421
191,-25,5290,CPD -25°3104,28020
192,-25,5291,CPD -25°3105,9132
193,-25,5570,CPD -25°3304,6120
194,-25,5592,CPD -25°3317,5760
195,-25,5612,CPD -25°3333,3604
196,-25,5651,CPD -25°3359,20220
197,-25,5811,CPD -25°3460,5445
198,-25,6019,CPD -25°3597,2100
199,-25,6041,CPD -25°3610,1921
200,-25,6563,CPD -25°3878,2796
201,-25,6742,CPD -25°3967,18302
202,-25,6827,CPD -25°4022,5297
203,-25,6965,CPD -25°4102,28620
204,-25,7511,CPD -25°4275,5482
205,-25,7530,CPD -25°4283,3677
206,-25,8279,CPD -25°4646,12950
207,-25,9325,CPD -25°4966,5340
208,-25,9425,CPD -25°5005,14976
209,-25,9487,CPD -25°5042,18120
210,-25,9830,CPD -25°5189,7324
211,-26,10216,CPD -25°5395,3115
212,-25,10328,CPD -25°5427,21976
213,-25,10836,CPD -25°5592,5400
214,-25,10846,CPD -25°5595,5220
215,-25,11539,CPD -25°5807,25508
216,-25,11802,CPD -25°5893,5406
217,-25,11857,CPD -25°5907,13640
218,-25,11993,CPD -25°5940,5826
219,-25,12343,CPD -25°6110,2509
220,-25,12396,CPD -25°6139,2463
221,-25,12428,CPD -25°6162,1829
222,-25,13983,CPD -25°6784,5042
223,-25,14906,CPD -25°7126,24181
224,-25,15121,CPD -25°7210,5268
225,-25,15156,CPD -25°7220,10519
226,-25,15231,CPD -25°7238,5602
227,-25,15235,CPD -25°7240,3733
228,-25,15237,CPD -25°7241,4385
229,-25,15241,CPD -25°7242,13869
230,-25,15242,CPD -25°7243,9730
231,-25,15245,CPD -25°7244,3258
232,-25,15246,CPD -25°7245,17441
233,-25,15604,CPD -25°7367,6966
234,-25,15944,CPD -25°7457,17940
235,-25,16767,CPD -25°7612,15191
236,-25,16770,CPD -25°7613,6180
237,-25,16778,CPD -25°7614,11682
238,-25,16787,CPD -25°7615,16410
239,-25,16794,CPD -25°7616,4403
240,-26,479,CPD -26°129,8121
241,-26,1304,CPD -26°378,11700
242,-26,1406,CPD -26°413,24979
243,-26,1426,CPD -26°418,16260
244,-26,2132,CPD -26°776,16141
245,-26,2352,CPD -26°897,21906
246,-26,2372,CPD -26°906,12897
247,-26,2982,CPD -26°1255,2220
248,-26,2987,CPD -26°1259,12780
249,-26,3406,CPD -26°1463,5760
250,-26,3690,CPD -26°1616,12731
251,-26,3691,CPD -26°1617,2101
252,-26,4252,CPD -26°2033,6543
253,-26,4335,CPD -26°2100,5653
254,-26,4343,CPD -26°2106,10680
255,-26,4366,CPD -26°2124,30420
256,-26,4494,CPD -26°2216,2045
257,-26,4609,CPD -26°2281,18660
258,-26,4781,CPD -26°2404,3542
259,-26,5026,CPD -26°2612,2660
260,-26,5213,CPD -26°2786,3144
261,-26,5327,CPD -26°2867,3257
262,-26,5366,CPD -26°2901,21060
263,-26,5405,CPD -26°2932,14945
264,-26,5496,CPD -26°3003,2101
265,-26,5565,CPD -26°3058,2006
266,-26,5590,CPD -26°3071,21481
267,-26,5624,CPD -26°3102,2043
268,-26,5629,CPD -26°3107,1802
269,-26,5627,CPD -26°3108,3301
270,-26,6451,CPD -26°3613,3060
271,-26,6689,CPD -26°3771,1801
272,-26,6806,CPD -26°3856,14823
273,-26,7386,CPD -26°4036,5880
274,-26,7767,CPD -26°4228,5599
275,-26,7891,CPD -26°4331,27121
276,-26,9051,CPD -26°4681,3481
277,-26,9406,CPD -26°4832,2621
278,-26,9907,CPD -26°5064,20029
279,-26,9942,CPD -26°5084,7526
280,-26,10630,CPD -26°5383,4392
281,-26,10774,CPD -26°5434,6360
282,-26,10826,CPD -26°5445,10904
283,-26,12000,CPD -26°5850,22843
284,-26,12164,CPD -26°5909,8361
285,-26,12361,CPD -26°5982,5941
286,-26,12567,CPD -26°6095,14346
287,-26,12569,CPD -26°6098,1947
288,-26,12816,CPD -26°6252,12060
289,-26,13118,CPD -26°6430,2997
290,-26,13260,CPD -26°6494,1800
291,-26,13292,CPD -26°6502,18241
292,-26,13667,CPD -26°6604,25680
293,-26,14804,CPD -26°6934,5928
294,-26,16171,CPD -26°7378,10515
295,-27,210,CPD -27°53,22594
296,-27,372,CPD -27°101,8370
297,-27,635,CPD -27°174,7972
298,-27,1039,CPD -27°287,23512
299,-27,1112,CPD -27°316,17053
300,-27,1340,CPD -27°370,16159
301,-27,3052,CPD -27°1329,9065
302,-27,3311,CPD -27°1488,6061
303,-27,3478,CPD -27°1595,2184
304,-27,3496,CPD -27°1614,5580
305,-27,3614,CPD -27°1702,2354
306,-27,4069,CPD -27°2036,2160
307,-27,4156,CPD -27°2106,24240
308,-27,4269,CPD -27°2196,3182
309,-27,4507,CPD -27°2396,5581
310,-27,4799,CPD -27°2639,2368
311,-27,4804,CPD -27°2643,5702
312,-27,4938,CPD -27°2763,1980
313,-27,5065,CPD -27°2888,17881
314,-26,5839,CPD -27°3065,2225
315,-27,5400,CPD -27°3138,1800
316,-27,5404,CPD -27°3140,7080
317,-27,5405,CPD -27°3141,20280
318,-27,5547,CPD -27°3248,6180
319,-27,5889,CPD -27°3402,2628
320,-27,6330,CPD -27°3670,17353
321,-27,7105,CPD -27°3942,6000
322,-27,7336,CPD -27°4125,24660
323,-27,7335,CPD -27°4126,24724
324,-27,7947,CPD -27°4292,2823
325,-27,8011,CPD -27°4316,2940
326,-27,8178,CPD -27°4369,5641
327,-27,9238,CPD -27°4723,3035
328,-27,9346,CPD -27°4761,4080
329,-27,9463,CPD -27°4813,5880
330,-27,9580,CPD -27°4866,18000
331,-27,9680,CPD -27°4907,13413
332,-27,9739,CPD -27°4928,6300
333,-27,10106,CPD -27°5070,10681
334,-27,10699,CPD -27°5328,6063
335,-27,10862,CPD -27°5384,5880
336,-27,12046,CPD -27°5828,5884
337,-27,12318,CPD -27°6029,12126
338,-27,12701,CPD -27°6369,34800
339,-27,13715,CPD -27°6667,6360
340,-27,13714,CPD -27°6668,6720
341,-27,14302,CPD -27°6848,6120
342,-27,14471,CPD -27°6919,11700
343,-27,16182,CPD -27°7493,1980
344,-28,235,CPD -28°63,15293
345,-28,1020,CPD -28°324,3253
346,-28,1581,CPD -28°566,1987
347,-28,1641,CPD -28°601,1935
348,-28,1792,CPD -28°677,5702
349,-28,1808,CPD -28°687,4740
350,-28,2093,CPD -28°839,24839
351,-28,2861,CPD -28°1217,7339
352,-28,3016,CPD -28°1303,27212
353,-28,3033,CPD -28°1306,10682
354,-28,3452,CPD -28°1473,8580
355,-28,3701,CPD -28°1614,5233
356,-28,3736,CPD -28°1630,35400
357,-28,3747,CPD -28°1638,2829
358,-27,3745,CPD -28°1781,26401
359,-28,4207,CPD -28°1924,23465
360,-28,4273,CPD -28°1975,2521
361,-28,4341,CPD -28°2022,2280
362,-28,4544,CPD -28°2192,1925
363,-27,4584,CPD -28°2435,2401
364,-28,5059,CPD -28°2524,6600
365,-27,4776,CPD -28°2601,3496
366,-28,5354,CPD -28°2733,1841
367,-28,5542,CPD -28°2840,2640
368,-28,5601,CPD -28°2872,2404
369,-28,6421,CPD -28°3355,8700
370,-28,6458,CPD -28°3368,11940
371,-27,6232,CPD -28°3585,1926
372,-28,7051,CPD -28°3676,6060
373,-28,7421,CPD -28°3781,3503
374,-28,7511,CPD -28°3802,20278
375,-28,7869,CPD -28°3938,3498
376,-28,7840,CPD -28°3947,24528
377,-28,8334,CPD -28°4166,24246
378,-28,9121,CPD -28°4355,15261
379,-28,9124,CPD -28°4356,22895
380,-28,9500,CPD -28°4469,10681
381,-28,10064,CPD -28°4683,8205
382,-28,10319,CPD -28°4803,7986
383,-28,10577,CPD -28°4909,12301
384,-28,11049,CPD -28°5041,13760
385,-28,11089,CPD -28°5056,12520
386,-28,11096,CPD -28°5057,16920
387,-28,11097,CPD -28°5058,22075
388,-28,11099,CPD -28°5059,11315
389,-28,11100,CPD -28°5060,23255
390,-28,11101,CPD -28°5061,20539
391,-28,11102,CPD -28°5062,18382
392,-28,11106,CPD -28°5063,15985
393,-28,11108,CPD -28°5064,14834
394,-28,11111,CPD -28°5065,9125
395,-28,11113,CPD -28°5066,5939
396,-28,11115,CPD -28°5067,13975
397,-28,11114,CPD -28°5068,5149
398,-28,11125,CPD -28°5069,5508
399,-28,11124,CPD -28°5070,6108
400,-28,11129,CPD -28°5071,6914
401,-28,11137,CPD -28°5072,20728
402,-28,11140,CPD -28°5073,14550
403,-28,11142,CPD -28°5074,19577
404,-28,11143,CPD -28°5075,19377
405,-28,11147,CPD -28°5076,4442
406,-28,11151,CPD -28°5077,9739
407,-28,11154,CPD -28°5078,24190
408,-28,11155,CPD -28°5079,23151
409,-28,11156,CPD -28°5080,22119
410,-28,11160,CPD -28°5081,17596
411,-28,11163,CPD -28°5082,11660
412,-28,11165,CPD -28°5083,12458
413,-28,11166,CPD -28°5084,12288
414,-28,11169,CPD -28°5085,11349
415,-28,11177,CPD -28°5086,21638
416,-28,11178,CPD -28°5087,9555
417,-28,11181,CPD -28°5088,14049
418,-28,11182,CPD -28°5089,14409
419,-28,11186,CPD -28°5090,23637
420,-28,11480,CPD -28°5161,25453
421,-28,11498,CPD -28°5170,11821
422,-28,12204,CPD -28°5344,27295
423,-28,12844,CPD -28°5539,5284
424,-28,12983,CPD -28°5588,1887
425,-28,13135,CPD -28°5641,21600
426,-28,13535,CPD -28°5820,5341
427,-28,13702,CPD -28°5915,3125
428,-28,14132,CPD -28°6269,1920
429,-27,12430,CPD -28°6296,2290
430,-28,14598,CPD -28°6563,18000
431,-28,15583,CPD -28°6846,3421
432,-28,16063,CPD -28°6988,1989
433,-28,16203,CPD -28°7027,17364
434,-28,17523,CPD -28°7534,5762
435,-28,17523,CPD -28°7538,18502
436,-28,18190,CPD -28°7690,8320
437,-29,18,CPD -29°6,31560
438,-29,49,CPD -29°20,7944
439,-29,2538,CPD -29°1018,1802
440,-29,3093,CPD -29°1272,4696
441,-29,3140,CPD -29°1301,2460
442,-29,3237,CPD -29°1355,25508
443,-29,4868,CPD -29°2037,32760
444,-29,5627,CPD -29°2350,3192
445,-29,5939,CPD -29°2493,4500
446,-29,10201,CPD -29°3726,4740
447,-29,10462,CPD -29°3791,21862
448,-29,10747,CPD -29°3891,2320
449,-29,10782,CPD -29°3902,11408
450,-28,10650,CPD -29°3970,2358
451,-29,11199,CPD -29°4012,7794
452,-29,12290,CPD -29°4352,14243
453,-29,12321,CPD -29°4361,2340
454,-29,12801,CPD -29°4485,5700
455,-29,13059,CPD -29°4543,2100
456,-29,13401,CPD -29°4643,1860
457,-29,13476,CPD -29°4677,2040
458,-29,13595,CPD -29°4727,1803
459,-29,13811,CPD -29°4816,22680
460,-29,13810,CPD -29°4817,4440
461,-29,13813,CPD -29°4818,4158
462,-29,13818,CPD -29°4821,3422
463,-29,14338,CPD -29°5129,6481
464,-29,14406,CPD -29°5196,18544
465,-29,14614,CPD -29°5354,3186
466,-29,14653,CPD -29°5386,5763
467,-29,15691,CPD -29°5864,1997
468,-29,16221,CPD -29°6084,12907
469,-29,16323,CPD -29°6114,2461
470,-29,16804,CPD -29°6233,17228
471,-29,17048,CPD -29°6299,16863
472,-29,17633,CPD -29°6508,9647
473,-29,18774,CPD -29°6832,2112
474,-29,18935,CPD -29°6909,6003
475,-30,1105,CPD -30°360,4808
476,-30,1138,CPD -30°372,5154
477,-30,2889,CPD -30°1153,3066
478,-30,2910,CPD -30°1157,2658
479,-30,3090,CPD -30°1248,3962
480,-30,3129,CPD -30°1267,35224
481,-30,3665,CPD -30°1450,2161
482,-30,3750,CPD -30°1482,17760
483,-29,3998,CPD -30°1552,34742
484,-30,4409,CPD -30°1647,8977
485,-30,4871,CPD -30°1881,1934
486,-30,5542,CPD -30°2221,10261
487,-29,5585,CPD -30°2245,18526
488,-30,6424,CPD -30°2552,2402
489,-30,6423,CPD -30°2553,8538
490,-30,7053,CPD -30°2757,4974
491,-30,7695,CPD -30°2896,10440
492,-30,7805,CPD -30°2929,6745
493,-30,9080,CPD -30°3308,7578
494,-31,8907,CPD -30°3309,34682
495,-30,9935,CPD -30°3491,6177
496,-31,9752,CPD -30°3507,3618
497,-30,10281,CPD -30°3585,10873
498,-30,10965,CPD -30°3753,10259
499,-30,12159,CPD -30°4071,2157
500,-30,12471,CPD -30°4171,6380
501,-30,12547,CPD -30°4201,12181
502,-30,12548,CPD -30°4202,11700
503,-30,12566,CPD -30°4207,5520
504,-30,12756,CPD -30°4263,5160
505,-30,12979,CPD -30°4316,3659
506,-30,13386,CPD -30°4441,2520
507,-30,14389,CPD -30°4798,4909
508,-30,14865,CPD -30°4990,2884
509,-30,14867,CPD -30°4991,1861
510,-30,14883,CPD -30°5003,2043
511,-30,15085,CPD -30°5149,2464
512,-30,15115,CPD -30°5166,3061
513,-31,14992,CPD -30°5179,2341
514,-30,15723,CPD -30°5517,22280
515,-30,16443,CPD -30°5758,13625
516,-30,16554,CPD -30°5792,2226
517,-30,18247,CPD -30°6373,3422
518,-30,19063,CPD -30°6613,12265
519,-30,19549,CPD -30°6739,7916
520,-31,759,CPD -31°205,5341
521,-31,791,CPD -31°216,3781
522,-31,792,CPD -31°217,13546
523,-31,905,CPD -31°260,3396
524,-31,914,CPD -31°262,32044
525,-31,917,CPD -31°263,13260
526,-31,918,CPD -31°264,12505
527,-31,920,CPD -31°265,10089
528,-31,922,CPD -31°266,5467
529,-31,924,CPD -31°267,10269
530,-31,925,CPD -31°268,10441
531,-31,926,CPD -31°269,7757
532,-31,934,CPD -31°270,19205
533,-31,938,CPD -31°271,2640
534,-31,942,CPD -31°272,14640
535,-31,943,CPD -31°273,10189
536,-31,949,CPD -31°274,11588
537,-31,950,CPD -31°275,26280
538,-31,1585,CPD -31°453,7676
539,-31,2104,CPD -31°655,15295
540,-31,3115,CPD -31°1066,34680
541,-31,3291,CPD -31°1148,35640
542,-31,4756,CPD -31°1673,2704
543,-31,6580,CPD -31°2570,7140
544,-31,7815,CPD -31°2916,2723
545,-31,7919,CPD -31°2950,3393
546,-31,8102,CPD -31°3015,2160
547,-31,8321,CPD -31°3058,2058
548,-31,8668,CPD -31°3185,2095
549,-31,9428,CPD -31°3363,11317
550,-31,9668,CPD -31°3426,10983
551,-31,9862,CPD -31°3483,7747
552,-31,10157,CPD -31°3556,15114
553,-31,10488,CPD -31°3635,26265
554,-31,10549,CPD -31°3649,7502
555,-31,10817,CPD -31°3723,1860
556,-30,11165,CPD -31°3739,5940
557,-31,11353,CPD -31°3845,2767
558,-31,11651,CPD -31°3920,5580
559,-31,13141,CPD -31°4461,10082
560,-30,13633,CPD -31°4531,12782
561,-31,13477,CPD -31°4547,6424
562,-31,13502,CPD -31°4549,6060
563,-31,14569,CPD -31°4976,22685
564,-31,14825,CPD -31°5115,1870
565,-31,15109,CPD -31°5322,1835
566,-31,15306,CPD -31°5447,2820
567,-31,15797,CPD -31°5647,18120
568,-32,14984,CPD -31°5910,33741
569,-31,16633,CPD -31°6012,29409
570,-31,17407,CPD -31°6225,17477
571,-31,17508,CPD -31°6247,17940
572,-31,18143,CPD -31°6483,7352
573,-31,18763,CPD -31°6647,14713
574,-32,1895,CPD -32°551,2043
575,-32,1897,CPD -32°552,2700
576,-32,2925,CPD -32°1092,17412
577,-31,3184,CPD -32°1098,3059
578,-32,3200,CPD -32°1247,2891
579,-32,3735,CPD -32°1381,5820
580,-32,3996,CPD -32°1457,24360
581,-32,4403,CPD -32°1769,5762
582,-32,4667,CPD -32°1895,8858
583,-32,5190,CPD -32°2171,1992
584,-32,5538,CPD -32°2358,18795
585,-32,5706,CPD -32°2414,5940
586,-32,5709,CPD -32°2415,25325
587,-32,5826,CPD -32°2448,6752
588,-32,6059,CPD -32°2523,3291
589,-32,6072,CPD -32°2525,25652
590,-32,6822,CPD -32°2755,28774
591,-32,6969,CPD -32°2795,5467
592,-32,7057,CPD -32°2817,5905
593,-32,7507,CPD -32°2931,4807
594,-32,7593,CPD -32°2958,24434
595,-32,7804,CPD -32°3034,18000
596,-32,7805,CPD -32°3035,18026
597,-32,7858,CPD -32°3052,4238
598,-32,7928,CPD -32°3066,5620
599,-32,7930,CPD -32°3067,24361
600,-32,7933,CPD -32°3068,14489
601,-32,7934,CPD -32°3069,8801
602,-32,8680,CPD -32°3240,24482
603,-32,9168,CPD -32°3356,17940
604,-32,9669,CPD -32°3508,17642
605,-32,10926,CPD -32°3947,34921
606,-32,11716,CPD -32°4148,25504
607,-32,12446,CPD -32°4391,7140
608,-32,12751,CPD -32°4539,2100
609,-32,12987,CPD -32°4640,17104
610,-32,13004,CPD -32°4644,18242
611,-32,13060,CPD -32°4676,1995
612,-32,13080,CPD -32°4693,2599
613,-32,13809,CPD -32°5158,1995
614,-32,13839,CPD -32°5182,2041
615,-32,13871,CPD -32°5200,1810
616,-32,13916,CPD -32°5235,11884
617,-32,13959,CPD -32°5263,7511
618,-32,13958,CPD -32°5264,18926
619,-32,14594,CPD -32°5604,3487
620,-32,14609,CPD -32°5614,3001
621,-32,14638,CPD -32°5634,2591
622,-32,15060,CPD -32°5860,6741
623,-33,1300,CPD -33°371,7553
624,-33,2647,CPD -33°964,12124
625,-33,2762,CPD -33°1024,3329
626,-33,3439,CPD -33°1339,5673
627,-33,3445,CPD -33°1340,3222
628,-33,3531,CPD -33°1371,11709
629,-33,3649,CPD -33°1412,21782
630,-33,4074,CPD -33°1719,2169
631,-33,4305,CPD -33°1852,16967
632,-34,4317,CPD -33°1951,35646
633,-33,4752,CPD -33°2039,14523
634,-33,4943,CPD -33°2137,11230
635,-33,6637,CPD -33°2811,5940
636,-33,7029,CPD -33°2912,30179
637,-34,6783,CPD -33°2913,17860
638,-33,7069,CPD -33°2918,6760
639,-33,7836,CPD -33°3121,3481
640,-33,8554,CPD -33°3291,19644
641,-33,9570,CPD -33°3573,10682
642,-33,11532,CPD -33°4142,16980
643,-33,11734,CPD -33°4202,3368
644,-33,11787,CPD -33°4223,2372
645,-33,12301,CPD -33°4505,2401
646,-33,12445,CPD -33°4592,2170
647,-33,12444,CPD -33°4593,1940
648,-33,12562,CPD -33°4662,2342
649,-32,14418,CPD -33°5219,10164
650,-33,14472,CPD -33°5724,13741
651,-33,15223,CPD -33°5970,1875
652,-33,15423,CPD -33°6060,7681
653,-33,16481,CPD -33°6327,6000
654,-34,125,CPD -34°28,33601
655,-34,313,CPD -34°77,10846
656,-34,907,CPD -34°239,2282
657,-34,2635,CPD -34°826,2204
658,-34,3158,CPD -34°1059,2763
659,-34,3228,CPD -34°1084,2761
660,-34,3874,CPD -34°1638,2000
661,-34,4548,CPD -34°2183,2566
662,-33,5237,CPD -34°2871,34912
663,-34,5609,CPD -34°3241,6000
664,-34,5999,CPD -34°3646,11754
665,-34,6136,CPD -34°3735,2101
666,-33,6468,CPD -34°3810,2555
667,-34,6433,CPD -34°3924,2536
668,-34,6602,CPD -34°4029,4020
669,-34,7275,CPD -34°4538,2641
670,-35,7685,CPD -34°4979,29125
671,-34,8441,CPD -34°5371,2469
672,-34,8977,CPD -34°5711,1923
673,-34,9541,CPD -34°6055,29160
674,-34,9863,CPD -34°6174,2050
675,-34,9889,CPD -34°6184,5491
676,-34,10655,CPD -34°6431,6448
677,-33,11386,CPD -34°6609,2873
678,-33,11728,CPD -34°6715,3423
679,-34,11514,CPD -34°6740,7810
680,-34,12072,CPD -34°7082,1985
681,-34,12148,CPD -34°7192,1872
682,-34,12178,CPD -34°7230,11002
683,-34,12210,CPD -34°7277,2282
684,-34,12239,CPD -34°7315,12404
685,-34,12233,CPD -34°7317,2340
686,-34,12255,CPD -34°7355,7087
687,-34,12266,CPD -34°7372,3122
688,-34,12951,CPD -34°7929,5221
689,-35,212,CPD -35°67,14609
690,-35,218,CPD -35°68,14609
691,-35,2540,CPD -35°749,21389
692,-34,2677,CPD -35°835,34808
693,-35,2961,CPD -35°961,25743
694,-35,3819,CPD -35°1519,2280
695,-35,3821,CPD -35°1522,1801
696,-35,3904,CPD -35°1612,2760
697,-35,3923,CPD -35°1641,10865
698,-35,3970,CPD -35°1682,2521
699,-35,4092,CPD -35°1768,2220
700,-35,4160,CPD -35°1838,1944
701,-35,4181,CPD -35°1858,2521
702,-35,4343,CPD -35°2049,5882
703,-35,4540,CPD -35°2300,2102
704,-35,4852,CPD -35°2697,18121
705,-35,4917,CPD -35°2774,2706
706,-35,4978,CPD -35°2848,2232
707,-35,4979,CPD -35°2851,1985
708,-35,5009,CPD -35°2879,16080
709,-34,5399,CPD -35°3010,29586
710,-34,5460,CPD -35°3079,1858
711,-35,5325,CPD -35°3141,1868
712,-35,5379,CPD -35°3184,3062
713,-35,5573,CPD -35°3390,7397
714,-35,5634,CPD -35°3443,1801
715,-35,5713,CPD -35°3529,2942
716,-35,6526,CPD -35°4216,2124
717,-35,6624,CPD -35°4297,3244
718,-34,7104,CPD -35°4518,2597
719,-35,6861,CPD -35°4519,11522
720,-35,7264,CPD -35°4842,17700
721,-35,7475,CPD -35°5002,6245
722,-35,7714,CPD -35°5158,14178
723,-35,7776,CPD -35°5197,15840
724,-35,8123,CPD -35°5457,1811
725,-35,8832,CPD -35°5847,10560
726,-35,9271,CPD -35°6121,6720
727,-35,9302,CPD -35°6143,4564
728,-35,9611,CPD -35°6286,3258
729,-35,9614,CPD -35°6287,28993
730,-35,9692,CPD -35°6316,17761
731,-35,9831,CPD -35°6382,2119
732,-35,10036,CPD -35°6496,16945
733,-35,10544,CPD -35°6617,6053
734,-35,10873,CPD -35°6692,11580
735,-35,11663,CPD -35°7018,1928
736,-35,11999,CPD -35°7362,2346
737,-35,12052,CPD -35°7461,2520
738,-35,12156,CPD -35°7637,2707
739,-34,12507,CPD -35°7746,18245
740,-35,12514,CPD -35°7911,2220
741,-35,12516,CPD -35°7913,2162
742,-35,12820,CPD -35°8141,11288
743,-35,13106,CPD -35°8343,12000
744,-34,13537,CPD -35°8506,15782
745,-35,13902,CPD -35°8729,5700
746,-35,14585,CPD -35°8984,2160
747,-35,15515,CPD -35°9307,6337
748,-36,1401,CPD -36°391,15228
749,-36,1526,CPD -36°441,6243
750,-36,2729,CPD -36°897,4804
751,-36,2749,CPD -36°900,1980
752,-36,2804,CPD -36°919,18060
753,-36,3157,CPD -36°1065,2343
754,-36,3674,CPD -36°1323,23434
755,-36,3745,CPD -36°1406,2647
756,-36,3786,CPD -36°1484,2040
757,-36,3846,CPD -36°1585,2041
758,-36,3851,CPD -36°1591,13030
759,-36,3895,CPD -36°1635,2645
760,-36,3923,CPD -36°1664,6121
761,-35,3940,CPD -36°1700,2058
762,-36,3958,CPD -36°1702,2160
763,-36,3988,CPD -36°1728,2820
764,-35,4134,CPD -36°1847,5044
765,-36,4155,CPD -36°1875,1865
766,-36,4160,CPD -36°1881,3492
767,-36,4234,CPD -36°1958,2439
768,-36,4255,CPD -36°1984,2400
769,-36,4268,CPD -36°2001,2175
770,-36,4347,CPD -36°2103,1800
771,-36,4384,CPD -36°2153,12000
772,-36,4517,CPD -36°2326,1925
773,-36,4589,CPD -36°2428,1827
774,-36,5252,CPD -36°3160,1863
775,-36,5430,CPD -36°3314,2101
776,-36,5561,CPD -36°3464,2101
777,-36,5619,CPD -36°3543,3300
778,-36,5684,CPD -36°3635,2047
779,-36,5911,CPD -36°3867,20281
780,-36,5913,CPD -36°3868,9902
781,-36,5989,CPD -36°3938,6122
782,-36,6506,CPD -36°4440,3120
783,-36,7414,CPD -36°5169,9412
784,-36,7811,CPD -36°5459,5461
785,-36,8061,CPD -36°5636,1819
786,-36,8206,CPD -36°5738,3431
787,-36,8549,CPD -36°5903,1930
788,-36,8702,CPD -36°6021,28080
789,-36,8703,CPD -36°6022,14336
790,-36,8704,CPD -36°6023,17341
791,-36,8705,CPD -36°6024,12121
792,-36,8706,CPD -36°6025,17641
793,-36,8707,CPD -36°6026,20278
794,-36,8708,CPD -36°6027,4573
795,-36,8710,CPD -36°6028,11405
796,-36,8931,CPD -36°6180,10516
797,-36,9165,CPD -36°6328,4529
798,-36,9719,CPD -36°6614,2824
799,-36,9851,CPD -36°6699,2235
800,-36,11007,CPD -36°7053,9526
801,-36,11399,CPD -36°7227,4510
802,-36,11401,CPD -36°7228,3707
803,-36,11405,CPD -36°7229,5769
804,-36,11406,CPD -36°7230,11884
805,-36,11492,CPD -36°7279,5940
806,-36,11989,CPD -36°7743,2940
807,-36,12015,CPD -36°7770,2041
808,-36,12022,CPD -36°7783,3371
809,-36,12359,CPD -36°8085,3721
810,-36,12612,CPD -36°8238,1922
811,-36,12956,CPD -36°8461,1860
812,-36,13290,CPD -36°8701,9781
813,-36,13423,CPD -36°8788,5941
814,-35,13959,CPD -36°9030,3039
815,-36,14329,CPD -36°9223,14588
816,-36,15627,CPD -36°9671,5460
817,-36,15957,CPD -36°9772,1871
818,-37,17,CPD -37°6,5160
819,-37,164,CPD -37°42,11760
820,-37,713,CPD -37°171,14045
821,-37,1023,CPD -37°279,2888
822,-37,1403,CPD -37°395,22124
823,-37,1523,CPD -37°444,11345
824,-37,2426,CPD -37°786,18120
825,-37,2897,CPD -37°966,9720
826,-37,2945,CPD -37°988,30450
827,-37,3165,CPD -37°1082,2343
828,-37,3537,CPD -37°1245,4020
829,-37,3677,CPD -37°1340,1911
830,-37,3774,CPD -37°1450,8781
831,-37,3777,CPD -37°1452,3678
832,-37,3786,CPD -37°1462,4200
833,-37,3900,CPD -37°1600,2349
834,-37,3935,CPD -37°1636,17640
835,-37,4074,CPD -37°1744,28121
836,-37,4094,CPD -37°1758,2482
837,-37,4378,CPD -37°2018,2160
838,-37,4383,CPD -37°2023,6480
839,-37,4469,CPD -37°2121,12830
840,-37,4471,CPD -37°2122,18218
841,-37,4484,CPD -37°2137,2955
842,-37,4600,CPD -37°2255,12180
843,-37,5018,CPD -37°2731,3001
844,-37,5063,CPD -37°2765,8694
845,-37,5064,CPD -37°2766,29204
846,-37,5176,CPD -37°2880,11940
847,-37,5314,CPD -37°2993,1984
848,-37,5417,CPD -37°3084,18481
849,-36,5366,CPD -37°3130,2700
850,-37,5560,CPD -37°3239,14767
851,-36,5545,CPD -37°3318,3781
852,-37,5771,CPD -37°3494,2176
853,-38,5660,CPD -37°3526,28061
854,-37,5897,CPD -37°3632,5523
855,-37,6107,CPD -37°3781,26018
856,-37,6170,CPD -37°3840,1980
857,-37,6334,CPD -37°3976,5587
858,-37,6365,CPD -37°4007,9729
859,-37,6424,CPD -37°4053,31693
860,-37,6765,CPD -37°4363,13451
861,-37,6764,CPD -37°4366,5094
862,-37,6782,CPD -37°4385,6339
863,-36,6672,CPD -37°4398,2281
864,-37,6823,CPD -37°4420,2071
865,-37,6839,CPD -37°4434,11942
866,-37,7404,CPD -37°4854,1801
867,-37,7470,CPD -37°4904,5640
868,-37,7536,CPD -37°4950,22613
869,-37,7800,CPD -37°5144,6008
870,-37,8402,CPD -37°5505,16505
871,-37,9237,CPD -37°5998,2044
872,-37,9475,CPD -37°6110,2462
873,-37,9741,CPD -37°6262,7553
874,-37,9740,CPD -37°6263,15840
875,-37,9739,CPD -37°6264,5521
876,-37,9742,CPD -37°6266,12067
877,-37,9743,CPD -37°6267,6723
878,-37,9746,CPD -37°6268,3857
879,-37,9747,CPD -37°6269,13802
880,-37,9751,CPD -37°6270,9849
881,-37,9795,CPD -37°6300,19740
882,-36,9751,CPD -37°6303,3899
883,-37,9806,CPD -37°6309,3541
884,-37,10447,CPD -37°6554,2026
885,-37,10820,CPD -37°6676,7102
886,-37,10821,CPD -37°6677,7058
887,-37,10822,CPD -37°6678,7091
888,-37,11032,CPD -37°6760,2342
889,-37,11225,CPD -37°6892,1835
890,-37,11236,CPD -37°6907,2106
891,-37,11237,CPD -37°6908,2101
892,-37,11497,CPD -37°7113,2047
893,-37,11506,CPD -37°7119,1885
894,-37,11682,CPD -37°7270,2280
895,-37,11705,CPD -37°7295,2434
896,-37,11780,CPD -37°7371,1860
897,-37,11787,CPD -37°7375,1935
898,-37,11809,CPD -37°7401,9617
899,-36,12094,CPD -37°7771,2763
900,-37,12356,CPD -37°7996,1808
901,-36,12608,CPD -37°8108,20066
902,-37,12949,CPD -37°8392,1982
903,-37,13269,CPD -37°8553,13028
904,-37,13293,CPD -37°8570,5376
905,-37,13392,CPD -37°8603,23200
906,-37,14294,CPD -37°9040,5702
907,-38,2282,CPD -38°733,7444
908,-38,3183,CPD -38°1197,3409
909,-38,3675,CPD -38°1631,3660
910,-38,3699,CPD -38°1651,2883
911,-38,3753,CPD -38°1692,2891
912,-38,3997,CPD -38°1884,2773
913,-38,3999,CPD -38°1886,2400
914,-38,4261,CPD -38°2110,4382
915,-38,4270,CPD -38°2118,2821
916,-38,4425,CPD -38°2260,2941
917,-38,4467,CPD -38°2300,4620
918,-38,4508,CPD -38°2343,2521
919,-38,4755,CPD -38°2582,2530
920,-38,4792,CPD -38°2616,2040
921,-38,5452,CPD -38°3196,2587
922,-38,5528,CPD -38°3281,1981
923,-38,5594,CPD -38°3349,6121
924,-38,5730,CPD -38°3500,3182
925,-38,5814,CPD -38°3563,2940
926,-38,5862,CPD -38°3596,2225
927,-38,6160,CPD -38°3863,2756
928,-38,6175,CPD -38°3877,2046
929,-38,6182,CPD -38°3882,10029
930,-38,6446,CPD -38°4105,1984
931,-38,6673,CPD -38°4312,2288
932,-38,6704,CPD -38°4340,1860
933,-38,6745,CPD -38°4376,5223
934,-38,6978,CPD -38°4578,2102
935,-38,6997,CPD -38°4597,21120
936,-38,6996,CPD -38°4598,14658
937,-38,6998,CPD -38°4599,15779
938,-38,7000,CPD -38°4600,8605
939,-38,7001,CPD -38°4601,9681
940,-38,7004,CPD -38°4602,32340
941,-38,7003,CPD -38°4603,13157
942,-38,7005,CPD -38°4604,11542
943,-38,7007,CPD -38°4605,18977
944,-38,7008,CPD -38°4606,20222
945,-38,7009,CPD -38°4607,25151
946,-38,7010,CPD -38°4608,11059
947,-38,7011,CPD -38°4609,12957
948,-38,7015,CPD -38°4610,4923
949,-38,7013,CPD -38°4611,15962
950,-38,7014,CPD -38°4612,25367
951,-38,7016,CPD -38°4613,4213
952,-38,7018,CPD -38°4614,14349
953,-38,7020,CPD -38°4616,10809
954,-38,7021,CPD -38°4617,4583
955,-38,7022,CPD -38°4618,23943
956,-38,7023,CPD -38°4619,23759
957,-38,7044,CPD -38°4636,15139
958,-38,7336,CPD -38°4881,1891
959,-38,7354,CPD -38°4894,3033
960,-38,7807,CPD -38°5164,3121
961,-38,7891,CPD -38°5234,6110
962,-38,8220,CPD -38°5405,5161
963,-38,8324,CPD -38°5442,20527
964,-38,8606,CPD -38°5530,7235
965,-38,8922,CPD -38°5647,25606
966,-38,9545,CPD -38°5911,6901
967,-38,9619,CPD -38°5940,2164
968,-38,10043,CPD -38°6063,28808
969,-38,11332,CPD -38°6584,5700
970,-38,11341,CPD -38°6588,4800
971,-38,11513,CPD -38°6665,1926
972,-38,11604,CPD -38°6710,3900
973,-38,11655,CPD -38°6735,1981
974,-38,11814,CPD -38°6804,13999
975,-38,12374,CPD -38°7245,2880
976,-38,12507,CPD -38°7399,2403
977,-38,12863,CPD -38°7527,17706
978,-38,13394,CPD -38°7753,18121
979,-38,13445,CPD -38°7795,30242
980,-38,14182,CPD -38°8083,22694
981,-38,14807,CPD -38°8340,1920
982,-39,71,CPD -39°11,22141
983,-39,91,CPD -39°17,17296
984,-39,1179,CPD -39°348,2102
985,-39,1954,CPD -39°660,18301
986,-39,2186,CPD -39°762,6483
987,-39,2623,CPD -39°949,24426
988,-39,2624,CPD -39°950,10623
989,-39,2625,CPD -39°951,2798
990,-39,2694,CPD -39°993,3241
991,-39,2711,CPD -39°1004,4232
992,-39,2905,CPD -39°1136,1981
993,-39,2956,CPD -39°1180,3005
994,-39,3015,CPD -39°1218,2342
995,-39,3041,CPD -39°1231,7501
996,-39,3239,CPD -39°1360,2767
997,-39,3260,CPD -39°1375,23807
998,-39,3278,CPD -39°1380,5502
999,-39,3273,CPD -39°1381,19940
1000,-39,3288,CPD -39°1391,2006
1001,-39,3311,CPD -39°1410,3902
1002,-39,3313,CPD -39°1412,3781
1003,-39,3348,CPD -39°1443,4261
1004,-39,3418,CPD -39°1500,2645
1005,-39,3419,CPD -39°1501,5703
1006,-39,3902,CPD -39°1962,18543
1007,-39,3920,CPD -39°1979,2910
1008,-39,4052,CPD -39°2132,2767
1009,-39,4081,CPD -39°2171,19680
1010,-39,4100,CPD -39°2193,2235
1011,-39,4158,CPD -39°2243,3082
1012,-39,4172,CPD -39°2255,2229
1013,-39,4211,CPD -39°2287,7022
1014,-39,4216,CPD -39°2288,4302
1015,-39,4222,CPD -39°2289,2370
1016,-39,4336,CPD -39°2403,1940
1017,-39,4385,CPD -39°2454,2489
1018,-39,4431,CPD -39°2497,1811
1019,-39,4434,CPD -39°2500,2040
1020,-39,4435,CPD -39°2508,8388
1021,-39,4436,CPD -39°2509,13359
1022,-39,4602,CPD -39°2693,3181
1023,-39,4646,CPD -39°2742,2110
1024,-39,4673,CPD -39°2768,35520
1025,-39,4811,CPD -39°2890,30901
1026,-39,4837,CPD -39°2912,2006
1027,-39,4967,CPD -39°3025,6187
1028,-39,5184,CPD -39°3209,2400
1029,-39,5237,CPD -39°3252,4445
1030,-39,5260,CPD -39°3279,2763
1031,-39,5351,CPD -39°3389,12722
1032,-39,5409,CPD -39°3449,1813
1033,-39,5410,CPD -39°3450,4800
1034,-39,5440,CPD -39°3484,4987
1035,-39,5505,CPD -39°3563,7380
1036,-39,5660,CPD -39°3726,9379
1037,-39,5707,CPD -39°3788,19080
1038,-39,5713,CPD -39°3792,9725
1039,-39,5751,CPD -39°3825,2167
1040,-39,5752,CPD -39°3826,19142
1041,-39,5753,CPD -39°3827,2320
1042,-39,5757,CPD -39°3828,7184
1043,-39,5758,CPD -39°3829,11766
1044,-39,5761,CPD -39°3830,26370
1045,-39,5766,CPD -39°3834,13350
1046,-39,5767,CPD -39°3835,8820
1047,-39,5768,CPD -39°3836,20045
1048,-39,5770,CPD -39°3837,26945
1049,-39,5771,CPD -39°3838,10923
1050,-39,5773,CPD -39°3839,7047
1051,-39,5775,CPD -39°3840,15515
1052,-39,5774,CPD -39°3841,4464
1053,-39,5776,CPD -39°3842,18928
1054,-39,5777,CPD -39°3843,5474
1055,-39,5778,CPD -39°3844,5103
1056,-39,5779,CPD -39°3845,5585
1057,-39,5783,CPD -39°3846,6737
1058,-39,5780,CPD -39°3847,9302
1059,-39,5784,CPD -39°3848,12305
1060,-39,5782,CPD -39°3849,8583
1061,-39,5785,CPD -39°3852,16262
1062,-39,5787,CPD -39°3853,23700
1063,-39,5788,CPD -39°3854,8196
1064,-39,5789,CPD -39°3855,2654
1065,-39,5790,CPD -39°3856,2280
1066,-39,5791,CPD -39°3857,9129
1067,-39,5792,CPD -39°3858,11547
1068,-39,5793,CPD -39°3859,12490
1069,-39,5796,CPD -39°3861,17220
1070,-39,5797,CPD -39°3862,19508
1071,-39,5798,CPD -39°3863,7152
1072,-39,5799,CPD -39°3864,10562
1073,-39,5800,CPD -39°3865,4422
1074,-39,5802,CPD -39°3866,9335
1075,-39,5803,CPD -39°3868,22320
1076,-39,5801,CPD -39°3869,18061
1077,-39,5805,CPD -39°3870,16082
1078,-39,5804,CPD -39°3871,19740
1079,-39,5807,CPD -39°3874,23286
1080,-39,5811,CPD -39°3876,3852
1081,-39,5812,CPD -39°3877,5281
1082,-39,5814,CPD -39°3879,10448
1083,-39,5815,CPD -39°3880,1922
1084,-39,5818,CPD -39°3881,3897
1085,-39,5817,CPD -39°3882,22441
1086,-39,5819,CPD -39°3883,29821
1087,-39,5820,CPD -39°3884,11712
1088,-39,5821,CPD -39°3885,15242
1089,-39,5822,CPD -39°3886,24423
1090,-39,5823,CPD -39°3887,24121
1091,-39,5827,CPD -39°3889,30243
1092,-39,5826,CPD -39°3890,28680
1093,-39,5829,CPD -39°3891,11400
1094,-39,5828,CPD -39°3892,8222
1095,-39,5830,CPD -39°3893,4477
1096,-39,5831,CPD -39°3894,23465
1097,-39,5833,CPD -39°3895,8880
1098,-39,5834,CPD -39°3896,6440
1099,-39,5836,CPD -39°3897,8880
1100,-39,5837,CPD -39°3898,10683
1101,-39,5839,CPD -39°3900,14408
1102,-39,5840,CPD -39°3901,7738
1103,-39,5842,CPD -39°3903,7261
1104,-39,5843,CPD -39°3904,6133
1105,-39,5846,CPD -39°3906,5042
1106,-39,5847,CPD -39°3907,16080
1107,-39,5848,CPD -39°3908,8418
1108,-39,5849,CPD -39°3909,4860
1109,-39,5850,CPD -39°3910,4638
1110,-39,5851,CPD -39°3911,26280
1111,-39,5852,CPD -39°3912,9600
1112,-39,5855,CPD -39°3915,21720
1113,-39,5856,CPD -39°3916,6646
1114,-39,5858,CPD -39°3918,9843
1115,-39,5859,CPD -39°3919,3301
1116,-39,5860,CPD -39°3922,12194
1117,-39,5863,CPD -39°3923,7406
1118,-39,5864,CPD -39°3925,14700
1119,-39,5862,CPD -39°3926,12181
1120,-39,5865,CPD -39°3927,6124
1121,-39,5866,CPD -39°3928,14526
1122,-39,5867,CPD -39°3929,5675
1123,-39,5870,CPD -39°3931,3440
1124,-39,5869,CPD -39°3932,7984
1125,-39,5871,CPD -39°3933,9725
1126,-39,5872,CPD -39°3934,25141
1127,-39,5873,CPD -39°3935,13682
1128,-39,5874,CPD -39°3936,17580
1129,-39,5875,CPD -39°3937,3084
1130,-39,5876,CPD -39°3938,5726
1131,-39,5877,CPD -39°3939,28262
1132,-39,5878,CPD -39°3940,22740
1133,-39,5879,CPD -39°3941,3780
1134,-39,5881,CPD -39°3942,9481
1135,-39,5883,CPD -39°3944,16260
1136,-39,5884,CPD -39°3945,5113
1137,-39,5886,CPD -39°3948,15780
1138,-39,5888,CPD -39°3951,11583
1139,-39,5889,CPD -39°3952,3360
1140,-39,5890,CPD -39°3953,23160
1141,-39,5892,CPD -39°3954,4816
1142,-39,5891,CPD -39°3955,12420
1143,-39,5893,CPD -39°3956,4859
1144,-39,5894,CPD -39°3957,6788
1145,-39,5895,CPD -39°3958,18060
1146,-39,5896,CPD -39°3959,9840
1147,-39,5897,CPD -39°3961,12180
1148,-39,5898,CPD -39°3962,13263
1149,-39,5899,CPD -39°3964,6840
1150,-39,5900,CPD -39°3965,21301
1151,-39,5901,CPD -39°3968,7201
1152,-39,5902,CPD -39°3969,10681
1153,-39,5904,CPD -39°3970,11611
1154,-39,5905,CPD -39°3971,6842
1155,-39,5907,CPD -39°3972,9184
1156,-39,5906,CPD -39°3973,16920
1157,-39,5909,CPD -39°3974,6699
1158,-39,5910,CPD -39°3976,5461
1159,-39,5912,CPD -39°3978,14312
1160,-39,5913,CPD -39°3979,6008
1161,-39,5915,CPD -39°3980,22321
1162,-39,5914,CPD -39°3981,11343
1163,-39,5916,CPD -39°3982,3420
1164,-39,5917,CPD -39°3983,20160
1165,-39,5918,CPD -39°3984,10880
1166,-39,5919,CPD -39°3985,19985
1167,-39,5920,CPD -39°3987,12845
1168,-39,5922,CPD -39°3989,7680
1169,-39,5923,CPD -39°3990,12360
1170,-39,5924,CPD -39°3991,13324
1171,-39,5925,CPD -39°3992,8880
1172,-39,5926,CPD -39°3993,15840
1173,-39,5928,CPD -39°3994,24669
1174,-39,5929,CPD -39°3996,32880
1175,-39,5930,CPD -39°3997,31384
1176,-39,5934,CPD -39°3998,5715
1177,-39,5932,CPD -39°3999,5043
1178,-39,5933,CPD -39°4000,27960
1179,-39,5935,CPD -39°4001,32882
1180,-39,5936,CPD -39°4003,23046
1181,-39,5937,CPD -39°4004,24720
1182,-39,5938,CPD -39°4006,20160
1183,-39,5939,CPD -39°4007,16680
1184,-39,5941,CPD -39°4008,9904
1185,-39,5942,CPD -39°4009,13253
1186,-39,5943,CPD -39°4010,6431
1187,-39,5945,CPD -39°4011,10753
1188,-39,5946,CPD -39°4012,11700
1189,-39,5948,CPD -39°4014,22081
1190,-39,5950,CPD -39°4015,5407
1191,-39,5951,CPD -39°4016,6903
1192,-39,5953,CPD -39°4017,2371
1193,-39,5955,CPD -39°4018,9244
1194,-39,5954,CPD -39°4019,4081
1195,-39,5957,CPD -39°4022,23346
1196,-39,5956,CPD -39°4023,3799
1197,-39,5958,CPD -39°4024,11881
1198,-39,5960,CPD -39°4026,27000
1199,-39,5963,CPD -39°4027,29121
1200,-39,5964,CPD -39°4028,3309
1201,-39,5965,CPD -39°4031,7890
1202,-39,5967,CPD -39°4033,19801
1203,-39,5969,CPD -39°4034,18361
1204,-39,5968,CPD -39°4035,6001
1205,-39,5970,CPD -39°4037,8522
1206,-39,5972,CPD -39°4039,23881
1207,-39,5973,CPD -39°4040,5232
1208,-39,5974,CPD -39°4041,14103
1209,-39,5976,CPD -39°4044,25985
1210,-39,5977,CPD -39°4045,18421
1211,-39,5983,CPD -39°4053,1956
1212,-39,6016,CPD -39°4084,4500
1213,-39,6019,CPD -39°4087,3964
1214,-39,6072,CPD -39°4146,2640
1215,-39,6132,CPD -39°4195,35222
1216,-39,6133,CPD -39°4196,35160
1217,-39,6402,CPD -39°4436,3301
1218,-39,6489,CPD -39°4514,1922
1219,-39,6495,CPD -39°4517,3300
1220,-39,6734,CPD -39°4722,6060
1221,-39,7349,CPD -39°5307,7239
1222,-39,7482,CPD -39°5413,2505
1223,-39,7913,CPD -39°5768,2129
1224,-39,8034,CPD -39°5847,6000
1225,-39,8035,CPD -39°5849,9004
1226,-39,8036,CPD -39°5850,3443
1227,-39,8037,CPD -39°5851,4367
1228,-39,8038,CPD -39°5852,7682
1229,-39,8039,CPD -39°5853,26160
1230,-39,8040,CPD -39°5855,8281
1231,-39,8041,CPD -39°5856,15495
1232,-39,8044,CPD -39°5858,4145
1233,-39,8045,CPD -39°5859,21660
1234,-39,8046,CPD -39°5860,11822
1235,-39,8047,CPD -39°5861,13024
1236,-39,8049,CPD -39°5862,20901
1237,-39,8153,CPD -39°5926,5586
1238,-39,8371,CPD -39°6028,16027
1239,-39,8464,CPD -39°6071,2160
1240,-39,8511,CPD -39°6094,12060
1241,-39,8545,CPD -39°6110,4501
1242,-39,9158,CPD -39°6414,6122
1243,-39,9211,CPD -39°6428,2218
1244,-39,9369,CPD -39°6482,2555
1245,-39,9776,CPD -39°6666,9217
1246,-39,9873,CPD -39°6720,22621
1247,-39,10582,CPD -39°7021,2646
1248,-39,10599,CPD -39°7033,2161
1249,-39,10860,CPD -39°7162,2702
1250,-39,10931,CPD -39°7194,17700
1251,-39,10960,CPD -39°7207,2182
1252,-39,11013,CPD -39°7227,11581
1253,-39,11141,CPD -39°7276,6016
1254,-39,11403,CPD -39°7359,3783
1255,-39,11720,CPD -39°7510,27480
1256,-39,11892,CPD -39°7632,2642
1257,-39,11981,CPD -39°7715,3665
1258,-39,12097,CPD -39°7825,2881
1259,-39,12102,CPD -39°7829,1864
1260,-39,12125,CPD -39°7846,6780
1261,-39,12144,CPD -39°7859,3301
1262,-39,12224,CPD -39°7941,2464
1263,-39,13108,CPD -39°8296,2101
1264,-39,13136,CPD -39°8316,2879
1265,-39,13207,CPD -39°8386,3009
1266,-39,13932,CPD -39°8754,17161
1267,-39,14114,CPD -39°8867,2940
1268,-39,14116,CPD -39°8871,14266
1269,-39,14269,CPD -39°8953,2462
1270,-39,14378,CPD -39°9004,3601
1271,-39,14965,CPD -39°9215,7098
1272,-39,15176,CPD -39°9292,3834
